Date,Dollar,Spread,,,,
2013-08-06,81.6,-0.80,,,,
2013-08-07,81.29,-1.06,,,,
2013-08-08,80.98,-1.33,,,,
2013-08-09,81.13,-1.14,,,,
2013-08-12,81.33,-0.91,,,,
2013-08-13,81.77,-0.45,,,,
2013-08-14,81.71,-0.49,,,,
2013-08-15,81.18,-1.02,,,,
2013-08-16,81.26,-0.93,,,,
2013-08-19,81.23,-0.95,,,,
2013-08-20,80.91,-1.27,,,,
2013-08-21,81.21,-0.97,,,,
2013-08-22,81.49,-0.71,,,,
2013-08-23,81.36,-0.85,,,,
2013-08-26,81.41,-0.81,,,,
2013-08-27,81.17,-1.06,,,,
2013-08-28,81.43,-0.80,,,,
2013-08-29,81.95,-0.28,,,,
2013-08-30,82.09,-0.14,,,,
2013-09-02,82.09,-0.13,,,,
2013-09-03,82.36,0.14,,,,
2013-09-04,82.17,-0.03,,,,
2013-09-05,82.63,0.43,,,,
2013-09-06,82.15,-0.03,,,,
2013-09-09,81.79,-0.36,,,,
2013-09-10,81.82,-0.30,,,,
2013-09-11,81.52,-0.56,,,,
2013-09-12,81.49,-0.56,,,,
2013-09-13,81.45,-0.54,,,,
2013-09-16,81.3,-0.63,,,,
2013-09-17,81.14,-0.72,,,,
2013-09-18,80.24,-1.54,,,,
2013-09-19,80.37,-1.37,,,,
2013-09-20,80.43,-1.26,,,,
2013-09-23,80.45,-1.18,,,,
2013-09-24,80.56,-1.04,,,,
2013-09-25,80.33,-1.22,,,,
2013-09-26,80.52,-0.98,,,,
2013-09-27,80.29,-1.16,,,,
2013-09-30,80.22,-1.19,,,,
2013-10-01,80.14,-1.24,,,,
2013-10-02,79.9,-1.43,,,,
2013-10-03,79.75,-1.54,,,,
2013-10-04,80.13,-1.13,,,,
2013-10-07,79.94,-1.28,,,,
2013-10-08,80.06,-1.13,,,,
2013-10-09,80.38,-0.78,,,,
2013-10-10,80.42,-0.71,,,,
2013-10-11,80.41,-0.69,,,,
2013-10-14,80.26,-0.80,,,,
2013-10-15,80.48,-0.56,,,,
2013-10-16,80.47,-0.56,,,,
2013-10-17,79.65,-1.35,,,,
2013-10-18,79.65,-1.32,,,,
2013-10-21,79.69,-1.25,,,,
2013-10-22,79.23,-1.66,,,,
2013-10-23,79.26,-1.58,,,,
2013-10-24,79.19,-1.61,,,,
2013-10-25,79.19,-1.57,,,,
2013-10-28,79.25,-1.47,,,,
2013-10-29,79.61,-1.08,,,,
2013-10-30,79.78,-0.88,,,,
2013-10-31,80.19,-0.45,,,,
2013-11-01,80.72,0.10,,,,
2013-11-04,80.55,-0.06,,,,
2013-11-05,80.71,0.11,,,,
2013-11-06,80.48,-0.10,,,,
2013-11-07,80.84,0.29,,,,
2013-11-08,81.3,0.76,,,,
2013-11-11,81.09,0.57,,,,
2013-11-12,81.19,0.69,,,,
2013-11-13,80.93,0.46,,,,
2013-11-14,81.02,0.58,,,,
2013-11-15,80.85,0.44,,,,
2013-11-18,80.83,0.44,,,,
2013-11-19,80.7,0.33,,,,
2013-11-20,81.11,0.75,,,,
2013-11-21,81.07,0.72,,,,
2013-11-22,80.71,0.37,,,,
2013-11-25,80.92,0.59,,,,
2013-11-26,80.61,0.29,,,,
2013-11-27,80.72,0.39,,,,
2013-11-28,80.72,0.38,,,,
2013-11-29,80.68,0.34,,,,
2013-12-02,80.92,0.57,,,,
2013-12-03,80.92,0.56,,,,
2013-12-04,80.62,0.25,,,,
2013-12-05,80.23,-0.13,,,,
2013-12-06,80.31,-0.05,,,,
2013-12-09,80.13,-0.23,,,,
2013-12-10,79.97,-0.38,,,,
2013-12-11,79.89,-0.46,,,,
2013-12-12,80.21,-0.15,,,,
2013-12-13,80.21,-0.16,,,,
2013-12-16,80.07,-0.30,,,,
2013-12-17,80.06,-0.31,,,,
2013-12-18,80.11,-0.25,,,,
2013-12-19,80.63,0.26,,,,
2013-12-20,80.58,0.21,,,,
2013-12-23,80.45,0.08,,,,
2013-12-24,80.45,0.08,,,,
2013-12-25,80.45,0.08,,,,
2013-12-26,80.48,0.09,,,,
2013-12-27,80.39,-0.01,,,,
2013-12-30,80,-0.41,,,,
2013-12-31,80.03,-0.40,,,,
2014-01-01,80.03,-0.41,,,,
2014-01-02,80.63,0.16,,,,
2014-01-03,80.79,0.29,,,,
2014-01-06,80.65,0.12,,,,
2014-01-07,80.83,0.27,,,,
2014-01-08,81.02,0.44,,,,
2014-01-09,81,0.40,,,,
2014-01-10,80.66,0.06,,,,
2014-01-13,80.51,-0.08,,,,
2014-01-14,80.66,0.07,,,,
2014-01-15,81.03,0.43,,,,
2014-01-16,80.91,0.30,,,,
2014-01-17,81.22,0.62,,,,
2014-01-20,81.22,0.61,,,,
2014-01-21,81.1,0.50,,,,
2014-01-22,81.17,0.56,,,,
2014-01-23,80.44,-0.16,,,,
2014-01-24,80.46,-0.13,,,,
2014-01-27,80.52,-0.06,,,,
2014-01-28,80.57,-0.01,,,,
2014-01-29,80.5,-0.07,,,,
2014-01-30,81.08,0.51,,,,
2014-01-31,81.31,0.73,,,,
2014-02-03,81.01,0.43,,,,
2014-02-04,81.12,0.53,,,,
2014-02-05,81.04,0.44,,,,
2014-02-06,80.91,0.31,,,,
2014-02-07,80.69,0.09,,,,
2014-02-10,80.64,0.04,,,,
2014-02-11,80.64,0.05,,,,
2014-02-12,80.68,0.09,,,,
2014-02-13,80.32,-0.28,,,,
2014-02-14,80.15,-0.44,,,,
2014-02-17,80.14,-0.45,,,,
2014-02-18,80.01,-0.58,,,,
2014-02-19,80.14,-0.46,,,,
2014-02-20,80.29,-0.31,,,,
2014-02-21,80.24,-0.36,,,,
2014-02-24,80.2,-0.40,,,,
2014-02-25,80.14,-0.46,,,,
2014-02-26,80.43,-0.18,,,,
2014-02-27,80.28,-0.32,,,,
2014-02-28,79.69,-0.90,,,,
2014-03-03,80.08,-0.50,,,,
2014-03-04,80.17,-0.40,,,,
2014-03-05,80.11,-0.46,,,,
2014-03-06,79.66,-0.89,,,,
2014-03-07,79.72,-0.82,,,,
2014-03-10,79.77,-0.76,,,,
2014-03-11,79.74,-0.79,,,,
2014-03-12,79.61,-0.91,,,,
2014-03-13,79.62,-0.88,,,,
2014-03-14,79.45,-1.02,,,,
2014-03-17,79.39,-1.06,,,,
2014-03-18,79.41,-1.01,,,,
2014-03-19,80,-0.40,,,,
2014-03-20,80.19,-0.19,,,,
2014-03-21,80.11,-0.26,,,,
2014-03-24,79.93,-0.43,,,,
2014-03-25,79.94,-0.40,,,,
2014-03-26,80.03,-0.29,,,,
2014-03-27,80.11,-0.20,,,,
2014-03-28,80.18,-0.11,,,,
2014-03-31,80.1,-0.16,,,,
2014-04-01,80.09,-0.15,,,,
2014-04-02,80.22,-0.01,,,,
2014-04-03,80.47,0.24,,,,
2014-04-04,80.42,0.19,,,,
2014-04-07,80.23,0.01,,,,
2014-04-08,79.75,-0.45,,,,
2014-04-09,79.48,-0.70,,,,
2014-04-10,79.38,-0.77,,,,
2014-04-11,79.45,-0.66,,,,
2014-04-14,79.73,-0.36,,,,
2014-04-15,79.8,-0.26,,,,
2014-04-16,79.8,-0.23,,,,
2014-04-17,79.83,-0.18,,,,
2014-04-18,79.83,-0.17,,,,
2014-04-21,79.94,-0.04,,,,
2014-04-22,79.91,-0.06,,,,
2014-04-23,79.86,-0.09,,,,
2014-04-24,79.8,-0.14,,,,
2014-04-25,79.75,-0.18,,,,
2014-04-28,79.68,-0.24,,,,
2014-04-29,79.81,-0.11,,,,
2014-04-30,79.47,-0.44,,,,
2014-05-01,79.53,-0.36,,,,
2014-05-02,79.52,-0.36,,,,
2014-05-05,79.49,-0.37,,,,
2014-05-06,79.09,-0.75,,,,
2014-05-07,79.2,-0.62,,,,
2014-05-08,79.36,-0.44,,,,
2014-05-09,79.9,0.10,,,,
2014-05-12,79.9,0.10,,,,
2014-05-13,80.14,0.34,,,,
2014-05-14,80.07,0.27,,,,
2014-05-15,80,0.20,,,,
2014-05-16,80.04,0.23,,,,
2014-05-19,79.99,0.18,,,,
2014-05-20,80.04,0.22,,,,
2014-05-21,80.09,0.26,,,,
2014-05-22,80.25,0.41,,,,
2014-05-23,80.39,0.53,,,,
2014-05-26,80.39,0.51,,,,
2014-05-27,80.35,0.45,,,,
2014-05-28,80.57,0.66,,,,
2014-05-29,80.49,0.57,,,,
2014-05-30,80.37,0.45,,,,
2014-06-02,80.64,0.70,,,,
2014-06-03,80.55,0.60,,,,
2014-06-04,80.66,0.70,,,,
2014-06-05,80.37,0.40,,,,
2014-06-06,80.41,0.44,,,,
2014-06-09,80.65,0.67,,,,
2014-06-10,80.82,0.82,,,,
2014-06-11,80.77,0.76,,,,
2014-06-12,80.58,0.57,,,,
2014-06-13,80.58,0.57,,,,
2014-06-16,80.47,0.45,,,,
2014-06-17,80.63,0.59,,,,
2014-06-18,80.58,0.52,,,,
2014-06-19,80.32,0.24,,,,
2014-06-20,80.37,0.27,,,,
2014-06-23,80.27,0.16,,,,
2014-06-24,80.33,0.21,,,,
2014-06-25,80.22,0.09,,,,
2014-06-26,80.22,0.09,,,,
2014-06-27,80.02,-0.12,,,,
2014-06-30,79.78,-0.35,,,,
2014-07-01,79.81,-0.32,,,,
2014-07-02,79.96,-0.17,,,,
2014-07-03,80.21,0.07,,,,
2014-07-04,80.27,0.12,,,,
2014-07-07,80.22,0.06,,,,
2014-07-08,80.18,0.01,,,,
2014-07-09,79.99,-0.19,,,,
2014-07-10,80.13,-0.06,,,,
2014-07-11,80.19,-0.02,,,,
2014-07-14,80.19,-0.03,,,,
2014-07-15,80.39,0.14,,,,
2014-07-16,80.56,0.29,,,,
2014-07-17,80.5,0.20,,,,
2014-07-18,80.52,0.21,,,,
2014-07-21,80.56,0.24,,,,
2014-07-22,80.78,0.45,,,,
2014-07-23,80.82,0.47,,,,
2014-07-24,80.87,0.50,,,,
2014-07-25,81.03,0.64,,,,
2014-07-28,81.03,0.62,,,,
2014-07-29,81.21,0.78,,,,
2014-07-30,81.43,0.97,,,,
2014-07-31,81.46,0.98,,,,
2014-08-01,81.3,0.80,,,,
2014-08-04,81.33,0.81,,,,
2014-08-05,81.33,0.79,,,,
2014-08-06,81.44,0.88,,,,
2014-08-07,81.52,0.94,,,,
2014-08-08,81.45,0.85,,,,
2014-08-11,81.47,0.86,,,,
2014-08-12,81.5,0.87,,,,
2014-08-13,81.6,0.95,,,,
2014-08-14,81.59,0.91,,,,
2014-08-15,81.42,0.72,,,,
2014-08-18,81.58,0.86,,,,
2014-08-19,81.88,1.14,,,,
2014-08-20,82.23,1.46,,,,
2014-08-21,82.15,1.35,,,,
2014-08-22,82.34,1.51,,,,
2014-08-25,82.55,1.68,,,,
2014-08-26,82.65,1.73,,,,
2014-08-27,82.43,1.48,,,,
2014-08-28,82.48,1.48,,,,
2014-08-29,82.75,1.71,,,,
2014-09-01,82.75,1.66,,,,
2014-09-02,82.99,1.84,,,,
2014-09-03,82.86,1.66,,,,
2014-09-04,83.82,2.55,,,,
2014-09-05,83.74,2.40,,,,
2014-09-08,84.23,2.80,,,,
2014-09-09,84.28,2.76,,,,
2014-09-10,84.28,2.67,,,,
2014-09-11,84.3,2.61,,,,
2014-09-12,84.24,2.47,,,,
2014-09-15,84.26,2.41,,,,
2014-09-16,84.07,2.14,,,,
2014-09-17,84.34,2.32,,,,
2014-09-18,84.32,2.22,,,,
2014-09-19,84.73,2.54,,,,
2014-09-22,84.75,2.47,,,,
2014-09-23,84.66,2.29,,,,
2014-09-24,85.04,2.58,,,,
2014-09-25,85.19,2.64,,,,
2014-09-26,85.64,2.99,,,,
2014-09-29,85.59,2.84,,,,
2014-09-30,85.94,3.08,,,,
2014-10-01,85.97,3.01,,,,
2014-10-02,85.6,2.55,,,,
2014-10-03,86.69,3.52,,,,
2014-10-06,85.93,2.66,,,,
2014-10-07,85.67,2.31,,,,
2014-10-08,85.3,1.87,,,,
2014-10-09,85.52,2.01,,,,
2014-10-10,85.91,2.30,,,,
2014-10-13,85.53,1.84,,,,
2014-10-14,85.82,2.04,,,,
2014-10-15,85.15,1.30,,,,
2014-10-16,84.95,1.03,,,,
2014-10-17,85.11,1.11,,,,
2014-10-20,84.95,0.88,,,,
2014-10-21,85.3,1.16,,,,
2014-10-22,85.74,1.52,,,,
2014-10-23,85.84,1.53,,,,
2014-10-24,85.73,1.33,,,,
2014-10-27,85.5,1.03,,,,
2014-10-28,85.41,0.87,,,,
2014-10-29,85.95,1.33,,,,
2014-10-30,86.15,1.45,,,,
2014-10-31,86.92,2.13,,,,
2014-11-03,87.31,2.42,,,,
2014-11-04,86.98,2.01,,,,
2014-11-05,87.44,2.37,,,,
2014-11-06,88.01,2.83,,,,
2014-11-07,87.64,2.36,,,,
2014-11-10,87.81,2.43,,,,
2014-11-11,87.53,2.06,,,,
2014-11-12,87.82,2.25,,,,
2014-11-13,87.67,2.02,,,,
2014-11-14,87.53,1.81,,,,
2014-11-17,87.93,2.13,,,,
2014-11-18,87.58,1.72,,,,
2014-11-19,87.65,1.72,,,,
2014-11-20,87.59,1.59,,,,
2014-11-21,88.31,2.23,,,,
2014-11-24,88.15,1.99,,,,
2014-11-25,87.92,1.69,,,,
2014-11-26,87.61,1.31,,,,
2014-11-27,87.61,1.24,,,,
2014-11-28,88.36,1.92,,,,
2014-12-01,87.95,1.45,,,,
2014-12-02,88.65,2.07,,,,
2014-12-03,88.96,2.30,,,,
2014-12-04,88.7,1.97,,,,
2014-12-05,89.33,2.53,,,,
2014-12-08,89.04,2.17,,,,
2014-12-09,88.69,1.76,,,,
2014-12-10,88.27,1.30,,,,
2014-12-11,88.66,1.62,,,,
2014-12-12,88.36,1.29,,,,
2014-12-15,88.46,1.34,,,,
2014-12-16,88.12,0.95,,,,
2014-12-17,89.13,1.88,,,,
2014-12-18,89.23,1.91,,,,
2014-12-19,89.6,2.21,,,,
2014-12-22,89.77,2.29,,,,
2014-12-23,90.06,2.50,,,,
2014-12-24,89.97,2.31,,,,
2014-12-25,89.97,2.21,,,,
2014-12-26,90.03,2.17,,,,
2014-12-29,90.19,2.23,,,,
2014-12-30,89.99,1.93,,,,
2014-12-31,90.27,2.12,,,,
2015-01-01,90.27,2.03,,,,
2015-01-02,91.08,2.74,,,,
2015-01-05,91.38,2.92,,,,
2015-01-06,91.5,2.92,,,,
2015-01-07,91.89,3.19,,,,
2015-01-08,92.37,3.54,,,,
2015-01-09,91.94,3.01,,,,
2015-01-12,91.98,2.96,,,,
2015-01-13,92.31,3.18,,,,
2015-01-14,92.16,2.94,,,,
2015-01-15,92.35,3.04,,,,
2015-01-16,92.52,3.12,,,,
2015-01-19,92.52,3.02,,,,
2015-01-20,93.05,3.44,,,,
2015-01-21,92.9,3.19,,,,
2015-01-22,94.08,4.24,,,,
2015-01-23,94.76,4.78,,,,
2015-01-26,94.8,4.68,,,,
2015-01-27,94.02,3.77,,,,
2015-01-28,94.47,4.08,,,,
2015-01-29,94.78,4.25,,,,
2015-01-30,94.8,4.14,,,,
2015-02-02,94.5,3.71,,,,
2015-02-03,93.6,2.70,,,,
2015-02-04,93.99,2.96,,,,
2015-02-05,93.57,2.42,,,,
2015-02-06,95.85,4.55,,,,
2015-02-09,94.45,3.02,,,,
2015-02-10,94.76,3.21,,,,
2015-02-11,94.98,3.31,,,,
2015-02-12,94.09,2.31,,,,
2015-02-13,94.2,2.33,,,,
2015-02-16,94.2,2.22,,,,
2015-02-17,94.06,1.97,,,,
2015-02-18,94.2,2.00,,,,
2015-02-19,94.4,2.08,,,,
2015-02-20,94.34,1.90,,,,
2015-02-23,94.57,2.01,,,,
2015-02-24,94.49,1.80,,,,
2015-02-25,94.21,1.42,,,,
2015-02-26,95.29,2.38,,,,
2015-02-27,95.32,2.30,,,,
2015-03-02,95.46,2.32,,,,
2015-03-03,95.38,2.13,,,,
2015-03-04,95.97,2.60,,,,
2015-03-05,96.38,2.89,,,,
2015-03-06,97.61,3.97,,,,
2015-03-09,97.59,3.80,,,,
2015-03-10,98.62,4.65,,,,
2015-03-11,99.8,5.64,,,,
2015-03-12,99.44,5.10,,,,
2015-03-13,100.33,5.81,,,,
2015-03-16,99.6,4.91,,,,
2015-03-17,99.58,4.73,,,,
2015-03-18,98.55,3.57,,,,
2015-03-19,99.26,4.14,,,,
2015-03-20,97.91,2.67,,,,
2015-03-23,97.03,1.69,,,,
2015-03-24,97.19,1.75,,,,
2015-03-25,96.98,1.44,,,,
2015-03-26,97.44,1.80,,,,
2015-03-27,97.29,1.56,,,,
2015-03-30,97.97,2.13,,,,
2015-03-31,98.36,2.41,,,,
2015-04-01,98.19,2.14,,,,
2015-04-02,97.44,1.32,,,,
2015-04-03,96.55,0.39,,,,
2015-04-06,96.78,0.58,,,,
2015-04-07,97.83,1.56,,,,
2015-04-08,97.94,1.60,,,,
2015-04-09,99.16,2.73,,,,
2015-04-10,99.34,2.82,,,,
2015-04-13,99.49,2.87,,,,
2015-04-14,98.73,2.01,,,,
2015-04-15,98.32,1.51,,,,
2015-04-16,97.42,0.53,,,,
2015-04-17,97.52,0.60,,,,
2015-04-20,97.94,0.95,,,,
2015-04-21,98,0.95,,,,
2015-04-22,97.93,0.82,,,,
2015-04-23,97.28,0.10,,,,
2015-04-24,96.92,-0.31,,,,
2015-04-27,96.77,-0.51,,,,
2015-04-28,96.09,-1.23,,,,
2015-04-29,95.21,-2.13,,,,
2015-04-30,94.6,-2.75,,,,
2015-05-01,95.3,-2.07,,,,
2015-05-04,95.48,-1.91,,,,
2015-05-05,95.08,-2.32,,,,
2015-05-06,94.09,-3.31,,,,
2015-05-07,94.64,-2.74,,,,
2015-05-08,94.79,-2.58,,,,
2015-05-11,95.01,-2.35,,,,
2015-05-12,94.53,-2.82,,,,
2015-05-13,93.62,-3.68,,,,
2015-05-14,93.46,-3.78,,,,
2015-05-15,93.14,-4.01,,,,
2015-05-18,94.22,-2.86,,,,
2015-05-19,95.27,-1.75,,,,
2015-05-20,95.45,-1.48,,,,
2015-05-21,95.25,-1.60,,,,
2015-05-22,96.11,-0.65,,,,
2015-05-25,96.01,-0.68,,,,
2015-05-26,97.3,0.66,,,,
2015-05-27,97.37,0.75,,,,
2015-05-28,96.97,0.40,,,,
2015-05-29,96.91,0.36,,,,
2015-06-01,97.39,0.83,,,,
2015-06-02,95.83,-0.70,,,,
2015-06-03,95.47,-1.03,,,,
2015-06-04,95.46,-1.00,,,,
2015-06-05,96.31,-0.13,,,,
2015-06-08,95.3,-1.09,,,,
2015-06-09,95.17,-1.16,,,,
2015-06-10,94.65,-1.61,,,,
2015-06-11,94.98,-1.23,,,,
2015-06-12,94.97,-1.21,,,,
2015-06-15,94.81,-1.33,,,,
2015-06-16,95,-1.08,,,,
2015-06-17,94.3,-1.71,,,,
2015-06-18,94.04,-1.86,,,,
2015-06-19,94.08,-1.72,,,,
2015-06-22,94.33,-1.37,,,,
2015-06-23,95.43,-0.20,,,,
2015-06-24,95.26,-0.31,,,,
2015-06-25,95.19,-0.33,,,,
2015-06-26,95.47,-0.01,,,,
2015-06-29,94.79,-0.63,,,,
2015-06-30,95.48,0.11,,,,
2015-07-01,96.31,0.97,,,,
2015-07-02,96.11,0.80,,,,
2015-07-03,96.11,0.81,,,,
2015-07-06,96.3,1.01,,,,
2015-07-07,96.86,1.56,,,,
2015-07-08,96.29,0.96,,,,
2015-07-09,96.61,1.24,,,,
2015-07-10,96.03,0.65,,,,
2015-07-13,96.86,1.45,,,,
2015-07-14,96.64,1.20,,,,
2015-07-15,97.17,1.67,,,,
2015-07-16,97.67,2.11,,,,
2015-07-17,97.86,2.24,,,,
2015-07-20,98.03,2.35,,,,
2015-07-21,97.33,1.59,,,,
2015-07-22,97.6,1.78,,,,
2015-07-23,97.11,1.22,,,,
2015-07-24,97.24,1.27,,,,
2015-07-27,96.5,0.48,,,,
2015-07-28,96.77,0.72,,,,
2015-07-29,96.98,0.90,,,,
2015-07-30,97.56,1.43,,,,
2015-07-31,97.34,1.19,,,,
2015-08-03,97.49,1.31,,,,
2015-08-04,97.93,1.74,,,,
2015-08-05,97.96,1.75,,,,
2015-08-06,97.83,1.61,,,,
2015-08-07,97.56,1.32,,,,
2015-08-10,97.16,0.93,,,,
2015-08-11,97.29,1.03,,,,
2015-08-12,96.26,-0.02,,,,
2015-08-13,96.44,0.14,,,,
2015-08-14,96.52,0.22,,,,
2015-08-17,96.81,0.48,,,,
2015-08-18,97.04,0.67,,,,
2015-08-19,96.36,-0.04,,,,
2015-08-20,95.98,-0.44,,,,
2015-08-21,95.01,-1.41,,,,
2015-08-24,93.33,-3.06,,,,
2015-08-25,94.53,-1.85,,,,
2015-08-26,95.1,-1.30,,,,
2015-08-27,95.61,-0.82,,,,
2015-08-28,96.11,-0.36,,,,
2015-08-31,95.82,-0.68,,,,
2015-09-01,95.45,-1.05,,,,
2015-09-02,95.83,-0.68,,,,
2015-09-03,96.41,-0.13,,,,
2015-09-04,96.23,-0.32,,,,
2015-09-07,96.23,-0.35,,,,
2015-09-08,95.98,-0.61,,,,
2015-09-09,96.01,-0.57,,,,
2015-09-10,95.46,-1.11,,,,
2015-09-11,95.19,-1.36,,,,
2015-09-14,95.25,-1.28,,,,
2015-09-15,95.61,-0.90,,,,
2015-09-16,95.42,-1.07,,,,
2015-09-17,94.55,-1.90,,,,
2015-09-18,94.86,-1.57,,,,
2015-09-21,95.89,-0.52,,,,
2015-09-22,96.28,-0.12,,,,
2015-09-23,96.07,-0.31,,,,
2015-09-24,96.69,0.33,,,,
2015-09-25,96.27,-0.06,,,,
2015-09-28,96.03,-0.26,,,,
2015-09-29,95.86,-0.40,,,,
2015-09-30,96.35,0.12,,,,
2015-10-01,96.19,-0.02,,,,
2015-10-02,95.83,-0.35,,,,
2015-10-05,96.11,-0.07,,,,
2015-10-06,95.45,-0.70,,,,
2015-10-07,95.5,-0.62,,,,
2015-10-08,95.32,-0.76,,,,
2015-10-09,94.81,-1.22,,,,
2015-10-12,94.84,-1.13,,,,
2015-10-13,94.76,-1.15,,,,
2015-10-14,93.93,-1.90,,,,
2015-10-15,94.37,-1.39,,,,
2015-10-16,94.54,-1.16,,,,
2015-10-19,94.93,-0.72,,,,
2015-10-20,94.91,-0.70,,,,
2015-10-21,95.03,-0.55,,,,
2015-10-22,96.38,0.80,,,,
2015-10-23,97.13,1.54,,,,
2015-10-26,96.86,1.27,,,,
2015-10-27,96.91,1.32,,,,
2015-10-28,97.78,2.16,,,,
2015-10-29,97.28,1.63,,,,
2015-10-30,96.95,1.27,,,,
2015-11-02,96.93,1.17,,,,
2015-11-03,97.16,1.35,,,,
2015-11-04,97.95,2.08,,,,
2015-11-05,97.94,2.03,,,,
2015-11-06,99.17,3.20,,,,
2015-11-09,98.98,2.94,,,,
2015-11-10,99.29,3.18,,,,
2015-11-11,99.01,2.83,,,,
2015-11-12,98.65,2.43,,,,
2015-11-13,99,2.72,,,,
2015-11-16,99.44,3.10,,,,
2015-11-17,99.63,3.22,,,,
2015-11-18,99.65,3.16,,,,
2015-11-19,98.99,2.43,,,,
2015-11-20,99.56,2.91,,,,
2015-11-23,99.8,3.06,,,,
2015-11-24,99.53,2.71,,,,
2015-11-25,99.8,2.90,,,,
2015-11-26,99.8,2.79,,,,
2015-11-27,100.02,2.91,,,,
2015-11-30,100.17,2.97,,,,
2015-12-01,99.8,2.53,,,,
2015-12-02,99.99,2.64,,,,
2015-12-03,97.62,0.26,,,,
2015-12-04,98.35,0.94,,,,
2015-12-07,98.66,1.20,,,,
2015-12-08,98.47,0.96,,,,
2015-12-09,97.34,-0.19,,,,
2015-12-10,97.94,0.37,,,,
2015-12-11,97.56,-0.04,,,,
2015-12-14,97.6,-0.03,,,,
2015-12-15,98.22,0.53,,,,
2015-12-16,97.87,0.14,,,,
2015-12-17,99.27,1.46,,,,
2015-12-18,98.7,0.81,,,,
2015-12-21,98.36,0.40,,,,
2015-12-22,98.23,0.20,,,,
2015-12-23,98.34,0.22,,,,
2015-12-24,97.98,-0.21,,,,
2015-12-25,97.98,-0.28,,,,
2015-12-28,97.92,-0.40,,,,
2015-12-29,98.1,-0.28,,,,
2015-12-30,98.27,-0.18,,,,
2015-12-31,98.63,0.14,,,,
2016-01-01,98.63,0.11,,,,
2016-01-04,98.87,0.31,,,,
2016-01-05,99.4,0.79,,,,
2016-01-06,99.18,0.54,,,,
2016-01-07,98.22,-0.44,,,,
2016-01-08,98.54,-0.15,,,,
2016-01-11,98.72,-0.01,,,,
2016-01-12,98.97,0.21,,,,
2016-01-13,98.93,0.15,,,,
2016-01-14,99.09,0.29,,,,
2016-01-15,98.96,0.16,,,,
2016-01-18,98.96,0.16,,,,
2016-01-19,98.99,0.20,,,,
2016-01-20,99.09,0.29,,,,
2016-01-21,99.06,0.26,,,,
2016-01-22,99.57,0.75,,,,
2016-01-25,99.36,0.55,,,,
2016-01-26,99.36,0.55,,,,
2016-01-27,98.9,0.11,,,,
2016-01-28,98.51,-0.27,,,,
2016-01-29,99.61,0.83,,,,
2016-02-01,99.01,0.24,,,,
2016-02-02,98.87,0.11,,,,
2016-02-03,97.29,-1.42,,,,
2016-02-04,96.47,-2.17,,,,
2016-02-05,97.03,-1.55,,,,
2016-02-08,96.57,-1.94,,,,
2016-02-09,96.07,-2.36,,,,
2016-02-10,95.89,-2.46,,,,
2016-02-11,95.56,-2.75,,,,
2016-02-12,95.94,-2.32,,,,
2016-02-15,95.98,-2.23,,,,
2016-02-16,96.87,-1.31,,,,
2016-02-17,96.79,-1.37,,,,
2016-02-18,96.95,-1.19,,,,
2016-02-19,96.6,-1.53,,,,
2016-02-22,97.38,-0.74,,,,
2016-02-23,97.48,-0.63,,,,
2016-02-24,97.46,-0.64,,,,
2016-02-25,97.29,-0.77,,,,
2016-02-26,98.15,0.10,,,,
2016-02-29,98.21,0.17,,,,
2016-03-01,98.35,0.30,,,,
2016-03-02,98.21,0.17,,,,
2016-03-03,97.59,-0.45,,,,
2016-03-04,97.34,-0.68,,,,
2016-03-07,97.07,-0.94,,,,
2016-03-08,97.21,-0.78,,,,
2016-03-09,97.17,-0.80,,,,
2016-03-10,96.07,-1.85,,,,
2016-03-11,96.17,-1.70,,,,
2016-03-14,96.62,-1.20,,,,
2016-03-15,96.63,-1.14,,,,
2016-03-16,95.89,-1.81,,,,
2016-03-17,94.76,-2.87,,,,
2016-03-18,95.09,-2.47,,,,
2016-03-21,95.29,-2.20,,,,
2016-03-22,95.65,-1.78,,,,
2016-03-23,96.05,-1.32,,,,
2016-03-24,96.14,-1.17,,,,
2016-03-25,96.14,-1.11,,,,
2016-03-28,95.94,-1.25,,,,
2016-03-29,95.16,-1.96,,,,
2016-03-30,94.84,-2.19,,,,
2016-03-31,94.59,-2.35,,,,
2016-04-01,94.62,-2.22,,,,
2016-04-04,94.51,-2.24,,,,
2016-04-05,94.63,-2.02,,,,
2016-04-06,94.43,-2.13,,,,
2016-04-07,94.48,-2.00,,,,
2016-04-08,94.23,-2.14,,,,
2016-04-11,93.95,-2.32,,,,
2016-04-12,93.96,-2.22,,,,
2016-04-13,94.74,-1.38,,,,
2016-04-14,94.9,-1.19,,,,
2016-04-15,94.7,-1.35,,,,
2016-04-18,94.49,-1.51,,,,
2016-04-19,93.98,-1.98,,,,
2016-04-20,94.49,-1.44,,,,
2016-04-21,94.6,-1.32,,,,
2016-04-22,95.12,-0.78,,,,
2016-04-25,94.84,-1.04,,,,
2016-04-26,94.57,-1.26,,,,
2016-04-27,94.39,-1.39,,,,
2016-04-28,93.76,-1.96,,,,
2016-04-29,93.08,-2.57,,,,
2016-05-02,92.63,-2.92,,,,
2016-05-03,92.94,-2.52,,,,
2016-05-04,93.18,-2.20,,,,
2016-05-05,93.78,-1.53,,,,
2016-05-06,93.89,-1.33,,,,
2016-05-09,94.13,-1.01,,,,
2016-05-10,94.29,-0.77,,,,
2016-05-11,93.82,-1.15,,,,
2016-05-12,94.15,-0.75,,,,
2016-05-13,94.61,-0.24,,,,
2016-05-16,94.57,-0.23,,,,
2016-05-17,94.55,-0.19,,,,
2016-05-18,95.08,0.38,,,,
2016-05-19,95.29,0.60,,,,
2016-05-20,95.33,0.66,,,,
2016-05-23,95.23,0.59,,,,
2016-05-24,95.57,0.95,,,,
2016-05-25,95.35,0.74,,,,
2016-05-26,95.17,0.55,,,,
2016-05-27,95.52,0.89,,,,
2016-05-30,95.52,0.89,,,,
2016-05-31,95.89,1.25,,,,
2016-06-01,95.45,0.83,,,,
2016-06-02,95.56,0.95,,,,
2016-06-03,94.03,-0.54,,,,
2016-06-06,93.9,-0.63,,,,
2016-06-07,93.83,-0.67,,,,
2016-06-08,93.59,-0.89,,,,
2016-06-09,93.95,-0.52,,,,
2016-06-10,94.57,0.11,,,,
2016-06-13,94.36,-0.10,,,,
2016-06-14,94.93,0.46,,,,
2016-06-15,94.61,0.14,,,,
2016-06-16,94.57,0.10,,,,
2016-06-17,94.21,-0.26,,,,
2016-06-20,93.61,-0.86,,,,
2016-06-21,94.02,-0.45,,,,
2016-06-22,93.72,-0.73,,,,
2016-06-23,93.53,-0.89,,,,
2016-06-24,95.45,1.02,,,,
2016-06-27,96.54,2.07,,,,
2016-06-28,96.25,1.73,,,,
2016-06-29,95.77,1.22,,,,
2016-06-30,96.14,1.56,,,,
2016-07-01,95.65,1.06,,,,
2016-07-04,95.65,1.05,,,,
2016-07-05,96.17,1.53,,,,
2016-07-06,96.05,1.38,,,,
2016-07-07,96.33,1.61,,,,
2016-07-08,96.3,1.52,,,,
2016-07-11,96.57,1.71,,,,
2016-07-12,96.44,1.51,,,,
2016-07-13,96.22,1.23,,,,
2016-07-14,96.08,1.04,,,,
2016-07-15,96.58,1.49,,,,
2016-07-18,96.56,1.42,,,,
2016-07-19,97.06,1.86,,,,
2016-07-20,97.2,1.93,,,,
2016-07-21,97,1.68,,,,
2016-07-22,97.47,2.09,,,,
2016-07-25,97.29,1.86,,,,
2016-07-26,97.16,1.67,,,,
2016-07-27,97.05,1.52,,,,
2016-07-28,96.74,1.19,,,,
2016-07-29,95.53,-0.03,,,,
2016-08-01,95.71,0.14,,,,
2016-08-02,95.06,-0.50,,,,
2016-08-03,95.56,0.00,,,,
2016-08-04,95.76,0.19,,,,
2016-08-05,96.19,0.60,,,,
2016-08-08,96.4,0.79,,,,
2016-08-09,96.18,0.57,,,,
2016-08-10,95.65,0.04,,,,
2016-08-11,95.86,0.24,,,,
2016-08-12,95.72,0.07,,,,
2016-08-15,95.63,-0.06,,,,
2016-08-16,94.79,-0.92,,,,
2016-08-17,94.72,-1.01,,,,
2016-08-18,94.16,-1.58,,,,
2016-08-19,94.51,-1.22,,,,
2016-08-22,94.52,-1.22,,,,
2016-08-23,94.54,-1.19,,,,
2016-08-24,94.79,-0.94,,,,
2016-08-25,94.77,-0.97,,,,
2016-08-26,95.57,-0.19,,,,
2016-08-29,95.58,-0.22,,,,
2016-08-30,96.05,0.21,,,,
2016-08-31,96.02,0.13,,,,
2016-09-01,95.65,-0.28,,,,
2016-09-02,95.84,-0.10,,,,
2016-09-05,95.84,-0.09,,,,
2016-09-06,94.82,-1.08,,,,
2016-09-07,94.96,-0.92,,,,
2016-09-08,95.03,-0.83,,,,
2016-09-09,95.34,-0.51,,,,
2016-09-12,95.09,-0.75,,,,
2016-09-13,95.63,-0.20,,,,
2016-09-14,95.33,-0.49,,,,
2016-09-15,95.29,-0.51,,,,
2016-09-16,96.11,0.32,,,,
2016-09-19,95.84,0.06,,,,
2016-09-20,96.02,0.25,,,,
2016-09-21,95.66,-0.10,,,,
2016-09-22,95.45,-0.30,,,,
2016-09-23,95.48,-0.24,,,,
2016-09-26,95.3,-0.40,,,,
2016-09-27,95.44,-0.23,,,,
2016-09-28,95.43,-0.20,,,,
2016-09-29,95.53,-0.07,,,,
2016-09-30,95.46,-0.10,,,,
2016-10-03,95.69,0.16,,,,
2016-10-04,96.17,0.66,,,,
2016-10-05,96.12,0.63,,,,
2016-10-06,96.77,1.28,,,,
2016-10-07,96.63,1.12,,,,
2016-10-10,96.93,1.39,,,,
2016-10-11,97.69,2.10,,,,
2016-10-12,97.97,2.33,,,,
2016-10-13,97.52,1.85,,,,
2016-10-14,98.02,2.31,,,,
2016-10-17,97.89,2.15,,,,
2016-10-18,97.89,2.12,,,,
2016-10-19,97.92,2.10,,,,
2016-10-20,98.31,2.44,,,,
2016-10-21,98.69,2.76,,,,
2016-10-24,98.76,2.77,,,,
2016-10-25,98.72,2.65,,,,
2016-10-26,98.63,2.48,,,,
2016-10-27,98.89,2.65,,,,
2016-10-28,98.35,2.03,,,,
2016-10-31,98.44,2.04,,,,
2016-11-01,97.7,1.24,,,,
2016-11-02,97.4,0.89,,,,
2016-11-03,97.16,0.60,,,,
2016-11-04,97.06,0.47,,,,
2016-11-07,97.78,1.15,,,,
2016-11-08,97.86,1.19,,,,
2016-11-09,98.5,1.78,,,,
2016-11-10,98.78,2.00,,,,
2016-11-11,99.06,2.21,,,,
2016-11-14,100.11,3.18,,,,
2016-11-15,100.23,3.19,,,,
2016-11-16,100.41,3.26,,,,
2016-11-17,100.89,3.62,,,,
2016-11-18,101.21,3.83,,,,
2016-11-21,101.05,3.55,,,,
2016-11-22,101.04,3.43,,,,
2016-11-23,101.7,3.96,,,,
2016-11-24,101.7,3.83,,,,
2016-11-25,101.49,3.52,,,,
2016-11-28,101.33,3.25,,,,
2016-11-29,100.93,2.75,,,,
2016-11-30,101.5,3.20,,,,
2016-12-01,101.04,2.63,,,,
2016-12-02,100.77,2.25,,,,
2016-12-05,100.09,1.48,,,,
2016-12-06,100.49,1.78,,,,
2016-12-07,100.23,1.42,,,,
2016-12-08,101.1,2.18,,,,
2016-12-09,101.59,2.55,,,,
2016-12-12,101.03,1.88,,,,
2016-12-13,101.07,1.82,,,,
2016-12-14,101.76,2.40,,,,
2016-12-15,103.02,3.53,,,,
2016-12-16,102.95,3.34,,,,
2016-12-19,103.14,3.40,,,,
2016-12-20,103.29,3.44,,,,
2016-12-21,103.02,3.07,,,,
2016-12-22,103.09,3.03,,,,
2016-12-23,103.01,2.85,,,,
2016-12-26,103.01,2.75,,,,
2016-12-27,103.02,2.65,,,,
2016-12-28,103.3,2.83,,,,
2016-12-29,102.68,2.12,,,,
2016-12-30,102.21,1.58,,,,
2017-01-02,102.83,2.12,,,,
2017-01-03,103.21,2.41,,,,
2017-01-04,102.7,1.82,,,,
2017-01-05,101.52,0.58,,,,
2017-01-06,102.22,1.21,,,,
2017-01-09,101.93,0.85,,,,
2017-01-10,102.01,0.84,,,,
2017-01-11,101.78,0.52,,,,
2017-01-12,101.35,0.01,,,,
2017-01-13,101.18,-0.24,,,,
2017-01-16,101.18,-0.31,,,,
2017-01-17,100.33,-1.21,,,,
2017-01-18,100.93,-0.66,,,,
2017-01-19,101.15,-0.49,,,,
2017-01-20,100.74,-0.93,,,,
2017-01-23,100.16,-1.51,,,,
2017-01-24,100.35,-1.32,,,,
2017-01-25,100.03,-1.64,,,,
2017-01-26,100.38,-1.28,,,,
2017-01-27,100.53,-1.11,,,,
2017-01-30,100.43,-1.20,,,,
2017-01-31,99.51,-2.09,,,,
2017-02-01,99.64,-1.92,,,,
2017-02-02,99.79,-1.73,,,,
2017-02-03,99.87,-1.62,,,,
2017-02-06,99.91,-1.55,,,,
2017-02-07,100.26,-1.19,,,,
2017-02-08,100.28,-1.14,,,,
2017-02-09,100.65,-0.76,,,,
2017-02-10,100.8,-0.61,,,,
2017-02-13,100.96,-0.47,,,,
2017-02-14,101.25,-0.20,,,,
2017-02-15,101.18,-0.29,,,,
2017-02-16,100.44,-1.01,,,,
2017-02-17,100.95,-0.49,,,,
2017-02-20,100.95,-0.49,,,,
2017-02-21,101.37,-0.07,,,,
2017-02-22,101.22,-0.21,,,,
2017-02-23,101.05,-0.34,,,,
2017-02-24,101.09,-0.27,,,,
2017-02-27,101.13,-0.19,,,,
2017-02-28,101.12,-0.15,,,,
2017-03-01,101.78,0.53,,,,
2017-03-02,102.2,0.97,,,,
2017-03-03,101.54,0.34,,,,
2017-03-06,101.64,0.47,,,,
2017-03-07,101.81,0.66,,,,
2017-03-08,102.07,0.94,,,,
2017-03-09,101.85,0.74,,,,
2017-03-10,101.25,0.16,,,,
2017-03-13,101.31,0.25,,,,
2017-03-14,101.7,0.67,,,,
2017-03-15,100.74,-0.25,,,,
2017-03-16,100.36,-0.61,,,,
2017-03-17,100.3,-0.63,,,,
2017-03-20,100.41,-0.49,,,,
2017-03-21,99.81,-1.04,,,,
2017-03-22,99.68,-1.13,,,,
2017-03-23,99.76,-1.02,,,,
2017-03-24,99.63,-1.12,,,,
2017-03-27,99.17,-1.54,,,,
2017-03-28,99.71,-0.99,,,,
2017-03-29,100,-0.68,,,,
2017-03-30,100.41,-0.25,,,,
2017-03-31,100.35,-0.31,,,,
2017-04-03,100.54,-0.12,,,,
2017-04-04,100.54,-0.13,,,,
2017-04-05,100.56,-0.12,,,,
2017-04-06,100.67,-0.01,,,,
2017-04-07,101.18,0.48,,,,
2017-04-10,101.02,0.31,,,,
2017-04-11,100.71,-0.02,,,,
2017-04-12,100.78,0.02,,,,
2017-04-13,100.56,-0.21,,,,
2017-04-14,100.56,-0.22,,,,
2017-04-17,100.29,-0.50,,,,
2017-04-18,99.5,-1.28,,,,
2017-04-19,99.74,-1.03,,,,
2017-04-20,99.78,-0.97,,,,
2017-04-21,99.98,-0.75,,,,
2017-04-24,99.09,-1.60,,,,
2017-04-25,98.78,-1.87,,,,
2017-04-26,99.05,-1.55,,,,
2017-04-27,99.08,-1.50,,,,
2017-04-28,99.05,-1.49,,,,
2017-05-01,99.08,-1.42,,,,
2017-05-02,98.98,-1.47,,,,
2017-05-03,99.21,-1.20,,,,
2017-05-04,98.8,-1.57,,,,
2017-05-05,98.65,-1.67,,,,
2017-05-08,99.06,-1.22,,,,
2017-05-09,99.66,-0.59,,,,
2017-05-10,99.67,-0.54,,,,
2017-05-11,99.62,-0.53,,,,
2017-05-12,99.25,-0.86,,,,
2017-05-15,98.91,-1.14,,,,
2017-05-16,98.11,-1.87,,,,
2017-05-17,97.58,-2.31,,,,
2017-05-18,97.88,-1.93,,,,
2017-05-19,97.14,-2.59,,,,
2017-05-22,96.98,-2.66,,,,
2017-05-23,97.35,-2.20,,,,
2017-05-24,97.24,-2.24,,,,
2017-05-25,97.25,-2.17,,,,
2017-05-26,97.44,-1.93,,,,
2017-05-29,97.44,-1.87,,,,
2017-05-30,97.28,-1.97,,,,
2017-05-31,96.92,-2.28,,,,
2017-06-01,97.2,-1.95,,,,
2017-06-02,96.72,-2.37,,,,
2017-06-05,96.8,-2.24,,,,
2017-06-06,96.64,-2.34,,,,
2017-06-07,96.75,-2.17,,,,
2017-06-08,96.92,-1.93,,,,
2017-06-09,97.27,-1.52,,,,
2017-06-12,97.14,-1.58,,,,
2017-06-13,96.97,-1.68,,,,
2017-06-14,96.94,-1.63,,,,
2017-06-15,97.43,-1.08,,,,
2017-06-16,97.16,-1.27,,,,
2017-06-19,97.55,-0.81,,,,
2017-06-20,97.76,-0.54,,,,
2017-06-21,97.56,-0.68,,,,
2017-06-22,97.59,-0.59,,,,
2017-06-23,97.26,-0.85,,,,
2017-06-26,97.43,-0.62,,,,
2017-06-27,96.39,-1.60,,,,
2017-06-28,96.01,-1.91,,,,
2017-06-29,95.63,-2.20,,,,
2017-06-30,95.63,-2.12,,,,
2017-07-03,96.22,-1.47,,,,
2017-07-04,96.22,-1.42,,,,
2017-07-05,96.29,-1.29,,,,
2017-07-06,95.8,-1.72,,,,
2017-07-07,96.01,-1.45,,,,
2017-07-10,96.02,-1.37,,,,
2017-07-11,95.67,-1.66,,,,
2017-07-12,95.76,-1.50,,,,
2017-07-13,95.73,-1.47,,,,
2017-07-14,95.15,-1.98,,,,
2017-07-17,95.13,-1.92,,,,
2017-07-18,94.6,-2.35,,,,
2017-07-19,94.78,-2.07,,,,
2017-07-20,94.31,-2.43,,,,
2017-07-21,93.86,-2.78,,,,
2017-07-24,93.98,-2.56,,,,
2017-07-25,94.05,-2.41,,,,
2017-07-26,93.67,-2.71,,,,
2017-07-27,93.86,-2.44,,,,
2017-07-28,93.26,-2.96,,,,
2017-07-31,92.86,-3.28,,,,
2017-08-01,93.04,-3.01,,,,
2017-08-02,92.84,-3.12,,,,
2017-08-03,92.84,-3.04,,,,
2017-08-04,93.54,-2.26,,,,
2017-08-07,93.43,-2.29,,,,
2017-08-08,93.65,-1.99,,,,
2017-08-09,93.55,-2.03,,,,
2017-08-10,93.4,-2.10,,,,
2017-08-11,93.07,-2.36,,,,
2017-08-14,93.41,-1.95,,,,
2017-08-15,93.85,-1.45,,,,
2017-08-16,93.54,-1.70,,,,
2017-08-17,93.62,-1.55,,,,
2017-08-18,93.43,-1.67,,,,
2017-08-21,93.09,-1.93,,,,
2017-08-22,93.55,-1.40,,,,
2017-08-23,93.15,-1.72,,,,
2017-08-24,93.28,-1.51,,,,
2017-08-25,92.74,-1.96,,,,
2017-08-28,92.21,-2.38,,,,
2017-08-29,92.25,-2.23,,,,
2017-08-30,92.88,-1.51,,,,
2017-08-31,92.67,-1.62,,,,
2017-09-01,92.81,-1.39,,,,
2017-09-04,92.64,-1.47,,,,
2017-09-05,92.25,-1.77,,,,
2017-09-06,92.29,-1.66,,,,
2017-09-07,91.66,-2.21,,,,
2017-09-08,91.35,-2.44,,,,
2017-09-11,91.9,-1.80,,,,
2017-09-12,91.88,-1.73,,,,
2017-09-13,92.52,-1.02,,,,
2017-09-14,92.12,-1.34,,,,
2017-09-15,91.87,-1.51,,,,
2017-09-18,92.05,-1.25,,,,
2017-09-19,91.79,-1.43,,,,
2017-09-20,92.51,-0.65,,,,
2017-09-21,92.19,-0.90,,,,
2017-09-22,92.17,-0.86,,,,
2017-09-25,92.65,-0.33,,,,
2017-09-26,92.97,0.02,,,,
2017-09-27,93.36,0.44,,,,
2017-09-28,93.08,0.19,,,,
2017-09-29,93.08,0.20,,,,
2017-10-02,93.56,0.69,,,,
2017-10-03,93.57,0.71,,,,
2017-10-04,93.46,0.61,,,,
2017-10-05,93.96,1.10,,,,
2017-10-06,93.8,0.93,,,,
2017-10-09,93.67,0.79,,,,
2017-10-10,93.29,0.40,,,,
2017-10-11,93.02,0.13,,,,
2017-10-12,93.06,0.16,,,,
2017-10-13,93.09,0.20,,,,
2017-10-16,93.31,0.42,,,,
2017-10-17,93.51,0.63,,,,
2017-10-18,93.36,0.48,,,,
2017-10-19,93.16,0.29,,,,
2017-10-20,93.7,0.81,,,,
2017-10-23,93.94,1.04,,,,
2017-10-24,93.77,0.87,,,,
2017-10-25,93.71,0.81,,,,
2017-10-26,94.61,1.69,,,,
2017-10-27,94.92,1.97,,,,
2017-10-30,94.56,1.58,,,,
2017-10-31,94.55,1.55,,,,
2017-11-01,94.81,1.78,,,,
2017-11-02,94.69,1.63,,,,
2017-11-03,94.94,1.84,,,,
2017-11-06,94.76,1.61,,,,
2017-11-07,94.91,1.70,,,,
2017-11-08,94.87,1.62,,,,
2017-11-09,94.44,1.16,,,,
2017-11-10,94.39,1.08,,,,
2017-11-13,94.49,1.14,,,,
2017-11-14,93.83,0.45,,,,
2017-11-15,93.81,0.40,,,,
2017-11-16,93.93,0.47,,,,
2017-11-17,93.66,0.15,,,,
2017-11-20,94.08,0.53,,,,
2017-11-21,93.95,0.36,,,,
2017-11-22,93.22,-0.38,,,,
2017-11-23,93.22,-0.41,,,,
2017-11-24,92.78,-0.86,,,,
2017-11-27,92.9,-0.76,,,,
2017-11-28,93.27,-0.42,,,,
2017-11-29,93.16,-0.54,,,,
2017-11-30,93.05,-0.67,,,,
2017-12-01,92.89,-0.85,,,,
2017-12-04,93.19,-0.56,,,,
2017-12-05,93.38,-0.37,,,,
2017-12-06,93.61,-0.15,,,,
2017-12-07,93.8,0.03,,,,
2017-12-08,93.9,0.11,,,,
2017-12-11,93.87,0.07,,,,
2017-12-12,94.1,0.29,,,,
2017-12-13,93.43,-0.38,,,,
2017-12-14,93.49,-0.31,,,,
2017-12-15,93.93,0.13,,,,
2017-12-18,93.69,-0.11,,,,
2017-12-19,93.44,-0.36,,,,
2017-12-20,93.31,-0.50,,,,
2017-12-21,93.28,-0.53,,,,
2017-12-22,93.35,-0.47,,,,
2017-12-25,93.35,-0.47,,,,
2017-12-26,93.26,-0.55,,,,
2017-12-27,93.03,-0.78,,,,
2017-12-28,92.6,-1.20,,,,
2017-12-29,92.12,-1.64,,,,
2017-12-31,92.28,-1.45,,,,
2018-01-01,92.25,-1.45,,,,
2018-01-02,91.87,-1.79,,,,
2018-01-03,92.16,-1.46,,,,
2018-01-04,91.85,-1.70,,,,
2018-01-05,91.95,-1.55,,,,
2018-01-08,92.36,-1.10,,,,
2018-01-09,92.53,-0.88,,,,
2018-01-10,92.33,-1.04,,,,
2018-01-11,91.85,-1.45,,,,
2018-01-12,90.97,-2.26,,,,
2018-01-15,90.97,-2.18,,,,
2018-01-16,90.39,-2.67,,,,
2018-01-17,90.54,-2.44,,,,
2018-01-18,90.5,-2.40,,,,
2018-01-19,90.57,-2.26,,,,
2018-01-22,90.4,-2.36,,,,
2018-01-23,90.12,-2.56,,,,
2018-01-24,89.21,-3.38,,,,
2018-01-25,89.39,-3.11,,,,
2018-01-26,89.07,-3.33,,,,
2018-01-29,89.31,-3.00,,,,
2018-01-30,89.16,-3.07,,,,
2018-01-31,89.13,-3.02,,,,
2018-02-01,88.67,-3.39,,,,
2018-02-02,89.19,-2.80,,,,
2018-02-05,89.55,-2.37,,,,
2018-02-06,89.58,-2.26,,,,
2018-02-07,90.25,-1.54,,,,
2018-02-08,90.23,-1.51,,,,
2018-02-09,90.44,-1.24,,,,
2018-02-12,90.21,-1.41,,,,
2018-02-13,89.7,-1.84,,,,
2018-02-14,89.12,-2.32,,,,
2018-02-15,88.59,-2.75,,,,
2018-02-16,89.1,-2.14,,,,
2018-02-19,89.1,-2.04,,,,
2018-02-20,89.72,-1.35,,,,
2018-02-21,90,-1.00,,,,
2018-02-22,89.74,-1.18,,,,
2018-02-23,89.88,-0.96,,,,
2018-02-26,89.85,-0.92,,,,
2018-02-27,90.36,-0.35,,,,
2018-02-28,90.61,-0.05,,,,
2018-03-01,90.32,-0.27,,,,
2018-03-02,89.94,-0.59,,,,
2018-03-05,90.08,-0.38,,,,
2018-03-06,89.62,-0.77,,,,
2018-03-07,89.64,-0.70,,,,
2018-03-08,90.18,-0.12,,,,
2018-03-09,90.09,-0.16,,,,
2018-03-12,89.89,-0.32,,,,
2018-03-13,89.66,-0.50,,,,
2018-03-14,89.7,-0.41,,,,
2018-03-15,90.14,0.06,,,,
2018-03-16,90.23,0.19,,,,
2018-03-19,89.77,-0.22,,,,
2018-03-20,90.37,0.42,,,,
2018-03-21,89.78,-0.12,,,,
2018-03-22,89.86,0.00,,,,
2018-03-23,89.48,-0.35,,,,
2018-03-26,89.03,-0.76,,,,
2018-03-27,89.33,-0.44,,,,
2018-03-28,90.06,0.30,,,,
2018-03-29,90.15,0.40,,,,
2018-03-30,89.97,0.23,,,,
2018-04-02,90.05,0.32,,,,
2018-04-03,90.2,0.47,,,,
2018-04-04,90.14,0.39,,,,
2018-04-05,90.46,0.69,,,,
2018-04-06,90.11,0.32,,,,
2018-04-09,89.84,0.03,,,,
2018-04-10,89.59,-0.22,,,,
2018-04-11,89.57,-0.25,,,,
2018-04-12,89.75,-0.09,,,,
2018-04-13,89.8,-0.06,,,,
2018-04-16,89.42,-0.43,,,,
2018-04-17,89.52,-0.33,,,,
2018-04-18,89.62,-0.22,,,,
2018-04-19,89.94,0.11,,,,
2018-04-20,90.32,0.49,,,,
2018-04-23,90.95,1.10,,,,
2018-04-24,90.77,0.90,,,,
2018-04-25,91.17,1.26,,,,
2018-04-26,91.56,1.59,,,,
2018-04-27,91.54,1.52,,,,
2018-04-30,91.84,1.77,,,,
2018-05-01,92.45,2.32,,,,
2018-05-02,92.51,2.33,,,,
2018-05-03,92.41,2.18,,,,
2018-05-04,92.57,2.29,,,,
2018-05-07,92.75,2.41,,,,
2018-05-08,93.12,2.72,,,,
2018-05-09,93.04,2.59,,,,
2018-05-10,92.65,2.16,,,,
2018-05-11,92.54,2.00,,,,
2018-05-14,92.59,2.00,,,,
2018-05-15,93.22,2.55,,,,
2018-05-16,93.39,2.65,,,,
2018-05-17,93.47,2.66,,,,
2018-05-18,93.64,2.76,,,,
2018-05-21,93.68,2.73,,,,
2018-05-22,93.61,2.58,,,,
2018-05-23,94,2.88,,,,
2018-05-24,93.76,2.57,,,,
2018-05-25,94.19,2.92,,,,
2018-05-28,94.19,2.83,,,,
2018-05-29,94.83,3.38,,,,
2018-05-30,94.15,2.61,,,,
2018-05-31,93.98,2.36,,,,
2018-06-01,94.19,2.48,,,,
2018-06-04,94.02,2.21,,,,
2018-06-05,93.9,2.00,,,,
2018-06-06,93.66,1.68,,,,
2018-06-07,93.4,1.36,,,,
2018-06-08,93.55,1.44,,,,
2018-06-11,93.58,1.40,,,,
2018-06-12,93.8,1.55,,,,
2018-06-13,93.71,1.38,,,,
2018-06-14,94.77,2.36,,,,
2018-06-15,94.79,2.28,,,,
2018-06-18,94.8,2.19,,,,
2018-06-19,95.08,2.36,,,,
2018-06-20,95.06,2.23,,,,
2018-06-21,94.74,1.82,,,,
2018-06-22,94.52,1.50,,,,
2018-06-25,94.28,1.16,,,,
2018-06-26,94.66,1.44,,,,
2018-06-27,95.27,1.94,,,,
2018-06-28,95.39,1.95,,,,
2018-06-29,94.64,1.11,,,,
2018-07-02,95.03,1.42,,,,
2018-07-03,94.67,0.98,,,,
2018-07-04,94.67,0.91,,,,
2018-07-05,94.47,0.65,,,,
2018-07-06,94.04,0.17,,,,
2018-07-09,94.08,0.17,,,,
2018-07-10,94.15,0.21,,,,
2018-07-11,94.72,0.73,,,,
2018-07-12,94.81,0.77,,,,
2018-07-13,94.75,0.67,,,,
2018-07-16,94.51,0.39,,,,
2018-07-17,94.94,0.79,,,,
2018-07-18,95.08,0.89,,,,
2018-07-19,95.15,0.91,,,,
2018-07-20,94.45,0.17,,,,
2018-07-23,94.67,0.35,,,,
2018-07-24,94.61,0.26,,,,
2018-07-25,94.36,-0.01,,,,
2018-07-26,94.75,0.36,,,,
2018-07-27,94.67,0.25,,,,
2018-07-30,94.32,-0.11,,,,
2018-07-31,94.49,0.04,,,,
2018-08-01,94.62,0.16,,,,
2018-08-02,95.16,0.67,,,,
2018-08-03,95.14,0.63,,,,
2018-08-06,95.36,0.83,,,,
2018-08-07,95.22,0.68,,,,
2018-08-08,95.05,0.50,,,,
2018-08-09,95.5,0.91,,,,
2018-08-10,96.36,1.73,,,,
2018-08-13,96.39,1.71,,,,
2018-08-14,96.73,2.00,,,,
2018-08-15,96.7,1.91,,,,
2018-08-16,96.64,1.78,,,,
2018-08-17,96.1,1.19,,,,
2018-08-20,95.9,0.94,,,,
2018-08-21,95.26,0.28,,,,
2018-08-22,95.15,0.14,,,,
2018-08-23,95.67,0.64,,,,
2018-08-24,95.15,0.11,,,,
2018-08-27,94.78,-0.26,,,,
2018-08-28,94.72,-0.31,,,,
2018-08-29,94.6,-0.42,,,,
2018-08-30,94.72,-0.30,,,,
2018-08-31,95.14,0.11,,,,
2018-09-03,95.14,0.09,,,,
2018-09-04,95.44,0.37,,,,
2018-09-05,95.18,0.12,,,,
2018-09-06,95.02,-0.04,,,,
2018-09-07,95.36,0.29,,,,
2018-09-10,95.15,0.08,,,,
2018-09-11,95.25,0.16,,,,
2018-09-12,94.8,-0.29,,,,
2018-09-13,94.52,-0.57,,,,
2018-09-14,94.93,-0.18,,,,
2018-09-17,94.5,-0.62,,,,
2018-09-18,94.64,-0.49,,,,
2018-09-19,94.54,-0.58,,,,
2018-09-20,93.91,-1.19,,,,
2018-09-21,94.22,-0.87,,,,
2018-09-24,94.19,-0.90,,,,
2018-09-25,94.13,-0.94,,,,
2018-09-26,94.19,-0.86,,,,
2018-09-27,94.89,-0.16,,,,
2018-09-28,95.13,0.07,,,,
2018-10-01,95.3,0.23,,,,
2018-10-02,95.51,0.42,,,,
2018-10-03,95.76,0.64,,,,
2018-10-04,95.75,0.61,,,,
2018-10-05,95.62,0.46,,,,
2018-10-08,95.76,0.57,,,,
2018-10-09,95.67,0.46,,,,
2018-10-10,95.51,0.28,,,,
2018-10-11,95.02,-0.21,,,,
2018-10-12,95.22,-0.01,,,,
2018-10-15,95.06,-0.16,,,,
2018-10-16,95.05,-0.17,,,,
2018-10-17,95.58,0.35,,,,
2018-10-18,95.9,0.66,,,,
2018-10-19,95.71,0.49,,,,
2018-10-22,96.01,0.79,,,,
2018-10-23,95.96,0.76,,,,
2018-10-24,96.43,1.23,,,,
2018-10-25,96.68,1.48,,,,
2018-10-26,96.36,1.16,,,,
2018-10-29,96.58,1.36,,,,
2018-10-30,97.01,1.76,,,,
2018-10-31,97.13,1.84,,,,
2018-11-01,96.28,0.98,,,,
2018-11-02,96.54,1.21,,,,
2018-11-05,96.28,0.92,,,,
2018-11-06,96.32,0.93,,,,
2018-11-07,96,0.58,,,,
2018-11-08,96.72,1.26,,,,
2018-11-09,96.91,1.41,,,,
2018-11-12,97.54,2.00,,,,
2018-11-13,97.3,1.72,,,,
2018-11-14,96.8,1.19,,,,
2018-11-15,96.93,1.28,,,,
2018-11-16,96.47,0.80,,,,
2018-11-19,96.19,0.50,,,,
2018-11-20,96.84,1.11,,,,
2018-11-21,96.71,0.95,,,,
2018-11-22,96.71,0.90,,,,
2018-11-23,96.92,1.07,,,,
2018-11-26,97.07,1.17,,,,
2018-11-27,97.37,1.42,,,,
2018-11-28,96.79,0.79,,,,
2018-11-29,96.78,0.72,,,,
2018-11-30,97.27,1.15,,,,
2018-12-03,97.04,0.87,,,,
2018-12-04,96.97,0.74,,,,
2018-12-05,97.07,0.78,,,,
2018-12-06,96.81,0.48,,,,
2018-12-07,96.51,0.16,,,,
2018-12-10,97.22,0.83,,,,
2018-12-11,97.39,0.96,,,,
2018-12-12,97.04,0.58,,,,
2018-12-13,97.06,0.58,,,,
2018-12-14,97.44,0.92,,,,
2018-12-17,97.1,0.55,,,,
2018-12-18,97.1,0.53,,,,
2018-12-19,97.03,0.43,,,,
2018-12-20,96.28,-0.35,,,,
2018-12-21,96.96,0.30,,,,
2018-12-24,96.55,-0.14,,,,
2018-12-25,96.55,-0.17,,,,
2018-12-26,97.05,0.30,,,,
2018-12-27,96.48,-0.29,,,,
2018-12-28,96.4,-0.38,,,,
2018-12-31,96.17,-0.61,,,,
2019-01-01,96.17,-0.62,,,,
2019-01-02,96.82,0.03,,,,
2019-01-03,96.31,-0.48,,,,
2019-01-04,96.18,-0.60,,,,
2019-01-07,95.67,-1.10,,,,
2019-01-08,95.9,-0.84,,,,
2019-01-09,95.22,-1.48,,,,
2019-01-10,95.54,-1.15,,,,
2019-01-11,95.67,-1.00,,,,
2019-01-14,95.61,-1.05,,,,
2019-01-15,96.04,-0.61,,,,
2019-01-16,96.06,-0.59,,,,
2019-01-17,96.06,-0.58,,,,
2019-01-18,96.34,-0.29,,,,
2019-01-21,96.34,-0.27,,,,
2019-01-22,96.3,-0.29,,,,
2019-01-23,96.12,-0.45,,,,
2019-01-24,96.6,0.03,,,,
2019-01-25,95.79,-0.76,,,,
2019-01-28,95.75,-0.79,,,,
2019-01-29,95.82,-0.70,,,,
2019-01-30,95.34,-1.16,,,,
2019-01-31,95.58,-0.89,,,,
2019-02-01,95.58,-0.87,,,,
2019-02-04,95.85,-0.57,,,,
2019-02-05,96.07,-0.33,,,,
2019-02-06,96.39,0.00,,,,
2019-02-07,96.51,0.13,,,,
2019-02-08,96.64,0.27,,,,
2019-02-11,97.06,0.69,,,,
2019-02-12,96.71,0.34,,,,
2019-02-13,97.13,0.76,,,,
2019-02-14,96.98,0.61,,,,
2019-02-15,96.9,0.52,,,,
2019-02-18,96.9,0.53,,,,
2019-02-19,96.52,0.17,,,,
2019-02-20,96.45,0.11,,,,
2019-02-21,96.61,0.28,,,,
2019-02-22,96.51,0.20,,,,
2019-02-25,96.41,0.11,,,,
2019-02-26,96,-0.28,,,,
2019-02-27,96.15,-0.11,,,,
2019-02-28,96.16,-0.10,,,,
2019-03-01,96.53,0.28,,,,
2019-03-04,96.68,0.43,,,,
2019-03-05,96.87,0.61,,,,
2019-03-06,96.87,0.61,,,,
2019-03-07,97.67,1.39,,,,
2019-03-08,97.31,1.01,,,,
2019-03-11,97.22,0.90,,,,
2019-03-12,96.94,0.61,,,,
2019-03-13,96.55,0.22,,,,
2019-03-14,96.78,0.44,,,,
2019-03-15,96.59,0.24,,,,
2019-03-18,96.52,0.16,,,,
2019-03-19,96.38,0.01,,,,
2019-03-20,95.76,-0.62,,,,
2019-03-21,96.5,0.10,,,,
2019-03-22,96.65,0.23,,,,
2019-03-25,96.57,0.13,,,,
2019-03-26,96.74,0.28,,,,
2019-03-27,96.77,0.30,,,,
2019-03-28,97.2,0.71,,,,
2019-03-29,97.28,0.77,,,,
2019-04-01,97.23,0.70,,,,
2019-04-02,97.36,0.81,,,,
2019-04-03,97.09,0.52,,,,
2019-04-04,97.31,0.73,,,,
2019-04-05,97.39,0.77,,,,
2019-04-08,97.05,0.41,,,,
2019-04-09,97.01,0.34,,,,
2019-04-10,96.95,0.25,,,,
2019-04-11,97.18,0.45,,,,
2019-04-12,96.97,0.21,,,,
2019-04-15,96.94,0.16,,,,
2019-04-16,97.04,0.24,,,,
2019-04-17,97.01,0.20,,,,
2019-04-18,97.47,0.64,,,,
2019-04-19,97.38,0.53,,,,
2019-04-22,97.29,0.44,,,,
2019-04-23,97.64,0.77,,,,
2019-04-24,98.17,1.28,,,,
2019-04-25,98.2,1.29,,,,
2019-04-26,98.01,1.07,,,,
2019-04-29,97.86,0.91,,,,
2019-04-30,97.48,0.51,,,,
2019-05-01,97.69,0.69,,,,
2019-05-02,97.83,0.81,,,,
2019-05-03,97.52,0.48,,,,
2019-05-06,97.52,0.45,,,,
2019-05-07,97.63,0.53,,,,
2019-05-08,97.62,0.49,,,,
2019-05-09,97.37,0.22,,,,
2019-05-10,97.33,0.16,,,,
2019-05-13,97.32,0.14,,,,
2019-05-14,97.53,0.34,,,,
2019-05-15,97.57,0.36,,,,
2019-05-16,97.86,0.65,,,,
2019-05-17,98,0.77,,,,
2019-05-20,97.93,0.69,,,,
2019-05-21,98.06,0.80,,,,
2019-05-22,98.04,0.75,,,,
2019-05-23,97.86,0.55,,,,
2019-05-24,97.61,0.28,,,,
2019-05-27,97.61,0.25,,,,
2019-05-28,97.95,0.56,,,,
2019-05-29,98.14,0.71,,,,
2019-05-30,98.14,0.67,,,,
2019-05-31,97.75,0.26,,,,
2019-06-03,97.14,-0.36,,,,
2019-06-04,97.07,-0.44,,,,
2019-06-05,97.32,-0.20,,,,
2019-06-06,97.04,-0.48,,,,
2019-06-07,96.54,-0.96,,,,
2019-06-10,96.76,-0.73,,,,
2019-06-11,96.69,-0.79,,,,
2019-06-12,97,-0.48,,,,
2019-06-13,97.01,-0.46,,,,
2019-06-14,97.57,0.10,,,,
2019-06-17,97.56,0.08,,,,
2019-06-18,97.64,0.14,,,,
2019-06-19,97.12,-0.38,,,,
2019-06-20,96.63,-0.86,,,,
2019-06-21,96.22,-1.25,,,,
2019-06-24,95.98,-1.47,,,,
2019-06-25,96.14,-1.30,,,,
2019-06-26,96.21,-1.21,,,,
2019-06-27,96.19,-1.20,,,,
2019-06-28,96.13,-1.24,,,,
2019-07-01,96.84,-0.52,,,,
2019-07-02,96.73,-0.61,,,,
2019-07-03,96.77,-0.54,,,,
2019-07-04,96.77,-0.52,,,,
2019-07-05,97.29,0.02,,,,
2019-07-08,97.38,0.12,,,,
2019-07-09,97.49,0.23,,,,
2019-07-10,97.1,-0.15,,,,
2019-07-11,97.05,-0.18,,,,
2019-07-12,96.81,-0.41,,,,
2019-07-15,96.93,-0.28,,,,
2019-07-16,97.39,0.19,,,,
2019-07-17,97.22,0.02,,,,
2019-07-18,96.79,-0.39,,,,
2019-07-19,97.15,-0.03,,,,
2019-07-22,97.26,0.08,,,,
2019-07-23,97.7,0.52,,,,
2019-07-24,97.73,0.54,,,,
2019-07-25,97.82,0.63,,,,
2019-07-26,98.01,0.82,,,,
2019-07-29,98.04,0.85,,,,
2019-07-30,98.05,0.86,,,,
2019-07-31,98.52,1.32,,,,
2019-08-01,98.37,1.16,,,,
2019-08-02,98.07,0.85,,,,
2019-08-05,97.52,0.31,,,,
2019-08-06,97.63,0.42,,,,
2019-08-07,97.54,0.34,,,,
2019-08-08,97.62,0.43,,,,
2019-08-09,97.49,0.31,,,,
2019-08-12,97.38,0.19,,,,
2019-08-13,97.81,0.61,,,,
2019-08-14,97.99,0.78,,,,
2019-08-15,98.14,0.90,,,,
2019-08-16,98.14,0.87,,,,
2019-08-19,98.35,1.05,,,,
2019-08-20,98.19,0.86,,,,
2019-08-21,98.3,0.94,,,,
2019-08-22,98.17,0.79,,,,
2019-08-23,97.64,0.26,,,,
2019-08-26,98.08,0.69,,,,
2019-08-27,98,0.60,,,,
2019-08-28,98.21,0.79,,,,
2019-08-29,98.51,1.05,,,,
2019-08-30,98.92,1.41,,,,
2019-09-02,98.92,1.35,,,,
2019-09-03,99,1.37,,,,
2019-09-04,98.45,0.78,,,,
2019-09-05,98.41,0.69,,,,
2019-09-06,98.39,0.63,,,,
2019-09-09,98.28,0.49,,,,
2019-09-10,98.33,0.51,,,,
2019-09-11,98.64,0.78,,,,
2019-09-12,98.31,0.42,,,,
2019-09-13,98.26,0.35,,,,
2019-09-16,98.61,0.68,,,,
2019-09-17,98.26,0.31,,,,
2019-09-18,98.56,0.58,,,,
2019-09-19,98.27,0.27,,,,
2019-09-20,98.51,0.47,,,,
2019-09-23,98.6,0.53,,,,
2019-09-24,98.34,0.25,,,,
2019-09-25,99.04,0.91,,,,
2019-09-26,99.13,0.96,,,,
2019-09-27,99.11,0.90,,,,
2019-09-30,99.38,1.13,,,,
2019-10-01,99.13,0.85,,,,
2019-10-02,99.02,0.71,,,,
2019-10-03,98.86,0.53,,,,
2019-10-04,98.81,0.46,,,,
2019-10-07,98.97,0.61,,,,
2019-10-08,99.13,0.74,,,,
2019-10-09,99.12,0.72,,,,
2019-10-10,98.7,0.30,,,,
2019-10-11,98.3,-0.11,,,,
2019-10-14,98.45,0.02,,,,
2019-10-15,98.29,-0.15,,,,
2019-10-16,98,-0.45,,,,
2019-10-17,97.61,-0.84,,,,
2019-10-18,97.28,-1.17,,,,
2019-10-21,97.33,-1.12,,,,
2019-10-22,97.53,-0.91,,,,
2019-10-23,97.49,-0.94,,,,
2019-10-24,97.63,-0.79,,,,
2019-10-25,97.83,-0.58,,,,
2019-10-28,97.76,-0.64,,,,
2019-10-29,97.69,-0.70,,,,
2019-10-30,97.65,-0.73,,,,
2019-10-31,97.35,-1.01,,,,
2019-11-01,97.24,-1.11,,,,
2019-11-04,97.5,-0.84,,,,
2019-11-05,97.98,-0.36,,,,
2019-11-06,97.95,-0.39,,,,
2019-11-07,98.14,-0.19,,,,
2019-11-08,98.35,0.03,,,,
2019-11-11,98.2,-0.10,,,,
2019-11-12,98.31,0.02,,,,
2019-11-13,98.37,0.08,,,,
2019-11-14,98.16,-0.12,,,,
2019-11-15,98,-0.28,,,,
2019-11-18,97.79,-0.48,,,,
2019-11-19,97.86,-0.40,,,,
2019-11-20,97.93,-0.31,,,,
2019-11-21,97.99,-0.25,,,,
2019-11-22,98.27,0.03,,,,
2019-11-25,98.32,0.09,,,,
2019-11-26,98.25,0.02,,,,
2019-11-27,98.37,0.14,,,,
2019-11-28,98.37,0.14,,,,
2019-11-29,98.27,0.05,,,,
2019-12-02,97.86,-0.35,,,,
2019-12-03,97.74,-0.46,,,,
2019-12-04,97.65,-0.52,,,,
2019-12-05,97.41,-0.72,,,,
2019-12-06,97.7,-0.41,,,,
2019-12-09,97.64,-0.43,,,,
2019-12-10,97.41,-0.63,,,,
2019-12-11,97.08,-0.92,,,,
2019-12-12,97.4,-0.57,,,,
2019-12-13,97.17,-0.77,,,,
2019-12-16,97.02,-0.88,,,,
2019-12-17,97.22,-0.64,,,,
2019-12-18,97.4,-0.42,,,,
2019-12-19,97.38,-0.42,,,,
2019-12-20,97.69,-0.10,,,,
2019-12-23,97.66,-0.11,,,,
2019-12-24,97.65,-0.11,,,,
2019-12-25,97.65,-0.10,,,,
2019-12-26,97.53,-0.22,,,,
2019-12-27,96.92,-0.82,,,,
2019-12-30,96.74,-0.99,,,,
2019-12-31,96.39,-1.32,,,,
2020-01-01,96.39,-1.29,,,,
2020-01-02,96.85,-0.82,,,,
2020-01-03,96.84,-0.81,,,,
2020-01-06,96.67,-0.96,,,,
2020-01-07,97,-0.61,,,,
2020-01-08,97.3,-0.31,,,,
2020-01-09,97.45,-0.16,,,,
2020-01-10,97.36,-0.25,,,,
2020-01-13,97.34,-0.27,,,,
2020-01-14,97.37,-0.23,,,,
2020-01-15,97.23,-0.35,,,,
2020-01-16,97.32,-0.24,,,,
2020-01-17,97.64,0.09,,,,
2020-01-20,97.61,0.07,,,,
2020-01-21,97.53,0.01,,,,
2020-01-22,97.53,0.02,,,,
2020-01-23,97.69,0.19,,,,
2020-01-24,97.85,0.36,,,,
2020-01-27,97.96,0.46,,,,
2020-01-28,98.02,0.52,,,,
2020-01-29,97.99,0.49,,,,
2020-01-30,97.87,0.37,,,,
2020-01-31,97.39,-0.09,,,,
2020-02-03,97.8,0.33,,,,
2020-02-04,97.96,0.49,,,,
2020-02-05,98.3,0.84,,,,
2020-02-06,98.5,1.03,,,,
2020-02-07,98.68,1.20,,,,
2020-02-10,98.83,1.34,,,,
2020-02-11,98.72,1.21,,,,
2020-02-12,99.05,1.51,,,,
2020-02-13,99.07,1.49,,,,
2020-02-14,99.12,1.52,,,,
2020-02-17,99,1.37,,,,
2020-02-18,99.44,1.77,,,,
2020-02-19,99.71,1.99,,,,
2020-02-20,99.86,2.09,,,,
2020-02-21,99.26,1.45,,,,
2020-02-24,99.36,1.50,,,,
2020-02-25,98.97,1.07,,,,
2020-02-26,99,1.07,,,,
2020-02-27,98.51,0.56,,,,
2020-02-28,98.13,0.17,,,,
2020-03-02,97.36,-0.59,,,,
2020-03-03,97.15,-0.79,,,,
2020-03-04,97.34,-0.60,,,,
2020-03-05,96.82,-1.10,,,,
2020-03-06,95.95,-1.95,,,,
2020-03-09,94.89,-2.98,,,,
2020-03-10,96.41,-1.46,,,,
2020-03-11,96.51,-1.36,,,,
2020-03-12,97.47,-0.41,,,,
2020-03-13,98.75,0.83,,,,
2020-03-16,98.07,0.12,,,,
2020-03-17,99.57,1.57,,,,
2020-03-18,101.16,3.08,,,,
2020-03-19,102.75,4.57,,,,
2020-03-20,102.82,4.53,,,,
2020-03-23,102.49,4.09,,,,
2020-03-24,102.04,3.55,,,,
2020-03-25,101.05,2.48,,,,
2020-03-26,99.35,0.74,,,,
2020-03-27,98.36,-0.26,,,,
2020-03-30,99.18,0.53,,,,
2020-03-31,99.05,0.37,,,,
2020-04-01,99.67,0.94,,,,
2020-04-02,100.18,1.41,,,,
2020-04-03,100.58,1.75,,,,
2020-04-06,100.68,1.80,,,,
2020-04-07,99.9,0.98,,,,
2020-04-08,100.12,1.16,,,,
2020-04-09,99.52,0.52,,,,
2020-04-10,99.52,0.48,,,,
2020-04-13,99.35,0.28,,,,
2020-04-14,98.89,-0.20,,,,
2020-04-15,99.46,0.35,,,,
2020-04-16,100.03,0.89,,,,
2020-04-17,99.78,0.61,,,,
2020-04-20,99.96,0.77,,,,
2020-04-21,100.26,1.04,,,,
2020-04-22,100.39,1.14,,,,
2020-04-23,100.43,1.16,,,,
2020-04-24,100.38,1.08,,,,
2020-04-27,100.04,0.72,,,,
2020-04-28,99.86,0.53,,,,
2020-04-29,99.57,0.25,,,,
2020-04-30,99.02,-0.29,,,,
2020-05-01,99.08,-0.22,,,,
2020-05-04,99.48,0.17,,,,
2020-05-05,99.71,0.39,,,,
2020-05-06,100.09,0.75,,,,
2020-05-07,99.89,0.52,,,,
2020-05-08,99.73,0.33,,,,
2020-05-11,100.24,0.78,,,,
2020-05-12,99.93,0.41,,,,
2020-05-13,100.24,0.67,,,,
2020-05-14,100.47,0.82,,,,
2020-05-15,100.4,0.66,,,,
2020-05-18,99.67,-0.16,,,,
2020-05-19,99.37,-0.52,,,,
2020-05-20,99.12,-0.82,,,,
2020-05-21,99.37,-0.61,,,,
2020-05-22,99.86,-0.14,,,,
2020-05-25,99.86,-0.18,,,,
2020-05-26,98.91,-1.12,,,,
2020-05-27,99.06,-0.92,,,,
2020-05-28,98.38,-1.52,,,,
2020-05-29,98.34,-1.47,,,,
2020-06-01,97.83,-1.88,,,,
2020-06-02,97.67,-1.96,,,,
2020-06-03,97.28,-2.27,,,,
2020-06-04,96.68,-2.82,,,,
2020-06-05,96.94,-2.53,,,,
2020-06-08,96.62,-2.80,,,,
2020-06-09,96.32,-3.04,,,,
2020-06-10,95.96,-3.33,,,,
2020-06-11,96.73,-2.49,,,,
2020-06-12,97.32,-1.83,,,,
2020-06-15,96.71,-2.36,,,,
2020-06-16,96.96,-2.06,,,,
2020-06-17,97.16,-1.80,,,,
2020-06-18,97.42,-1.49,,,,
2020-06-19,97.62,-1.26,,,,
2020-06-22,97.04,-1.79,,,,
2020-06-23,96.65,-2.14,,,,
2020-06-24,97.15,-1.59,,,,
2020-06-25,97.43,-1.26,,,,
2020-06-26,97.43,-1.21,,,,
2020-06-29,97.54,-1.05,,,,
2020-06-30,97.39,-1.14,,,,
2020-07-01,97.2,-1.27,,,,
2020-07-02,97.32,-1.09,,,,
2020-07-03,97.17,-1.17,,,,
2020-07-06,96.72,-1.56,,,,
2020-07-07,96.88,-1.34,,,,
2020-07-08,96.43,-1.73,,,,
2020-07-09,96.7,-1.41,,,,
2020-07-10,96.65,-1.41,,,,
2020-07-13,96.46,-1.54,,,,
2020-07-14,96.26,-1.67,,,,
2020-07-15,96.08,-1.77,,,,
2020-07-16,96.35,-1.43,,,,
2020-07-17,95.94,-1.76,,,,
2020-07-20,95.83,-1.79,,,,
2020-07-21,95.12,-2.40,,,,
2020-07-22,94.99,-2.43,,,,
2020-07-23,94.69,-2.61,,,,
2020-07-24,94.43,-2.75,,,,
2020-07-27,93.67,-3.39,,,,
2020-07-28,93.7,-3.25,,,,
2020-07-29,93.45,-3.38,,,,
2020-07-30,93.02,-3.69,,,,
2020-07-31,93.35,-3.23,,,,
2020-08-03,93.54,-2.91,,,,
2020-08-04,93.38,-2.96,,,,
2020-08-05,92.87,-3.35,,,,
2020-08-06,92.79,-3.31,,,,
2020-08-07,93.43,-2.58,,,,
2020-08-10,93.58,-2.34,,,,
2020-08-11,93.63,-2.21,,,,
2020-08-12,93.44,-2.32,,,,
2020-08-13,93.33,-2.37,,,,
2020-08-14,93.1,-2.52,,,,
2020-08-17,92.85,-2.69,,,,
2020-08-18,92.27,-3.19,,,,
2020-08-19,92.89,-2.51,,,,
2020-08-20,92.79,-2.53,,,,
2020-08-21,93.25,-1.99,,,,
2020-08-24,93.3,-1.87,,,,
2020-08-25,93.02,-2.07,,,,
2020-08-26,93.01,-2.00,,,,
2020-08-27,93,-1.92,,,,
2020-08-28,92.37,-2.45,,,,
2020-08-31,92.14,-2.58,,,,
2020-09-01,92.34,-2.29,,,,
2020-09-02,92.85,-1.70,,,,
2020-09-03,92.74,-1.71,,,,
2020-09-04,92.72,-1.64,,,,
2020-09-07,92.72,-1.54,,,,
2020-09-08,93.44,-0.74,,,,
2020-09-09,93.25,-0.86,,,,
2020-09-10,93.34,-0.69,,,,
2020-09-11,93.33,-0.62,,,,
2020-09-14,93.05,-0.83,,,,
2020-09-15,93.05,-0.75,,,,
2020-09-16,93.21,-0.52,,,,
2020-09-17,92.97,-0.69,,,,
2020-09-18,92.93,-0.66,,,,
2020-09-21,93.66,0.13,,,,
2020-09-22,93.99,0.51,,,,
2020-09-23,94.39,0.94,,,,
2020-09-24,94.35,0.94,,,,
2020-09-25,94.64,1.26,,,,
2020-09-28,94.28,0.93,,,,
2020-09-29,93.89,0.56,,,,
2020-09-30,93.89,0.58,,,,
2020-10-01,93.71,0.42,,,,
2020-10-02,93.84,0.56,,,,
2020-10-05,93.51,0.24,,,,
2020-10-06,93.69,0.42,,,,
2020-10-07,93.63,0.35,,,,
2020-10-08,93.61,0.32,,,,
2020-10-09,93.06,-0.22,,,,
2020-10-12,93.07,-0.20,,,,
2020-10-13,93.53,0.26,,,,
2020-10-14,93.38,0.10,,,,
2020-10-15,93.86,0.55,,,,
2020-10-16,93.68,0.37,,,,
2020-10-19,93.43,0.12,,,,
2020-10-20,93.07,-0.23,,,,
2020-10-21,92.61,-0.67,,,,
2020-10-22,92.95,-0.32,,,,
2020-10-23,92.77,-0.50,,,,
2020-10-26,93.04,-0.23,,,,
2020-10-27,92.94,-0.34,,,,
2020-10-28,93.4,0.11,,,,
2020-10-29,93.96,0.64,,,,
2020-10-30,94.04,0.71,,,,
2020-11-02,94.13,0.78,,,,
2020-11-03,93.55,0.19,,,,
2020-11-04,93.41,0.04,,,,
2020-11-05,92.53,-0.83,,,,
2020-11-06,92.23,-1.13,,,,
2020-11-09,92.72,-0.65,,,,
2020-11-10,92.75,-0.63,,,,
2020-11-11,93.04,-0.34,,,,
2020-11-12,92.96,-0.42,,,,
2020-11-13,92.75,-0.63,,,,
2020-11-16,92.64,-0.74,,,,
2020-11-17,92.42,-0.94,,,,
2020-11-18,92.32,-1.02,,,,
2020-11-19,92.29,-1.03,,,,
2020-11-20,92.39,-0.91,,,,
2020-11-23,92.5,-0.79,,,,
2020-11-24,92.23,-1.05,,,,
2020-11-25,91.99,-1.26,,,,
2020-11-26,91.99,-1.24,,,,
2020-11-27,91.79,-1.42,,,,
2020-11-30,91.87,-1.30,,,,
2020-12-01,91.31,-1.81,,,,
2020-12-02,91.12,-1.94,,,,
2020-12-03,90.71,-2.27,,,,
2020-12-04,90.7,-2.20,,,,
2020-12-07,90.79,-2.04,,,,
2020-12-08,90.96,-1.82,,,,
2020-12-09,91.09,-1.63,,,,
2020-12-10,90.82,-1.84,,,,
2020-12-11,90.98,-1.62,,,,
2020-12-14,90.71,-1.84,,,,
2020-12-15,90.47,-2.01,,,,
2020-12-16,90.45,-1.97,,,,
2020-12-17,89.82,-2.52,,,,
2020-12-18,90.02,-2.26,,,,
2020-12-21,90.04,-2.18,,,,
2020-12-22,90.65,-1.52,,,,
2020-12-23,90.41,-1.70,,,,
2020-12-24,90.32,-1.72,,,,
2020-12-25,90.32,-1.65,,,,
2020-12-28,90.34,-1.57,,,,
2020-12-29,89.99,-1.85,,,,
2020-12-30,89.68,-2.11,,,,
2020-12-31,89.94,-1.79,,,,
2021-01-01,89.94,-1.73,,,,
2021-01-04,89.87,-1.74,,,,
2021-01-05,89.44,-2.10,,,,
2021-01-06,89.53,-1.93,,,,
2021-01-07,89.83,-1.55,,,,
2021-01-08,90.1,-1.20,,,,
2021-01-11,90.46,-0.76,,,,
2021-01-12,90.09,-1.06,,,,
2021-01-13,90.36,-0.73,,,,
2021-01-14,90.24,-0.81,,,,
2021-01-15,90.77,-0.25,,,,
2021-01-18,90.76,-0.22,,,,
2021-01-19,90.5,-0.43,,,,
2021-01-20,90.47,-0.41,,,,
2021-01-21,90.13,-0.70,,,,
2021-01-22,90.24,-0.54,,,,
2021-01-25,90.39,-0.34,,,,
2021-01-26,90.17,-0.52,,,,
2021-01-27,90.65,0.00,,,,
2021-01-28,90.46,-0.16,,,,
2021-01-29,90.58,0.00,,,,
2021-02-01,90.98,0.43,,,,
2021-02-02,91.2,0.67,,,,
2021-02-03,91.17,0.66,,,,
2021-02-04,91.53,1.03,,,,
2021-02-05,91.04,0.55,,,,
2021-02-08,90.93,0.46,,,,
2021-02-09,90.44,-0.01,,,,
2021-02-10,90.37,-0.07,,,,
2021-02-11,90.42,-0.01,,,,
2021-02-12,90.48,0.05,,,,
2021-02-15,90.48,0.06,,,,
2021-02-16,90.51,0.10,,,,
2021-02-17,90.95,0.54,,,,
2021-02-18,90.59,0.19,,,,
2021-02-19,90.36,-0.03,,,,
2021-02-22,90.01,-0.37,,,,
2021-02-23,90.17,-0.20,,,,
2021-02-24,90.18,-0.19,,,,
2021-02-25,90.13,-0.24,,,,
2021-02-26,90.88,0.49,,,,
2021-03-01,91.04,0.63,,,,
2021-03-02,90.79,0.38,,,,
2021-03-03,90.95,0.53,,,,
2021-03-04,91.63,1.18,,,,
2021-03-05,91.98,1.50,,,,
2021-03-08,92.31,1.79,,,,
2021-03-09,91.96,1.40,,,,
2021-03-10,91.82,1.22,,,,
2021-03-11,91.42,0.79,,,,
2021-03-12,91.68,1.01,,,,
2021-03-15,91.83,1.12,,,,
2021-03-16,91.86,1.10,,,,
2021-03-17,91.44,0.65,,,,
2021-03-18,91.86,1.02,,,,
2021-03-19,91.92,1.05,,,,
2021-03-22,91.74,0.84,,,,
2021-03-23,92.34,1.40,,,,
2021-03-24,92.53,1.54,,,,
2021-03-25,92.53,1.50,,,,
2021-03-26,92.77,1.70,,,,
2021-03-29,92.94,1.83,,,,
2021-03-30,93.3,2.13,,,,
2021-03-31,93.23,2.00,,,,
2021-04-01,92.93,1.65,,,,
2021-04-02,93.02,1.68,,,,
2021-04-05,92.6,1.22,,,,
2021-04-06,92.33,0.90,,,,
2021-04-07,92.46,1.00,,,,
2021-04-08,92.06,0.57,,,,
2021-04-09,92.16,0.63,,,,
2021-04-12,92.14,0.59,,,,
2021-04-13,91.85,0.29,,,,
2021-04-14,91.69,0.12,,,,
2021-04-15,91.69,0.12,,,,
2021-04-16,91.56,-0.03,,,,
2021-04-19,91.07,-0.52,,,,
2021-04-20,91.24,-0.36,,,,
2021-04-21,91.15,-0.47,,,,
2021-04-22,91.33,-0.31,,,,
2021-04-23,90.86,-0.79,,,,
2021-04-26,90.81,-0.84,,,,
2021-04-27,90.91,-0.75,,,,
2021-04-28,90.61,-1.04,,,,
2021-04-29,90.61,-1.04,,,,
2021-04-30,91.28,-0.39,,,,
2021-05-03,90.94,-0.75,,,,
2021-05-04,91.29,-0.42,,,,
2021-05-05,91.31,-0.43,,,,
2021-05-06,90.95,-0.80,,,,
2021-05-07,90.23,-1.51,,,,
2021-05-10,90.21,-1.51,,,,
2021-05-11,90.14,-1.57,,,,
2021-05-12,90.71,-0.99,,,,
2021-05-13,90.75,-0.94,,,,
2021-05-14,90.32,-1.33,,,,
2021-05-17,90.16,-1.45,,,,
2021-05-18,89.75,-1.82,,,,
2021-05-19,90.19,-1.34,,,,
2021-05-20,89.81,-1.69,,,,
2021-05-21,90.02,-1.45,,,,
2021-05-24,89.84,-1.59,,,,
2021-05-25,89.64,-1.74,,,,
2021-05-26,90.04,-1.32,,,,
2021-05-27,89.97,-1.35,,,,
2021-05-28,90.03,-1.25,,,,
2021-05-31,90.03,-1.22,,,,
2021-06-01,89.83,-1.37,,,,
2021-06-02,89.91,-1.23,,,,
2021-06-03,90.51,-0.59,,,,
2021-06-04,90.14,-0.91,,,,
2021-06-07,89.95,-1.04,,,,
2021-06-08,90.08,-0.85,,,,
2021-06-09,90.12,-0.74,,,,
2021-06-10,90.07,-0.74,,,,
2021-06-11,90.56,-0.20,,,,
2021-06-14,90.52,-0.20,,,,
2021-06-15,90.54,-0.14,,,,
2021-06-16,91.13,0.48,,,,
2021-06-17,91.89,1.24,,,,
2021-06-18,92.22,1.57,,,,
2021-06-21,91.9,1.25,,,,
2021-06-22,91.76,1.11,,,,
2021-06-23,91.8,1.15,,,,
2021-06-24,91.81,1.16,,,,
2021-06-25,91.85,1.19,,,,
2021-06-28,91.89,1.22,,,,
2021-06-29,92.05,1.36,,,,
2021-06-30,92.44,1.73,,,,
2021-07-01,92.6,1.86,,,,
2021-07-02,92.23,1.46,,,,
2021-07-05,92.21,1.42,,,,
2021-07-06,92.55,1.72,,,,
2021-07-07,92.64,1.77,,,,
2021-07-08,92.42,1.52,,,,
2021-07-09,92.13,1.21,,,,
2021-07-12,92.26,1.31,,,,
2021-07-13,92.75,1.77,,,,
2021-07-14,92.41,1.41,,,,
2021-07-15,92.62,1.59,,,,
2021-07-16,92.69,1.61,,,,
2021-07-19,92.89,1.75,,,,
2021-07-20,92.97,1.78,,,,
2021-07-21,92.75,1.52,,,,
2021-07-22,92.82,1.55,,,,
2021-07-23,92.91,1.58,,,,
2021-07-26,92.65,1.27,,,,
2021-07-27,92.43,1.00,,,,
2021-07-28,92.32,0.85,,,,
2021-07-29,91.86,0.35,,,,
2021-07-30,92.17,0.61,,,,
2021-08-02,92.05,0.45,,,,
2021-08-03,92.08,0.43,,,,
2021-08-04,92.27,0.58,,,,
2021-08-05,92.24,0.50,,,,
2021-08-06,92.8,1.01,,,,
2021-08-09,92.94,1.09,,,,
2021-08-10,93.06,1.14,,,,
2021-08-11,92.92,0.94,,,,
2021-08-12,93.04,1.01,,,,
2021-08-13,92.52,0.44,,,,
2021-08-16,92.63,0.50,,,,
2021-08-17,93.13,0.94,,,,
2021-08-18,93.14,0.89,,,,
2021-08-19,93.57,1.25,,,,
2021-08-20,93.5,1.12,,,,
2021-08-23,92.96,0.53,,,,
2021-08-24,92.89,0.41,,,,
2021-08-25,92.82,0.31,,,,
2021-08-26,93.06,0.53,,,,
2021-08-27,92.69,0.15,,,,
2021-08-30,92.65,0.09,,,,
2021-08-31,92.63,0.06,,,,
2021-09-01,92.45,-0.14,,,,
2021-09-02,92.22,-0.38,,,,
2021-09-03,92.04,-0.56,,,,
2021-09-06,92.04,-0.56,,,,
2021-09-07,92.51,-0.10,,,,
2021-09-08,92.65,0.03,,,,
2021-09-09,92.48,-0.13,,,,
2021-09-10,92.58,-0.04,,,,
2021-09-13,92.68,0.05,,,,
2021-09-14,92.62,-0.01,,,,
2021-09-15,92.55,-0.08,,,,
2021-09-16,92.93,0.29,,,,
2021-09-17,93.19,0.53,,,,
2021-09-20,93.28,0.60,,,,
2021-09-21,93.2,0.51,,,,
2021-09-22,93.46,0.75,,,,
2021-09-23,93.03,0.31,,,,
2021-09-24,93.33,0.60,,,,
2021-09-27,93.38,0.64,,,,
2021-09-28,93.77,1.01,,,,
2021-09-29,94.34,1.55,,,,
2021-09-30,94.23,1.41,,,,
2021-10-01,94.04,1.20,,,,
2021-10-04,93.78,0.92,,,,
2021-10-05,93.97,1.08,,,,
2021-10-06,94.27,1.34,,,,
2021-10-07,94.22,1.24,,,,
2021-10-08,94.07,1.05,,,,
2021-10-11,94.32,1.26,,,,
2021-10-12,94.52,1.41,,,,
2021-10-13,94.08,0.93,,,,
2021-10-14,93.96,0.78,,,,
2021-10-15,93.94,0.73,,,,
2021-10-18,93.95,0.72,,,,
2021-10-19,93.73,0.49,,,,
2021-10-20,93.56,0.31,,,,
2021-10-21,93.77,0.50,,,,
2021-10-22,93.64,0.35,,,,
2021-10-25,93.81,0.50,,,,
2021-10-26,93.95,0.62,,,,
2021-10-27,93.8,0.46,,,,
2021-10-28,93.35,0.01,,,,
2021-10-29,94.12,0.77,,,,
2021-11-01,93.88,0.51,,,,
2021-11-02,94.09,0.70,,,,
2021-11-03,93.86,0.45,,,,
2021-11-04,94.35,0.91,,,,
2021-11-05,94.32,0.85,,,,
2021-11-08,94.05,0.55,,,,
2021-11-09,93.96,0.43,,,,
2021-11-10,94.85,1.28,,,,
2021-11-11,95.18,1.55,,,,
2021-11-12,95.13,1.43,,,,
2021-11-15,95.41,1.65,,,,
2021-11-16,95.92,2.09,,,,
2021-11-17,95.83,1.94,,,,
2021-11-18,95.54,1.58,,,,
2021-11-19,96.03,2.01,,,,
2021-11-22,96.55,2.45,,,,
2021-11-23,96.49,2.31,,,,
2021-11-24,96.88,2.61,,,,
2021-11-25,96.77,2.43,,,,
2021-11-26,96.09,1.69,,,,
2021-11-29,96.34,1.88,,,,
2021-11-30,95.99,1.47,,,,
2021-12-01,96.03,1.46,,,,
2021-12-02,96.16,1.53,,,,
2021-12-03,96.12,1.43,,,,
2021-12-06,96.33,1.58,,,,
2021-12-07,96.37,1.57,,,,
2021-12-08,95.89,1.06,,,,
2021-12-09,96.27,1.40,,,,
2021-12-10,96.1,1.19,,,,
2021-12-13,96.32,1.36,,,,
2021-12-14,96.57,1.56,,,,
2021-12-15,96.51,1.45,,,,
2021-12-16,96.04,0.94,,,,
2021-12-17,96.57,1.42,,,,
2021-12-20,96.55,1.36,,,,
2021-12-21,96.49,1.26,,,,
2021-12-22,96.08,0.81,,,,
2021-12-23,96.02,0.71,,,,
2021-12-27,96.09,0.74,,,,
2021-12-28,96.2,0.80,,,,
2021-12-29,95.93,0.49,,,,
2021-12-30,95.97,0.48,,,,
2021-12-31,95.97,0.43,,,,
2022-01-03,96.21,0.62,,,,
2022-01-04,96.26,0.62,,,,
2022-01-05,96.17,0.49,,,,
2022-01-06,96.32,0.59,,,,
2022-01-07,95.72,-0.06,,,,
2022-01-10,95.99,0.17,,,,
2022-01-11,95.62,-0.23,,,,
2022-01-12,94.92,-0.95,,,,
2022-01-13,94.79,-1.10,,,,
2022-01-14,95.17,-0.73,,,,
2022-01-17,95.26,-0.66,,,,
2022-01-18,95.73,-0.22,,,,
2022-01-19,95.51,-0.47,,,,
2022-01-20,95.74,-0.26,,,,
2022-01-21,95.64,-0.37,,,,
2022-01-24,95.92,-0.11,,,,
2022-01-25,95.95,-0.09,,,,
2022-01-26,96.39,0.34,,,,
2022-01-27,97.25,1.17,,,,
2022-01-28,97.27,1.16,,,,
2022-01-31,96.54,0.42,,,,
2022-02-01,96.39,0.27,,,,
2022-02-02,95.94,-0.17,,,,
2022-02-03,95.38,-0.70,,,,
2022-02-04,95.49,-0.56,,,,
2022-02-07,95.4,-0.64,,,,
2022-02-08,95.64,-0.38,,,,
2022-02-09,95.49,-0.52,,,,
2022-02-10,95.55,-0.45,,,,
2022-02-11,96.08,0.08,,,,
2022-02-14,96.37,0.36,,,,
2022-02-15,95.99,-0.01,,,,
2022-02-16,95.7,-0.29,,,,
2022-02-17,95.8,-0.19,,,,
2022-02-18,96.04,0.06,,,,
2022-02-21,96.08,0.10,,,,
2022-02-22,96.03,0.06,,,,
2022-02-23,96.19,0.22,,,,
2022-02-24,97.14,1.16,,,,
2022-02-25,96.61,0.62,,,,
2022-02-28,96.71,0.72,,,,
2022-03-01,97.41,1.40,,,,
2022-03-02,97.39,1.36,,,,
2022-03-03,97.79,1.73,,,,
2022-03-04,98.65,2.53,,,,
2022-03-07,99.29,3.11,,,,
2022-03-08,99.06,2.82,,,,
2022-03-09,97.97,1.69,,,,
2022-03-10,98.51,2.18,,,,
2022-03-11,99.12,2.73,,,,
2022-03-14,99,2.55,,,,
2022-03-15,99.1,2.60,,,,
2022-03-16,98.62,2.07,,,,
2022-03-17,97.97,1.38,,,,
2022-03-18,98.23,1.59,,,,
2022-03-21,98.5,1.81,,,,
2022-03-22,98.49,1.75,,,,
2022-03-23,98.62,1.80,,,,
2022-03-24,98.79,1.89,,,,
2022-03-25,98.79,1.82,,,,
2022-03-28,99.09,2.04,,,,
2022-03-29,98.4,1.30,,,,
2022-03-30,97.79,0.64,,,,
2022-03-31,98.31,1.11,,,,
2022-04-01,98.63,1.37,,,,
2022-04-04,99,1.68,,,,
2022-04-05,99.47,2.08,,,,
2022-04-06,99.6,2.15,,,,
2022-04-07,99.75,2.25,,,,
2022-04-08,99.8,2.25,,,,
2022-04-11,99.93,2.31,,,,
2022-04-12,100.29,2.59,,,,
2022-04-13,99.88,2.10,,,,
2022-04-14,100.32,2.44,,,,
2022-04-15,100.32,2.35,,,,
2022-04-18,100.78,2.70,,,,
2022-04-19,100.96,2.77,,,,
2022-04-20,100.39,2.10,,,,
2022-04-21,100.58,2.19,,,,
2022-04-22,101.22,2.73,,,,
2022-04-25,101.75,3.15,,,,
2022-04-26,102.3,3.58,,,,
2022-04-27,102.95,4.08,,,,
2022-04-28,103.62,4.60,,,,
2022-04-29,102.96,3.80,,,,
2022-05-02,103.74,4.42,,,,
2022-05-03,103.46,4.00,,,,
2022-05-04,102.59,3.00,,,,
2022-05-05,103.75,4.03,,,,
2022-05-06,103.66,3.79,,,,
2022-05-09,103.65,3.65,,,,
2022-05-10,103.92,3.79,,,,
2022-05-11,103.85,3.59,,,,
2022-05-12,104.85,4.44,,,,
2022-05-13,104.56,4.04,,,,
2022-05-16,104.19,3.57,,,,
2022-05-17,103.36,2.65,,,,
2022-05-18,103.81,2.99,,,,
2022-05-19,102.72,1.81,,,,
2022-05-20,103.15,2.16,,,,
2022-05-23,102.08,1.03,,,,
2022-05-24,101.86,0.75,,,,
2022-05-25,102.06,0.89,,,,
2022-05-26,101.83,0.58,,,,
2022-05-27,101.67,0.35,,,,
2022-05-30,101.67,0.29,,,,
2022-05-31,101.75,0.30,,,,
2022-06-01,102.5,0.97,,,,
2022-06-02,101.82,0.23,,,,
2022-06-03,102.14,0.49,,,,
2022-06-06,102.44,0.72,,,,
2022-06-07,102.32,0.52,,,,
2022-06-08,102.54,0.65,,,,
2022-06-09,103.22,1.23,,,,
2022-06-10,104.15,2.05,,,,
2022-06-13,105.08,2.85,,,,
2022-06-14,105.52,3.17,,,,
2022-06-15,105.16,2.70,,,,
2022-06-16,103.63,1.10,,,,
2022-06-17,104.7,2.07,,,,
2022-06-20,104.7,1.97,,,,
2022-06-21,104.43,1.62,,,,
2022-06-22,104.2,1.30,,,,
2022-06-23,104.43,1.45,,,,
2022-06-24,104.18,1.12,,,,
2022-06-27,103.94,0.82,,,,
2022-06-28,104.51,1.32,,,,
2022-06-29,105.11,1.82,,,,
2022-06-30,104.68,1.31,,,,
2022-07-01,105.14,1.69,,,,
2022-07-04,105.14,1.63,,,,
2022-07-05,106.54,2.94,,,,
2022-07-06,107.1,3.42,,,,
2022-07-07,107.13,3.38,,,,
2022-07-08,107.01,3.18,,,,
2022-07-11,108.02,4.10,,,,
2022-07-12,108.07,4.06,,,,
2022-07-13,107.96,3.84,,,,
2022-07-14,108.54,4.33,,,,
2022-07-15,108.06,3.76,,,,
2022-07-18,107.37,2.99,,,,
2022-07-19,106.68,2.25,,,,
2022-07-20,107.08,2.58,,,,
2022-07-21,106.91,2.37,,,,
2022-07-22,106.73,2.15,,,,
2022-07-25,106.48,1.85,,,,
2022-07-26,107.19,2.49,,,,
2022-07-27,106.45,1.69,,,,
2022-07-28,106.35,1.52,,,,
2022-07-29,105.9,1.02,,,,
2022-08-01,105.45,0.50,,,,
2022-08-02,106.24,1.20,,,,
2022-08-03,106.51,1.38,,,,
2022-08-04,105.69,0.49,,,,
2022-08-05,106.62,1.32,,,,
2022-08-08,106.43,1.03,,,,
2022-08-09,106.37,0.88,,,,
2022-08-10,105.2,-0.35,,,,
2022-08-11,105.09,-0.52,,,,
2022-08-12,105.63,-0.05,,,,
2022-08-15,106.55,0.79,,,,
2022-08-16,106.5,0.65,,,,
2022-08-17,106.57,0.64,,,,
2022-08-18,107.48,1.47,,,,
2022-08-19,108.17,2.08,,,,
2022-08-22,109.05,2.88,,,,
2022-08-23,108.62,2.39,,,,
2022-08-24,108.68,2.38,,,,
2022-08-25,108.47,2.07,,,,
2022-08-26,108.8,2.32,,,,
2022-08-29,108.83,2.26,,,,
2022-08-30,108.77,2.12,,,,
2022-08-31,108.7,1.96,,,,
2022-09-01,109.69,2.84,,,,
2022-09-02,109.53,2.58,,,,
2022-09-05,109.83,2.76,,,,
2022-09-06,110.21,3.02,,,,
2022-09-07,109.84,2.56,,,,
2022-09-08,109.71,2.33,,,,
2022-09-09,109,1.54,,,,
2022-09-12,108.33,0.81,,,,
2022-09-13,109.82,2.23,,,,
2022-09-14,109.66,2.02,,,,
2022-09-15,109.74,2.05,,,,
2022-09-16,109.76,2.01,,,,
2022-09-19,109.74,1.96,,,,
2022-09-20,110.21,2.39,,,,
2022-09-21,110.64,2.76,,,,
2022-09-22,111.35,3.42,,,,
2022-09-23,113.19,5.15,,,,
2022-09-26,114.1,5.93,,,,
2022-09-27,114.11,5.79,,,,
2022-09-28,112.6,4.17,,,,
2022-09-29,112.25,3.71,,,,
2022-09-30,112.12,3.48,,,,
2022-10-03,111.75,3.00,,,,
2022-10-04,110.07,1.26,,,,
2022-10-05,111.07,2.17,,,,
2022-10-06,112.26,3.24,,,,
2022-10-07,112.79,3.63,,,,
2022-10-10,113.14,3.83,,,,
2022-10-11,113.22,3.77,,,,
2022-10-12,113.32,3.73,,,,
2022-10-13,112.36,2.64,,,,
2022-10-14,113.31,3.46,,,,
2022-10-17,112.04,2.08,,,,
2022-10-18,112.13,2.05,,,,
2022-10-19,112.98,2.74,,,,
2022-10-20,112.88,2.49,,,,
2022-10-21,112.01,1.49,,,,
2022-10-24,111.99,1.36,,,,
2022-10-25,110.95,0.23,,,,
2022-10-26,109.7,-1.08,,,,
2022-10-27,110.59,-0.25,,,,
2022-10-28,110.75,-0.14,,,,
2022-10-31,111.53,0.59,,,,
2022-11-01,111.48,0.48,,,,
2022-11-02,111.35,0.30,,,,
2022-11-03,112.93,1.79,,,,
2022-11-04,110.88,-0.30,,,,
2022-11-07,110.12,-1.09,,,,
2022-11-08,109.64,-1.59,,,,
2022-11-09,110.55,-0.71,,,,
2022-11-10,108.21,-3.02,,,,
2022-11-11,106.29,-4.88,,,,
2022-11-14,106.66,-4.45,,,,
2022-11-15,106.4,-4.63,,,,
2022-11-16,106.28,-4.68,,,,
2022-11-17,106.69,-4.21,,,,
2022-11-18,106.93,-3.93,,,,
2022-11-21,107.83,-3.02,,,,
2022-11-22,107.22,-3.58,,,,
2022-11-23,106.08,-4.64,,,,
2022-11-24,105.82,-4.83,,,,
2022-11-25,105.96,-4.61,,,,
2022-11-28,106.68,-3.83,,,,
2022-11-29,106.82,-3.62,,,,
2022-11-30,105.95,-4.40,,,,
2022-12-01,104.73,-5.48,,,,
2022-12-02,104.54,-5.50,,,,
2022-12-05,105.29,-4.57,,,,
2022-12-06,105.58,-4.11,,,,
2022-12-07,105.1,-4.44,,,,
2022-12-08,104.77,-4.62,,,,
2022-12-09,104.81,-4.44,,,,
2022-12-12,105.13,-3.99,,,,
2022-12-13,103.98,-5.01,,,,
2022-12-14,103.77,-5.08,,,,
2022-12-15,104.56,-4.13,,,,
2022-12-16,104.7,-3.83,,,,
2022-12-19,104.72,-3.64,,,,
2022-12-20,103.96,-4.22,,,,
2022-12-21,104.16,-3.84,,,,
2022-12-22,104.43,-3.41,,,,
2022-12-23,104.31,-3.35,,,,
2022-12-25,104.32,-3.18,,,,
2022-12-27,104.18,-3.16,,,,
2022-12-28,104.46,-2.71,,,,
2022-12-29,103.84,-3.15,,,,
2022-12-30,103.52,-3.30,,,,
2023-01-01,103.49,-3.16,,,,
2023-01-03,104.52,-2.00,,,,
2023-01-04,104.25,-2.17,,,,
2023-01-05,105.04,-1.26,,,,
2023-01-06,103.88,-2.29,,,,
2023-01-09,103,-3.00,,,,
2023-01-10,103.24,-2.59,,,,
2023-01-11,103.19,-2.48,,,,
2023-01-12,102.25,-3.20,,,,
2023-01-13,102.2,-3.08,,,,
2023-01-16,102.27,-2.85,,,,
2023-01-17,102.39,-2.59,,,,
2023-01-18,102.36,-2.46,,,,
2023-01-19,102.06,-2.63,,,,
2023-01-20,102.01,-2.60,,,,
2023-01-23,102.14,-2.38,,,,
2023-01-24,101.92,-2.51,,,,
2023-01-25,101.64,-2.69,,,,
2023-01-26,101.84,-2.40,,,,
2023-01-27,101.93,-2.21,,,,
2023-01-30,102.28,-1.75,,,,
2023-01-31,102.1,-1.82,,,,
2023-02-01,101.22,-2.61,,,,
2023-02-02,101.75,-1.99,,,,
2023-02-03,102.92,-0.76,,,,
2023-02-06,103.62,0.00,,,,
2023-02-07,103.43,-0.13,,,,
2023-02-08,103.41,-0.09,,,,
2023-02-09,103.22,-0.25,,,,
2023-02-10,103.63,0.17,,,,
2023-02-13,103.35,-0.07,,,,
2023-02-14,103.23,-0.14,,,,
2023-02-15,103.92,0.57,,,,
2023-02-16,103.86,0.53,,,,
2023-02-17,103.86,0.55,,,,
2023-02-20,103.86,0.58,,,,
2023-02-21,104.18,0.89,,,,
2023-02-22,104.58,1.28,,,,
2023-02-23,104.6,1.30,,,,
2023-02-24,105.21,1.90,,,,
2023-02-27,104.67,1.36,,,,
2023-02-28,104.87,1.54,,,,
2023-03-01,104.48,1.14,,,,
2023-03-02,105.03,1.68,,,,
2023-03-03,104.52,1.17,,,,
2023-03-06,104.35,0.99,,,,
2023-03-07,105.61,2.23,,,,
2023-03-08,105.66,2.25,,,,
2023-03-09,105.31,1.87,,,,
2023-03-10,104.58,1.12,,,,
2023-03-13,103.6,0.14,,,,
2023-03-14,103.6,0.16,,,,
2023-03-15,104.65,1.20,,,,
2023-03-16,104.42,0.98,,,,
2023-03-17,103.71,0.28,,,,
2023-03-20,103.28,-0.16,,,,
2023-03-21,103.26,-0.18,,,,
2023-03-22,102.35,-1.07,,,,
2023-03-23,102.53,-0.90,,,,
2023-03-24,103.12,-0.33,,,,
2023-03-27,102.86,-0.60,,,,
2023-03-28,102.43,-1.03,,,,
2023-03-29,102.64,-0.83,,,,
2023-03-30,102.14,-1.33,,,,
2023-03-31,102.51,-0.97,,,,
2023-04-03,102.09,-1.39,,,,
2023-04-04,101.59,-1.88,,,,
2023-04-05,101.85,-1.62,,,,
2023-04-06,101.82,-1.65,,,,
2023-04-07,102.09,-1.39,,,,
2023-04-10,102.58,-0.90,,,,
2023-04-11,102.2,-1.29,,,,
2023-04-12,101.5,-1.99,,,,
2023-04-13,101.01,-2.47,,,,
2023-04-14,101.55,-1.90,,,,
2023-04-17,102.1,-1.32,,,,
2023-04-18,101.75,-1.63,,,,
2023-04-19,101.97,-1.39,,,,
2023-04-20,101.84,-1.49,,,,
2023-04-21,101.82,-1.47,,,,
2023-04-24,101.35,-1.90,,,,
2023-04-25,101.86,-1.36,,,,
2023-04-26,101.47,-1.71,,,,
2023-04-27,101.5,-1.63,,,,
2023-04-28,101.66,-1.42,,,,
2023-05-01,102.15,-0.90,,,,
2023-05-02,101.96,-1.05,,,,
2023-05-03,101.34,-1.60,,,,
2023-05-04,101.4,-1.48,,,,
2023-05-05,101.21,-1.59,,,,
2023-05-08,101.38,-1.35,,,,
2023-05-09,101.61,-1.06,,,,
2023-05-10,101.48,-1.13,,,,
2023-05-11,102.06,-0.49,,,,
2023-05-12,102.68,0.17,,,,
2023-05-15,102.43,-0.04,,,,
2023-05-16,102.56,0.15,,,,
2023-05-17,102.88,0.53,,,,
2023-05-18,103.58,1.26,,,,
2023-05-19,103.2,0.91,,,,
2023-05-22,103.2,0.92,,,,
2023-05-23,103.49,1.21,,,,
2023-05-24,103.89,1.62,,,,
2023-05-25,104.25,1.99,,,,
2023-05-26,104.21,1.94,,,,
2023-05-29,104.26,1.97,,,,
2023-05-30,104.17,1.86,,,,
2023-05-31,104.33,1.98,,,,
2023-06-01,103.56,1.19,,,,
2023-06-02,104.01,1.62,,,,
2023-06-05,104,1.59,,,,
2023-06-06,104.13,1.68,,,,
2023-06-07,104.1,1.62,,,,
2023-06-08,103.34,0.84,,,,
2023-06-09,103.56,1.04,,,,
2023-06-12,103.65,1.10,,,,
2023-06-13,103.34,0.75,,,,
2023-06-14,102.95,0.34,,,,
2023-06-15,102.11,-0.50,,,,
2023-06-16,102.24,-0.38,,,,
2023-06-19,102.52,-0.10,,,,
2023-06-20,102.54,-0.08,,,,
2023-06-21,102.07,-0.56,,,,
2023-06-22,102.39,-0.27,,,,
2023-06-23,102.9,0.21,,,,
2023-06-26,102.69,-0.01,,,,
2023-06-27,102.49,-0.23,,,,
2023-06-28,102.9,0.17,,,,
2023-06-29,103.34,0.58,,,,
2023-06-30,102.91,0.12,,,,
2023-07-03,102.96,0.14,,,,
2023-07-04,103.04,0.20,,,,
2023-07-05,103.37,0.49,,,,
2023-07-06,103.07,0.16,,,,
2023-07-07,102.27,-0.65,,,,
2023-07-10,101.97,-0.95,,,,
2023-07-11,101.73,-1.19,,,,
2023-07-12,100.52,-2.38,,,,
2023-07-13,99.77,-3.10,,,,
2023-07-14,99.91,-2.93,,,,
2023-07-17,99.84,-2.97,,,,
2023-07-18,99.94,-2.84,,,,
2023-07-19,100.28,-2.47,,,,
2023-07-20,100.88,-1.85,,,,
2023-07-21,101.07,-1.63,,,,
2023-07-24,101.35,-1.32,,,,
2023-07-25,101.35,-1.30,,,,
2023-07-26,100.89,-1.72,,,,
2023-07-27,101.77,-0.80,,,,
2023-07-28,101.62,-0.92,,,,
2023-07-31,101.86,-0.66,,,,
2023-08-01,102.3,-0.19,,,,
2023-08-02,102.59,0.12,,,,
2023-08-03,102.54,0.11,,,,
2023-08-04,102.02,-0.37,,,,
2023-08-07,102.05,-0.29,,,,
2023-08-08,102.53,0.22,,,,
2023-08-09,102.49,0.22,,,,
2023-08-10,102.52,0.27,,,,
2023-08-11,102.84,0.61,,,,
2023-08-14,103.19,0.98,,,,
2023-08-15,103.21,1.01,,,,
2023-08-16,103.43,1.25,,,,
2023-08-17,103.57,1.38,,,,
2023-08-18,103.38,1.20,,,,
2023-08-21,103.3,1.12,,,,
2023-08-22,103.56,1.38,,,,
2023-08-23,103.42,1.23,,,,
2023-08-24,103.98,1.75,,,,
2023-08-25,104.08,1.82,,,,
2023-08-28,104.06,1.76,,,,
2023-08-29,103.53,1.22,,,,
2023-08-30,103.16,0.82,,,,
2023-08-31,103.62,1.26,,,,
2023-09-01,104.24,1.85,,,,
2023-09-04,104.24,1.82,,,,
2023-09-05,104.81,2.34,,,,
2023-09-06,104.86,2.36,,,,
2023-09-07,105.06,2.52,,,,
2023-09-08,105.09,2.51,,,,
2023-09-11,104.57,1.96,,,,
2023-09-12,104.71,2.06,,,,
2023-09-13,104.77,2.09,,,,
2023-09-14,105.4,2.68,,,,
2023-09-15,105.32,2.54,,,,
2023-09-18,105.2,2.35,,,,
2023-09-19,105.16,2.24,,,,
2023-09-20,105.12,2.11,,,,
2023-09-21,105.36,2.24,,,,
2023-09-22,105.58,2.35,,,,
2023-09-25,106,2.64,,,,
2023-09-26,106.23,2.75,,,,
2023-09-27,106.67,3.06,,,,
2023-09-28,106.22,2.50,,,,
2023-09-29,106.22,2.40,,,,
2023-10-02,106.9,2.97,,,,
2023-10-03,107,2.96,,,,
2023-10-04,106.8,2.64,,,,
2023-10-05,106.33,2.08,,,,
2023-10-06,106.04,1.70,,,,
2023-10-09,106.08,1.65,,,,
2023-10-10,105.82,1.32,,,,
2023-10-11,105.82,1.26,,,,
2023-10-12,106.6,1.96,,,,
2023-10-13,106.65,1.91,,,,
2023-10-16,106.24,1.42,,,,
2023-10-17,106.25,1.36,,,,
2023-10-18,106.57,1.59,,,,
2023-10-19,106.25,1.20,,,,
2023-10-20,106.16,1.04,,,,
2023-10-23,105.54,0.38,,,,
2023-10-24,106.27,1.05,,,,
2023-10-25,106.53,1.24,,,,
2023-10-26,106.6,1.25,,,,
2023-10-27,106.56,1.15,,,,
2023-10-30,106.12,0.65,,,,
2023-10-31,106.66,1.13,,,,
2023-11-01,106.88,1.28,,,,
2023-11-02,106.12,0.48,,,,
2023-11-03,105.02,-0.64,,,,
2023-11-06,105.21,-0.47,,,,
2023-11-07,105.54,-0.18,,,,
2023-11-08,105.59,-0.18,,,,
2023-11-09,105.91,0.09,,,,
2023-11-10,105.86,0.01,,,,
2023-11-13,105.63,-0.25,,,,
2023-11-14,104.05,-1.81,,,,
2023-11-15,104.39,-1.46,,,,
2023-11-16,104.35,-1.49,,,,
2023-11-17,103.92,-1.90,,,,
2023-11-20,103.44,-2.35,,,,
2023-11-21,103.57,-2.20,,,,
2023-11-22,103.92,-1.83,,,,
2023-11-23,103.77,-1.95,,,,
2023-11-24,103.4,-2.28,,,,
2023-11-27,103.2,-2.44,,,,
2023-11-28,102.75,-2.84,,,,
2023-11-29,102.76,-2.79,,,,
2023-11-30,103.5,-2.01,,,,
2023-12-01,103.27,-2.19,,,,
2023-12-04,103.71,-1.71,,,,
2023-12-05,104.05,-1.32,,,,
2023-12-06,104.15,-1.17,,,,
2023-12-07,103.54,-1.73,,,,
2023-12-08,104.01,-1.22,,,,
2023-12-11,104.1,-1.07,,,,
2023-12-12,103.86,-1.25,,,,
2023-12-13,102.87,-2.16,,,,
2023-12-14,101.96,-2.98,,,,
2023-12-15,102.55,-2.32,,,,
2023-12-18,102.56,-2.24,,,,
2023-12-19,102.17,-2.56,,,,
2023-12-20,102.41,-2.25,,,,
2023-12-21,101.84,-2.72,,,,
2023-12-22,101.7,-2.77,,,,
2023-12-24,101.71,-2.67,,,,
2023-12-26,101.47,-2.81,,,,
2023-12-27,100.99,-3.18,,,,
2023-12-28,101.23,-2.84,,,,
2023-12-29,101.33,-2.64,,,,
2023-12-31,101.38,-2.51,,,,
2024-01-02,102.2,-1.61,,,,
2024-01-03,102.49,-1.24,,,,
2024-01-04,102.42,-1.22,,,,
2024-01-05,102.41,-1.15,,,,
2024-01-08,102.21,-1.27,,,,
2024-01-09,102.57,-0.83,,,,
2024-01-10,102.36,-0.95,,,,
2024-01-11,102.29,-0.94,,,,
2024-01-12,102.4,-0.78,,,,
2024-01-15,102.4,-0.72,,,,
2024-01-16,103.36,0.28,,,,
2024-01-17,103.45,0.41,,,,
2024-01-18,103.54,0.55,,,,
2024-01-19,103.29,0.35,,,,
2024-01-22,103.33,0.44,,,,
2024-01-23,103.62,0.74,,,,
2024-01-24,103.24,0.38,,,,
2024-01-25,103.57,0.73,,,,
2024-01-26,103.43,0.60,,,,
2024-01-29,103.61,0.77,,,,
2024-01-30,103.4,0.57,,,,
2024-01-31,103.27,0.45,,,,
2024-02-01,103.05,0.24,,,,
2024-02-02,103.92,1.10,,,,
2024-02-05,104.45,1.61,,,,
2024-02-06,104.21,1.34,,,,
2024-02-07,104.06,1.16,,,,
2024-02-08,104.17,1.26,,,,
2024-02-09,104.11,1.18,,,,
2024-02-12,104.17,1.23,,,,
2024-02-13,104.96,2.00,,,,
2024-02-14,104.72,1.75,,,,
2024-02-15,104.3,1.32,,,,
2024-02-16,104.3,1.31,,,,
2024-02-19,104.29,1.30,,,,
2024-02-20,104.08,1.08,,,,
2024-02-21,104.01,0.99,,,,
2024-02-22,103.96,0.90,,,,
2024-02-23,103.94,0.85,,,,
2024-02-26,103.83,0.72,,,,
2024-02-27,103.83,0.68,,,,
2024-02-28,103.97,0.79,,,,
2024-02-29,104.16,0.94,,,,
2024-03-01,103.86,0.59,,,,
2024-03-04,103.83,0.52,,,,
2024-03-05,103.8,0.44,,,,
2024-03-06,103.37,-0.03,,,,
2024-03-07,102.82,-0.61,,,,
2024-03-08,102.71,-0.75,,,,
2024-03-11,102.87,-0.62,,,,
2024-03-12,102.96,-0.55,,,,
2024-03-13,102.79,-0.72,,,,
2024-03-14,103.36,-0.17,,,,
2024-03-15,103.43,-0.12,,,,
2024-03-18,103.59,0.01,,,,
2024-03-19,103.84,0.23,,,,
2024-03-20,103.41,-0.22,,,,
2024-03-21,104,0.34,,,,
2024-03-22,104.47,0.77,,,,
2024-03-25,104.24,0.50,,,,
2024-03-26,104.29,0.53,,,,
2024-03-27,104.35,0.57,,,,
2024-03-28,104.55,0.75,,,,
2024-03-29,104.55,0.73,,,,
2024-04-01,105.02,1.17,,,,
2024-04-02,104.82,0.94,,,,
2024-04-03,104.25,0.35,,,,
2024-04-04,104.12,0.21,,,,
2024-04-05,104.3,0.37,,,,
2024-04-08,104.14,0.20,,,,
2024-04-09,104.15,0.20,,,,
2024-04-10,105.25,1.26,,,,
2024-04-11,105.28,1.24,,,,
2024-04-12,106.04,1.96,,,,
2024-04-15,106.21,2.10,,,,
2024-04-16,106.26,2.10,,,,
2024-04-17,105.95,1.76,,,,
2024-04-18,106.15,1.92,,,,
2024-04-19,106.15,1.88,,,,
2024-04-22,106.08,1.77,,,,
2024-04-23,105.68,1.35,,,,
2024-04-24,105.86,1.51,,,,
2024-04-25,105.6,1.22,,,,
2024-04-26,105.94,1.53,,,,
2024-04-29,105.58,1.15,,,,
2024-04-30,106.22,1.74,,,,
2024-05-01,105.75,1.24,,,,
2024-05-02,105.3,0.76,,,,
2024-05-03,105.03,0.47,,,,
2024-05-06,105.05,0.47,,,,
2024-05-07,105.41,0.79,,,,
2024-05-08,105.55,0.90,,,,
2024-05-09,105.23,0.56,,,,
2024-05-10,105.3,0.60,,,,
2024-05-13,105.22,0.49,,,,
2024-05-14,105.01,0.26,,,,
2024-05-15,104.35,-0.42,,,,
2024-05-16,104.46,-0.34,,,,
2024-05-17,104.44,-0.40,,,,
2024-05-20,104.57,-0.30,,,,
2024-05-21,104.66,-0.25,,,,
2024-05-22,104.93,-0.02,,,,
2024-05-23,105.11,0.13,,,,
2024-05-24,104.72,-0.29,,,,
2024-05-27,104.6,-0.43,,,,
2024-05-28,104.61,-0.43,,,,
2024-05-29,105.1,0.02,,,,
2024-05-30,104.72,-0.37,,,,
2024-05-31,104.67,-0.43,,,,
2024-06-03,104.14,-0.95,,,,
2024-06-04,104.11,-0.98,,,,
2024-06-05,104.27,-0.82,,,,
2024-06-06,104.1,-0.98,,,,
2024-06-07,104.89,-0.20,,,,
2024-06-10,105.15,0.06,,,,
2024-06-11,105.23,0.13,,,,
2024-06-12,104.64,-0.47,,,,
2024-06-13,105.2,0.07,,,,
2024-06-14,105.55,0.40,,,,
2024-06-17,105.32,0.14,,,,
2024-06-18,105.26,0.06,,,,
2024-06-19,105.25,0.05,,,,
2024-06-20,105.59,0.39,,,,
2024-06-21,105.8,0.60,,,,
2024-06-24,105.47,0.29,,,,
2024-06-25,105.61,0.44,,,,
2024-06-26,106.05,0.88,,,,
2024-06-27,105.91,0.74,,,,
2024-06-28,105.87,0.71,,,,
2024-07-01,105.9,0.74,,,,
2024-07-02,105.72,0.56,,,,
2024-07-03,105.4,0.25,,,,
2024-07-04,105.13,-0.01,,,,
2024-07-05,104.88,-0.24,,,,
2024-07-08,105,-0.11,,,,
2024-07-09,105.13,0.04,,,,
2024-07-10,105.05,-0.02,,,,
2024-07-11,104.44,-0.62,,,,
2024-07-12,104.09,-0.95,,,,
2024-07-15,104.19,-0.83,,,,
2024-07-16,104.27,-0.73,,,,
2024-07-17,103.75,-1.21,,,,
2024-07-18,104.17,-0.77,,,,
2024-07-19,104.4,-0.52,,,,
2024-07-22,104.31,-0.59,,,,
2024-07-23,104.45,-0.44,,,,
2024-07-24,104.39,-0.50,,,,
2024-07-25,104.36,-0.53,,,,
2024-07-26,104.32,-0.57,,,,
2024-07-29,104.56,-0.33,,,,
2024-07-30,104.55,-0.34,,,,
2024-07-31,104.1,-0.77,,,,
2024-08-01,104.42,-0.44,,,,
2024-08-02,103.21,-1.62,,,,
2024-08-05,102.69,-2.10,,,,
2024-08-06,102.97,-1.79,,,,
2024-08-07,103.2,-1.52,,,,
2024-08-08,103.21,-1.48,,,,
2024-08-09,103.14,-1.52,,,,
2024-08-12,103.14,-1.50,,,,
2024-08-13,102.56,-2.05,,,,
2024-08-14,102.57,-2.00,,,,
2024-08-15,102.98,-1.57,,,,
2024-08-16,102.46,-2.04,,,,
2024-08-19,101.89,-2.55,,,,
2024-08-20,101.44,-2.92,,,,
2024-08-21,101.04,-3.25,,,,
2024-08-22,101.51,-2.70,,,,
2024-08-23,100.72,-3.40,,,,
2024-08-26,100.85,-3.18,,,,
2024-08-27,100.55,-3.38,,,,
2024-08-28,101.09,-2.76,,,,
2024-08-29,101.34,-2.43,,,,
2024-08-30,101.7,-1.98,,,,
2024-09-02,101.65,-1.96,,,,
2024-09-03,101.82,-1.71,,,,
2024-09-04,101.36,-2.08,,,,
2024-09-05,101.11,-2.23,,,,
2024-09-06,101.18,-2.07,,,,
2024-09-09,101.55,-1.61,,,,
2024-09-10,101.63,-1.45,,,,
2024-09-11,101.68,-1.32,,,,
2024-09-12,101.37,-1.56,,,,
2024-09-13,101.11,-1.74,,,,
2024-09-16,100.76,-2.01,,,,
2024-09-17,100.89,-1.79,,,,
2024-09-18,100.6,-1.99,,,,
2024-09-19,100.61,-1.91,,,,
2024-09-20,100.72,-1.73,,,,
2024-09-22,100.78,-1.60,,,,
2024-09-23,100.93,-1.39,,,,
2024-09-24,100.24,-2.01,,,,
2024-09-25,100.91,-1.27,,,,
2024-09-26,100.52,-1.58,,,,
2024-09-27,100.38,-1.64,,,,
2024-09-30,100.78,-1.17,,,,
2024-10-01,101.19,-0.70,,,,
2024-10-02,101.68,-0.15,,,,
2024-10-03,101.99,0.20,,,,
2024-10-04,102.52,0.77,,,,
2024-10-07,102.54,0.83,,,,
2024-10-08,102.55,0.88,,,,
2024-10-09,102.93,1.29,,,,
2024-10-10,102.99,1.35,,,,
2024-10-11,102.89,1.25,,,,
2024-10-14,103.3,1.65,,,,
2024-10-15,103.26,1.61,,,,
2024-10-16,103.59,1.93,,,,
2024-10-17,103.83,2.16,,,,
2024-10-18,103.49,1.81,,,,
2024-10-21,104.01,2.30,,,,
2024-10-22,104.08,2.34,,,,
2024-10-23,104.43,2.66,,,,
2024-10-24,104.06,2.26,,,,
2024-10-25,104.26,2.41,,,,
2024-10-28,104.32,2.41,,,,
2024-10-29,104.32,2.35,,,,
2024-10-30,103.99,1.97,,,,
2024-10-31,103.98,1.89,,,,
2024-11-01,104.28,2.13,,,,
2024-11-04,103.89,1.67,,,,
2024-11-05,103.42,1.15,,,,
2024-11-06,105.09,2.75,,,,
2024-11-07,104.51,2.11,,,,
2024-11-08,105,2.53,,,,
,,,,,,
,,,,,,
,,,,,,
,,,,,,
,,,,,,
,,,,,,
,,,,,,
,,,,,,
,,,,,,
,,,,,,
,,,,,,
,,,,,,
,,,,,,
,,,,,,
