Date,Spread
2013-08-06,2.3
2013-08-07,2.33
2013-08-08,2.31
2013-08-09,2.3
2013-08-12,2.28
2013-08-13,2.24
2013-08-14,2.3
2013-08-16,2.23
2013-08-19,2.23
2013-08-20,2.21
2013-08-21,2.21
2013-08-22,2.17
2013-08-23,2.16
2013-08-26,2.15
2013-08-27,2.17
2013-08-28,2.14
2013-08-29,2.12
2013-08-30,2.09
2013-09-03,2.1
2013-09-04,2.04
2013-09-05,2.02
2013-09-06,2.08
2013-09-09,2.08
2013-09-10,2.05
2013-09-11,2.06
2013-09-12,2.04
2013-09-13,2.06
2013-09-16,2.07
2013-09-17,2.07
2013-09-23,2.12
2013-09-24,2.15
2013-09-25,2.18
2013-09-26,2.18
2013-09-27,2.19
2013-09-30,2.19
2013-10-01,2.18
2013-10-02,2.2
2013-10-04,2.17
2013-10-07,2.18
2013-10-08,2.15
2013-10-10,2.19
2013-10-11,2.2
2013-10-15,2.2
2013-10-16,2.23
2013-10-17,2.24
2013-10-18,2.2
2013-10-21,2.21
2013-10-22,2.24
2013-10-23,2.19
2013-10-24,2.21
2013-10-25,2.21
2013-10-28,2.238
2013-10-29,2.214
2013-10-30,2.214
2013-10-31,2.249
2013-11-01,2.234
2013-11-04,2.265
2013-11-05,2.288
2013-11-06,2.304
2013-11-07,2.35
2013-11-08,2.266
2013-11-12,2.31
2013-11-13,2.329
2013-11-14,2.378
2013-11-15,2.36
2013-11-18,2.375
2013-11-19,2.374
2013-11-20,2.387
2013-11-21,2.425
2013-11-22,2.375
2013-11-25,2.397
2013-11-26,2.41
2013-11-27,2.42
2013-11-29,2.45
2013-12-02,2.449
2013-12-03,2.46
2013-12-04,2.425
2013-12-05,2.409
2013-12-06,2.368
2013-12-09,2.343
2013-12-10,2.371
2013-12-11,2.375
2013-12-12,2.336
2013-12-13,2.28
2013-12-16,2.24
2013-12-17,2.233
2013-12-18,2.261
2013-12-19,2.193
2013-12-20,2.138
2013-12-23,2.111
2013-12-24,2.087
2013-12-26,2.073
2013-12-27,2.044
2013-12-30,2.088
2013-12-31,2.078
2014-01-02,2.153
2014-01-03,2.124
2014-01-06,2.083
2014-01-07,2.064
2014-01-08,1.988
2014-01-09,2.035
2014-01-10,2.141
2014-01-13,2.15
2014-01-14,2.124
2014-01-15,2.096
2014-01-16,2.089
2014-01-17,2.105
2014-01-21,2.098
2014-01-22,2.069
2014-01-23,2.132
2014-01-24,2.111
2014-01-27,2.121
2014-01-28,2.121
2014-01-29,2.17
2014-02-03,2.242
2014-02-04,2.2
2014-02-05,2.195
2014-02-06,2.16
2014-02-07,2.195
2014-02-10,2.185
2014-02-11,2.13
2014-02-12,2.102
2014-02-13,2.137
2014-02-14,2.132
2014-02-18,2.192
2014-02-19,2.165
2014-02-20,2.136
2014-02-21,2.168
2014-02-24,2.15
2014-02-25,2.16
2014-02-26,2.177
2014-02-27,2.168
2014-02-28,2.16
2014-03-03,2.232
2014-03-04,2.201
2014-03-05,2.185
2014-03-06,2.165
2014-03-07,2.105
2014-03-10,2.093
2014-03-11,2.09
2014-03-12,2.085
2014-03-13,2.126
2014-03-14,2.086
2014-03-17,2.077
2014-03-18,2.09
2014-03-19,1.92
2014-03-20,1.965
2014-03-21,1.975
2014-03-24,1.959
2014-03-25,1.959
2014-03-26,1.995
2014-03-27,1.978
2014-03-28,1.938
2014-03-31,1.97
2014-04-01,1.963
2014-04-02,1.941
2014-04-03,1.932
2014-04-04,1.996
2014-04-07,2
2014-04-08,1.995
2014-04-09,2.006
2014-04-10,2.05
2014-04-11,2.056
2014-04-14,2.054
2014-04-15,2.039
2014-04-16,2.02
2014-04-17,1.96
2014-04-21,1.975
2014-04-22,1.948
2014-04-23,1.971
2014-04-24,1.97
2014-04-25,1.974
2014-04-28,1.978
2014-04-29,1.965
2014-04-30,2.003
2014-05-02,1.97
2014-05-07,1.962
2014-05-08,1.99
2014-05-09,1.976
2014-05-12,1.979
2014-05-13,2.02
2014-05-14,2.042
2014-05-15,2.029
2014-05-16,2.036
2014-05-19,2.047
2014-05-20,2.077
2014-05-21,2.052
2014-05-22,2.05
2014-05-23,2.041
2014-05-27,2.04
2014-05-28,2.059
2014-05-29,2.035
2014-05-30,2.026
2014-06-02,1.995
2014-06-03,1.987
2014-06-05,2.019
2014-06-09,1.96
2014-06-10,1.889
2014-06-11,1.913
2014-06-12,1.909
2014-06-13,1.81
2014-06-16,1.771
2014-06-17,1.738
2014-06-18,1.775
2014-06-19,1.741
2014-06-20,1.722
2014-06-23,1.73
2014-06-24,1.733
2014-06-25,1.767
2014-06-26,1.805
2014-06-27,1.814
2014-06-30,1.801
2014-07-01,1.764
2014-07-02,1.63
2014-07-03,1.615
2014-07-07,1.612
2014-07-08,1.657
2014-07-09,1.641
2014-07-10,1.66
2014-07-11,1.666
2014-07-14,1.645
2014-07-15,1.62
2014-07-16,1.6
2014-07-17,1.574
2014-07-18,1.549
2014-07-21,1.531
2014-07-22,1.543
2014-07-23,1.504
2014-07-24,1.497
2014-07-25,1.514
2014-07-28,1.495
2014-07-29,1.518
2014-07-30,1.472
2014-07-31,1.495
2014-08-01,1.6
2014-08-04,1.615
2014-08-05,1.588
2014-08-06,1.605
2014-08-07,1.636
2014-08-08,1.59
2014-08-11,1.58
2014-08-12,1.599
2014-08-13,1.635
2014-08-14,1.668
2014-08-18,1.672
2014-08-19,1.673
2014-08-20,1.635
2014-08-21,1.632
2014-08-22,1.604
2014-08-25,1.579
2014-08-26,1.56
2014-08-27,1.556
2014-08-28,1.576
2014-08-29,1.571
2014-09-02,1.522
2014-09-03,1.544
2014-09-04,1.53
2014-09-05,1.518
2014-09-11,1.426
2014-09-12,1.336
2014-09-15,1.343
2014-09-16,1.33
2014-09-17,1.289
2014-09-18,1.265
2014-09-19,1.28
2014-09-22,1.294
2014-09-23,1.3
2014-09-24,1.255
2014-09-25,1.297
2014-09-26,1.237
2014-09-29,1.263
2014-09-30,1.227
2014-10-01,1.219
2014-10-02,1.237
2014-10-06,1.238
2014-10-07,1.305
2014-10-08,1.388
2014-10-10,1.37
2014-10-14,1.478
2014-10-15,1.554
2014-10-16,1.502
2014-10-17,1.455
2014-10-20,1.499
2014-10-21,1.474
2014-10-22,1.435
2014-10-23,1.387
2014-10-24,1.389
2014-10-27,1.409
2014-10-28,1.377
2014-10-29,1.277
2014-10-30,1.286
2014-10-31,1.188
2014-11-03,1.16
2014-11-04,1.126
2014-11-05,1.123
2014-11-06,1.071
2014-11-07,1.14
2014-11-10,1.118
2014-11-12,1.204
2014-11-13,1.24
2014-11-14,1.24
2014-11-17,1.229
2014-11-18,1.22
2014-11-19,1.19
2014-11-20,1.186
2014-11-21,1.201
2014-11-24,1.171
2014-11-25,1.165
2014-11-26,1.168
2014-11-28,1.194
2014-12-01,1.173
2014-12-02,1.119
2014-12-03,1.142
2014-12-04,1.193
2014-12-05,1.076
2014-12-08,1.117
2014-12-09,1.109
2014-12-10,1.17
2014-12-11,1.076
2014-12-12,1.132
2014-12-15,1.094
2014-12-16,1.139
2014-12-17,1.109
2014-12-18,1.083
2014-12-19,1.08
2014-12-22,1.026
2014-12-23,0.986
2014-12-24,0.967
2014-12-26,0.968
2014-12-29,0.994
2014-12-30,0.989
2014-12-31,0.998
2015-01-02,1.065
2015-01-05,1.058
2015-01-06,1.059
2015-01-07,1.076
2015-01-08,1.072
2015-01-09,1.096
2015-01-12,1.096
2015-01-13,1.144
2015-01-14,1.144
2015-01-15,1.294
2015-01-16,1.212
2015-01-20,1.181
2015-01-21,1.175
2015-01-22,1.163
2015-01-23,1.167
2015-01-26,1.134
2015-01-27,1.159
2015-01-28,1.194
2015-01-29,1.158
2015-01-30,1.2
2015-02-02,1.205
2015-02-03,1.085
2015-02-04,1.101
2015-02-05,1.105
2015-02-06,0.932
2015-02-09,0.937
2015-02-10,1.006
2015-02-11,0.991
2015-02-12,1.055
2015-02-13,1.02
2015-02-17,0.954
2015-02-23,1.031
2015-02-24,1.093
2015-02-25,1.057
2015-02-26,1
2015-02-27,1.024
2015-03-02,0.94
2015-03-03,0.9
2015-03-04,0.91
2015-03-05,0.928
2015-03-06,0.783
2015-03-09,0.794
2015-03-10,0.837
2015-03-11,0.817
2015-03-12,0.836
2015-03-13,0.799
2015-03-16,0.796
2015-03-17,0.802
2015-03-18,0.939
2015-03-19,0.835
2015-03-20,0.847
2015-03-23,0.863
2015-03-24,0.885
2015-03-25,0.845
2015-03-26,0.799
2015-03-27,0.85
2015-03-30,0.818
2015-03-31,0.831
2015-04-01,0.86
2015-04-02,0.851
2015-04-03,0.914
2015-04-06,0.884
2015-04-07,0.871
2015-04-08,0.867
2015-04-09,0.808
2015-04-10,0.804
2015-04-13,0.842
2015-04-14,0.881
2015-04-15,0.871
2015-04-16,0.914
2015-04-17,0.851
2015-04-20,0.833
2015-04-21,0.85
2015-04-22,0.8
2015-04-23,0.875
2015-04-24,0.931
2015-04-27,0.916
2015-04-28,0.929
2015-04-29,0.932
2015-04-30,0.933
2015-05-04,0.936
2015-05-06,0.939
2015-05-07,0.946
2015-05-08,0.928
2015-05-11,0.856
2015-05-12,0.942
2015-05-13,0.894
2015-05-14,0.947
2015-05-15,0.981
2015-05-18,0.939
2015-05-19,0.893
2015-05-20,0.898
2015-05-21,0.93
2015-05-22,0.861
2015-05-26,0.856
2015-05-27,0.809
2015-05-28,0.828
2015-05-29,0.805
2015-06-01,0.756
2015-06-02,0.706
2015-06-03,0.687
2015-06-04,0.727
2015-06-05,0.611
2015-06-08,0.639
2015-06-09,0.613
2015-06-10,0.623
2015-06-11,0.677
2015-06-12,0.642
2015-06-15,0.664
2015-06-16,0.686
2015-06-17,0.77
2015-06-18,0.748
2015-06-19,0.78
2015-06-22,0.727
2015-06-23,0.725
2015-06-24,0.746
2015-06-25,0.754
2015-06-26,0.728
2015-06-29,0.793
2015-06-30,0.783
2015-07-01,0.725
2015-07-02,0.818
2015-07-06,0.879
2015-07-07,0.865
2015-07-08,0.897
2015-07-09,0.852
2015-07-10,0.766
2015-07-13,0.744
2015-07-14,0.766
2015-07-15,0.795
2015-07-16,0.739
2015-07-17,0.734
2015-07-20,0.685
2015-07-21,0.701
2015-07-22,0.669
2015-07-23,0.656
2015-07-24,0.666
2015-07-27,0.703
2015-07-28,0.701
2015-07-29,0.666
2015-07-30,0.665
2015-07-31,0.768
2015-08-03,0.77
2015-08-04,0.694
2015-08-05,0.692
2015-08-06,0.706
2015-08-07,0.703
2015-08-10,0.673
2015-08-11,0.707
2015-08-12,0.695
2015-08-13,0.669
2015-08-17,0.653
2015-08-18,0.646
2015-08-19,0.75
2015-08-20,0.714
2015-08-21,0.759
2015-08-24,0.793
2015-08-25,0.728
2015-08-26,0.739
2015-08-27,0.715
2015-08-28,0.678
2015-08-31,0.665
2015-09-01,0.695
2015-09-02,0.656
2015-09-03,0.674
2015-09-04,0.645
2015-09-08,0.618
2015-09-09,0.62
2015-09-10,0.59
2015-09-11,0.625
2015-09-14,0.637
2015-09-15,0.533
2015-09-16,0.54
2015-09-17,0.683
2015-09-18,0.665
2015-09-21,0.607
2015-09-22,0.654
2015-09-23,0.619
2015-09-24,0.66
2015-09-25,0.615
2015-09-30,0.648
2015-10-01,0.676
2015-10-02,0.734
2015-10-05,0.687
2015-10-06,0.691
2015-10-07,0.694
2015-10-08,0.685
2015-10-13,0.718
2015-10-14,0.817
2015-10-15,0.723
2015-10-16,0.712
2015-10-19,0.732
2015-10-20,0.71
2015-10-21,0.739
2015-10-22,0.764
2015-10-23,0.71
2015-10-26,0.705
2015-10-27,0.71
2015-10-28,0.626
2015-10-29,0.591
2015-10-30,0.607
2015-11-02,0.578
2015-11-03,0.565
2015-11-04,0.517
2015-11-05,0.531
2015-11-06,0.499
2015-11-09,0.533
2015-11-10,0.561
2015-11-12,0.547
2015-11-13,0.578
2015-11-16,0.569
2015-11-17,0.578
2015-11-18,0.542
2015-11-19,0.526
2015-11-20,0.532
2015-11-23,0.501
2015-11-24,0.537
2015-11-25,0.519
2015-11-27,0.568
2015-11-30,0.545
2015-12-01,0.582
2015-12-02,0.532
2015-12-03,0.485
2015-12-04,0.531
2015-12-07,0.547
2015-12-08,0.513
2015-12-09,0.542
2015-12-10,0.495
2015-12-11,0.588
2015-12-14,0.482
2015-12-15,0.443
2015-12-16,0.398
2015-12-17,0.396
2015-12-18,0.423
2015-12-21,0.378
2015-12-22,0.362
2015-12-23,0.348
2015-12-24,0.332
2015-12-28,0.347
2015-12-29,0.275
2015-12-30,0.302
2015-12-31,0.352
2016-01-04,0.324
2016-01-05,0.323
2016-01-06,0.379
2016-01-07,0.419
2016-01-08,0.465
2016-01-11,0.435
2016-01-12,0.458
2016-01-13,0.483
2016-01-14,0.508
2016-01-15,0.568
2016-01-19,0.534
2016-01-20,0.557
2016-01-21,0.551
2016-01-22,0.511
2016-01-25,0.521
2016-01-26,0.529
2016-01-27,0.534
2016-01-28,0.568
2016-01-29,0.594
2016-02-01,0.515
2016-02-02,0.586
2016-02-03,0.586
2016-02-04,0.594
2016-02-05,0.596
2016-02-11,0.64
2016-02-12,0.585
2016-02-16,0.521
2016-02-17,0.505
2016-02-18,0.571
2016-02-19,0.558
2016-02-22,0.56
2016-02-23,0.581
2016-02-24,0.569
2016-02-25,0.614
2016-02-26,0.522
2016-02-29,0.544
2016-03-02,0.469
2016-03-03,0.514
2016-03-04,0.482
2016-03-07,0.422
2016-03-08,0.441
2016-03-09,0.4
2016-03-10,0.39
2016-03-11,0.39
2016-03-14,0.382
2016-03-15,0.373
2016-03-16,0.492
2016-03-17,0.475
2016-03-18,0.499
2016-03-21,0.446
2016-03-22,0.432
2016-03-23,0.482
2016-03-24,0.45
2016-03-28,0.439
2016-03-29,0.509
2016-03-30,0.54
2016-03-31,0.574
2016-04-01,0.548
2016-04-04,0.56
2016-04-05,0.603
2016-04-06,0.578
2016-04-07,0.638
2016-04-08,0.623
2016-04-11,0.616
2016-04-12,0.565
2016-04-14,0.582
2016-04-15,0.624
2016-04-18,0.607
2016-04-19,0.581
2016-04-20,0.504
2016-04-21,0.503
2016-04-22,0.462
2016-04-25,0.445
2016-04-26,0.412
2016-04-27,0.466
2016-04-28,0.52
2016-04-29,0.533
2016-05-02,0.505
2016-05-03,0.525
2016-05-04,0.544
2016-05-09,0.553
2016-05-10,0.532
2016-05-11,0.547
2016-05-12,0.502
2016-05-13,0.532
2016-05-16,0.503
2016-05-17,0.485
2016-05-18,0.392
2016-05-19,0.432
2016-05-20,0.421
2016-05-23,0.417
2016-05-24,0.364
2016-05-25,0.381
2016-05-26,0.438
2016-05-27,0.408
2016-05-31,0.466
2016-06-01,0.368
2016-06-02,0.413
2016-06-03,0.503
2016-06-07,0.465
2016-06-08,0.448
2016-06-09,0.435
2016-06-10,0.452
2016-06-13,0.471
2016-06-14,0.487
2016-06-15,0.529
2016-06-16,0.508
2016-06-17,0.504
2016-06-20,0.489
2016-06-21,0.453
2016-06-22,0.475
2016-06-23,0.417
2016-06-24,0.489
2016-06-27,0.536
2016-06-28,0.538
2016-06-29,0.498
2016-06-30,0.537
2016-07-01,0.5
2016-07-05,0.557
2016-07-06,0.513
2016-07-07,0.518
2016-07-08,0.506
2016-07-11,0.443
2016-07-12,0.407
2016-07-13,0.411
2016-07-14,0.385
2016-07-15,0.351
2016-07-18,0.379
2016-07-19,0.387
2016-07-20,0.361
2016-07-21,0.413
2016-07-22,0.387
2016-07-25,0.355
2016-07-26,0.35
2016-07-27,0.392
2016-07-28,0.383
2016-07-29,0.456
2016-08-01,0.432
2016-08-02,0.422
2016-08-03,0.467
2016-08-04,0.478
2016-08-05,0.365
2016-08-08,0.386
2016-08-09,0.407
2016-08-10,0.415
2016-08-11,0.342
2016-08-12,0.41
2016-08-16,0.349
2016-08-17,0.373
2016-08-18,0.418
2016-08-19,0.351
2016-08-22,0.372
2016-08-23,0.368
2016-08-24,0.359
2016-08-25,0.346
2016-08-26,0.281
2016-08-29,0.352
2016-08-30,0.363
2016-08-31,0.388
2016-09-01,0.423
2016-09-02,0.406
2016-09-06,0.44
2016-09-07,0.418
2016-09-08,0.378
2016-09-09,0.398
2016-09-12,0.436
2016-09-13,0.4
2016-09-19,0.425
2016-09-20,0.406
2016-09-21,0.407
2016-09-22,0.386
2016-09-23,0.403
2016-09-26,0.438
2016-09-27,0.445
2016-09-28,0.434
2016-09-29,0.447
2016-09-30,0.367
2016-10-04,0.326
2016-10-05,0.336
2016-10-06,0.321
2016-10-07,0.336
2016-10-11,0.343
2016-10-12,0.363
2016-10-13,0.323
2016-10-14,0.319
2016-10-17,0.37
2016-10-18,0.393
2016-10-19,0.392
2016-10-20,0.374
2016-10-21,0.401
2016-10-24,0.385
2016-10-25,0.398
2016-10-26,0.395
2016-10-27,0.378
2016-10-28,0.418
2016-10-31,0.438
2016-11-01,0.461
2016-11-02,0.456
2016-11-03,0.448
2016-11-04,0.481
2016-11-07,0.436
2016-11-08,0.385
2016-11-09,0.282
2016-11-10,0.295
2016-11-14,0.34
2016-11-15,0.355
2016-11-16,0.409
2016-11-17,0.403
2016-11-18,0.376
2016-11-21,0.365
2016-11-22,0.385
2016-11-23,0.375
2016-11-25,0.401
2016-11-28,0.384
2016-11-29,0.339
2016-11-30,0.31
2016-12-01,0.276
2016-12-02,0.345
2016-12-05,0.307
2016-12-06,0.327
2016-12-07,0.346
2016-12-08,0.314
2016-12-09,0.305
2016-12-12,0.294
2016-12-13,0.216
2016-12-14,0.074
2016-12-15,0.087
2016-12-16,0.098
2016-12-19,0.144
2016-12-20,0.154
2016-12-21,0.147
2016-12-22,0.117
2016-12-23,0.125
2016-12-27,0.074
2016-12-28,0.093
2016-12-29,0.148
2016-12-30,0.168
2017-01-03,0.117
2017-01-04,0.13
2017-01-05,0.177
2017-01-06,0.126
2017-01-09,0.193
2017-01-10,0.177
2017-01-11,0.183
2017-01-12,0.174
2017-01-13,0.155
2017-01-17,0.208
2017-01-18,0.139
2017-01-19,0.147
2017-01-20,0.155
2017-01-23,0.21
2017-01-24,0.138
2017-01-25,0.127
2017-01-26,0.197
2017-01-31,0.215
2017-02-01,0.195
2017-02-02,0.194
2017-02-03,0.195
2017-02-06,0.232
2017-02-07,0.211
2017-02-08,0.252
2017-02-09,0.188
2017-02-10,0.198
2017-02-13,0.183
2017-02-14,0.123
2017-02-15,0.091
2017-02-16,0.156
2017-02-17,0.175
2017-02-21,0.171
2017-02-22,0.2
2017-02-23,0.236
2017-02-24,0.286
2017-02-27,0.203
2017-02-28,0.18
2017-03-02,0.113
2017-03-03,0.123
2017-03-06,0.146
2017-03-07,0.164
2017-03-08,0.134
2017-03-09,0.119
2017-03-10,0.12
2017-03-13,0.075
2017-03-14,0.078
2017-03-15,0.169
2017-03-16,0.065
2017-03-17,0.075
2017-03-20,0.1
2017-03-21,0.13
2017-03-22,0.143
2017-03-23,0.146
2017-03-24,0.158
2017-03-27,0.14
2017-03-28,0.097
2017-03-29,0.123
2017-03-30,0.115
2017-03-31,0.162
2017-04-03,0.198
2017-04-04,0.176
2017-04-05,0.214
2017-04-06,0.229
2017-04-07,0.161
2017-04-10,0.202
2017-04-11,0.243
2017-04-12,0.246
2017-04-13,0.274
2017-04-17,0.253
2017-04-18,0.326
2017-04-19,0.29
2017-04-20,0.264
2017-04-21,0.284
2017-04-24,0.261
2017-04-25,0.187
2017-04-26,0.222
2017-04-27,0.233
2017-04-28,0.225
2017-05-02,0.24
2017-05-04,0.171
2017-05-08,0.177
2017-05-10,0.173
2017-05-11,0.177
2017-05-12,0.22
2017-05-15,0.22
2017-05-16,0.237
2017-05-17,0.264
2017-05-18,0.243
2017-05-19,0.221
2017-05-22,0.235
2017-05-23,0.186
2017-05-24,0.231
2017-05-25,0.221
2017-05-26,0.217
2017-05-30,0.218
2017-05-31,0.221
2017-06-01,0.195
2017-06-02,0.21
2017-06-05,0.173
2017-06-07,0.171
2017-06-08,0.167
2017-06-09,0.132
2017-06-12,0.197
2017-06-13,0.151
2017-06-14,0.201
2017-06-15,0.192
2017-06-16,0.215
2017-06-19,0.163
2017-06-20,0.185
2017-06-21,0.192
2017-06-22,0.221
2017-06-23,0.208
2017-06-26,0.206
2017-06-27,0.151
2017-06-28,0.201
2017-06-29,0.17
2017-06-30,0.148
2017-07-03,0.116
2017-07-05,0.155
2017-07-06,0.15
2017-07-07,0.181
2017-07-10,0.166
2017-07-11,0.192
2017-07-12,0.232
2017-07-13,0.195
2017-07-14,0.21
2017-07-17,0.224
2017-07-18,0.226
2017-07-19,0.227
2017-07-20,0.23
2017-07-21,0.221
2017-07-24,0.19
2017-07-25,0.149
2017-07-26,0.229
2017-07-27,0.192
2017-07-28,0.213
2017-07-31,0.214
2017-08-01,0.233
2017-08-02,0.21
2017-08-03,0.247
2017-08-04,0.232
2017-08-07,0.252
2017-08-08,0.275
2017-08-09,0.333
2017-08-10,0.334
2017-08-11,0.374
2017-08-14,0.322
2017-08-16,0.331
2017-08-17,0.341
2017-08-18,0.307
2017-08-21,0.324
2017-08-22,0.323
2017-08-23,0.347
2017-08-24,0.331
2017-08-25,0.285
2017-08-28,0.298
2017-08-29,0.342
2017-08-30,0.312
2017-08-31,0.307
2017-09-01,0.287
2017-09-05,0.38
2017-09-06,0.355
2017-09-07,0.402
2017-09-08,0.368
2017-09-11,0.317
2017-09-12,0.293
2017-09-13,0.262
2017-09-14,0.242
2017-09-15,0.209
2017-09-18,0.202
2017-09-19,0.229
2017-09-20,0.175
2017-09-21,0.191
2017-09-22,0.195
2017-09-25,0.226
2017-09-26,0.262
2017-09-27,0.287
2017-09-28,0.298
2017-09-29,0.268
2017-10-10,0.298
2017-10-11,0.269
2017-10-12,0.24
2017-10-13,0.276
2017-10-16,0.247
2017-10-17,0.257
2017-10-18,0.235
2017-10-19,0.316
2017-10-20,0.368
2017-10-23,0.332
2017-10-24,0.327
2017-10-25,0.354
2017-10-26,0.422
2017-10-27,0.434
2017-10-30,0.427
2017-10-31,0.434
2017-11-01,0.4
2017-11-02,0.396
2017-11-03,0.393
2017-11-06,0.422
2017-11-07,0.383
2017-11-08,0.381
2017-11-09,0.397
2017-11-10,0.367
2017-11-13,0.36
2017-11-14,0.401
2017-11-15,0.387
2017-11-16,0.341
2017-11-17,0.344
2017-11-20,0.296
2017-11-21,0.276
2017-11-22,0.33
2017-11-24,0.319
2017-11-27,0.313
2017-11-28,0.269
2017-11-29,0.252
2017-11-30,0.175
2017-12-01,0.181
2017-12-04,0.153
2017-12-05,0.172
2017-12-06,0.164
2017-12-07,0.174
2017-12-08,0.174
2017-12-11,0.137
2017-12-12,0.127
2017-12-13,0.178
2017-12-14,0.16
2017-12-15,0.128
2017-12-18,0.15
2017-12-19,0.127
2017-12-20,0.107
2017-12-21,0.084
2017-12-22,0.121
2017-12-26,0.109
2017-12-27,0.16
2017-12-28,0.134
2017-12-29,0.155
2018-01-02,0.109
2018-01-03,0.107
2018-01-04,0.092
2018-01-05,0.039
2018-01-08,0.065
2018-01-09,0.059
2018-01-10,0.092
2018-01-11,0.062
2018-01-12,0.054
2018-01-16,0.105
2018-01-17,0.077
2018-01-18,0.002
2018-01-19,-0.03
2018-01-22,-0.007
2018-01-23,0.012
2018-01-24,-0.003
2018-01-25,0.015
2018-01-26,-0.018
2018-01-29,0.021
2018-01-30,0.034
2018-01-31,-0.016
2018-02-01,-0.081
2018-02-02,-0.08
2018-02-05,0.037
2018-02-06,-0.047
2018-02-07,-0.082
2018-02-08,-0.048
2018-02-09,0.018
2018-02-12,0.002
2018-02-13,-0.022
2018-02-14,-0.135
2018-02-20,-0.084
2018-02-21,-0.134
2018-02-22,-0.117
2018-02-23,-0.105
2018-02-26,-0.107
2018-02-27,-0.172
2018-02-28,-0.154
2018-03-02,-0.11
2018-03-05,-0.099
2018-03-06,-0.108
2018-03-07,-0.123
2018-03-08,-0.134
2018-03-09,-0.157
2018-03-12,-0.125
2018-03-13,-0.109
2018-03-14,-0.136
2018-03-15,-0.152
2018-03-16,-0.164
2018-03-19,-0.175
2018-03-20,-0.204
2018-03-21,-0.169
2018-03-22,-0.174
2018-03-23,-0.187
2018-03-26,-0.196
2018-03-27,-0.158
2018-03-28,-0.188
2018-03-29,-0.163
2018-04-02,-0.145
2018-04-03,-0.217
2018-04-04,-0.252
2018-04-05,-0.275
2018-04-06,-0.244
2018-04-09,-0.263
2018-04-10,-0.265
2018-04-11,-0.285
2018-04-12,-0.334
2018-04-13,-0.355
2018-04-16,-0.351
2018-04-17,-0.342
2018-04-18,-0.374
2018-04-19,-0.385
2018-04-20,-0.42
2018-04-23,-0.405
2018-04-24,-0.403
2018-04-25,-0.394
2018-04-26,-0.396
2018-04-27,-0.419
2018-04-30,-0.404
2018-05-02,-0.403
2018-05-03,-0.374
2018-05-04,-0.35
2018-05-08,-0.349
2018-05-09,-0.371
2018-05-10,-0.414
2018-05-11,-0.404
2018-05-14,-0.391
2018-05-15,-0.438
2018-05-16,-0.475
2018-05-17,-0.488
2018-05-18,-0.479
2018-05-21,-0.479
2018-05-23,-0.435
2018-05-24,-0.459
2018-05-25,-0.402
2018-05-29,-0.241
2018-05-30,-0.338
2018-05-31,-0.345
2018-06-01,-0.417
2018-06-04,-0.427
2018-06-05,-0.419
2018-06-07,-0.413
2018-06-08,-0.441
2018-06-11,-0.437
2018-06-12,-0.447
2018-06-14,-0.463
2018-06-15,-0.494
2018-06-18,-0.492
2018-06-19,-0.476
2018-06-20,-0.507
2018-06-21,-0.501
2018-06-22,-0.503
2018-06-25,-0.487
2018-06-26,-0.482
2018-06-27,-0.468
2018-06-28,-0.485
2018-06-29,-0.508
2018-07-02,-0.527
2018-07-03,-0.492
2018-07-05,-0.557
2018-07-06,-0.539
2018-07-09,-0.553
2018-07-10,-0.595
2018-07-11,-0.616
2018-07-12,-0.59
2018-07-13,-0.555
2018-07-16,-0.582
2018-07-17,-0.596
2018-07-18,-0.603
2018-07-19,-0.581
2018-07-20,-0.603
2018-07-23,-0.643
2018-07-24,-0.648
2018-07-25,-0.661
2018-07-26,-0.709
2018-07-27,-0.648
2018-07-30,-0.642
2018-07-31,-0.647
2018-08-01,-0.656
2018-08-02,-0.647
2018-08-03,-0.632
2018-08-06,-0.633
2018-08-07,-0.678
2018-08-08,-0.7
2018-08-09,-0.69
2018-08-10,-0.64
2018-08-13,-0.629
2018-08-14,-0.647
2018-08-16,-0.65
2018-08-17,-0.683
2018-08-20,-0.665
2018-08-21,-0.751
2018-08-22,-0.688
2018-08-23,-0.697
2018-08-24,-0.717
2018-08-27,-0.737
2018-08-28,-0.765
2018-08-29,-0.795
2018-08-30,-0.74
2018-08-31,-0.784
2018-09-04,-0.813
2018-09-05,-0.82
2018-09-06,-0.798
2018-09-07,-0.861
2018-09-10,-0.862
2018-09-11,-0.907
2018-09-12,-0.927
2018-09-13,-0.909
2018-09-14,-0.89
2018-09-17,-0.883
2018-09-18,-0.9
2018-09-19,-0.894
2018-09-20,-0.855
2018-09-21,-0.868
2018-09-27,-0.884
2018-09-28,-0.875
2018-10-01,-0.878
2018-10-02,-0.865
2018-10-04,-0.904
2018-10-05,-0.906
2018-10-10,-0.911
2018-10-11,-0.928
2018-10-12,-0.88
2018-10-15,-0.889
2018-10-16,-0.902
2018-10-17,-0.947
2018-10-18,-0.969
2018-10-19,-1.001
2018-10-22,-0.981
2018-10-23,-0.961
2018-10-24,-0.883
2018-10-25,-0.938
2018-10-26,-0.882
2018-10-29,-0.966
2018-10-30,-0.969
2018-10-31,-0.991
2018-11-01,-0.968
2018-11-02,-0.998
2018-11-05,-1.008
2018-11-06,-1.026
2018-11-07,-1.066
2018-11-08,-1.084
2018-11-09,-1.05
2018-11-13,-1.01
2018-11-14,-0.998
2018-11-15,-0.967
2018-11-16,-0.903
2018-11-19,-0.878
2018-11-20,-0.89
2018-11-21,-0.894
2018-11-23,-0.916
2018-11-26,-0.946
2018-11-27,-0.952
2018-11-28,-0.92
2018-11-29,-0.941
2018-11-30,-0.933
2018-12-03,-0.916
2018-12-04,-0.896
2018-12-06,-0.921
2018-12-07,-0.886
2018-12-10,-0.927
2018-12-11,-0.988
2018-12-12,-0.977
2018-12-13,-0.965
2018-12-14,-0.939
2018-12-17,-0.885
2018-12-18,-0.845
2018-12-19,-0.827
2018-12-20,-0.85
2018-12-21,-0.772
2018-12-24,-0.714
2018-12-26,-0.793
2018-12-27,-0.74
2018-12-28,-0.683
2018-12-31,-0.643
2019-01-02,-0.668
2019-01-03,-0.554
2019-01-04,-0.673
2019-01-07,-0.703
2019-01-08,-0.76
2019-01-09,-0.731
2019-01-10,-0.744
2019-01-11,-0.706
2019-01-14,-0.713
2019-01-15,-0.713
2019-01-16,-0.727
2019-01-17,-0.755
2019-01-18,-0.786
2019-01-22,-0.747
2019-01-23,-0.767
2019-01-24,-0.73
2019-01-25,-0.768
2019-01-28,-0.76
2019-01-29,-0.717
2019-01-30,-0.663
2019-01-31,-0.621
2019-02-01,-0.697
2019-02-07,-0.659
2019-02-08,-0.644
2019-02-11,-0.689
2019-02-12,-0.684
2019-02-13,-0.719
2019-02-14,-0.686
2019-02-15,-0.721
2019-02-19,-0.67
2019-02-20,-0.668
2019-02-21,-0.679
2019-02-22,-0.646
2019-02-25,-0.661
2019-02-26,-0.624
2019-02-27,-0.672
2019-02-28,-0.687
2019-03-04,-0.686
2019-03-05,-0.684
2019-03-06,-0.662
2019-03-07,-0.623
2019-03-08,-0.628
2019-03-11,-0.64
2019-03-12,-0.6
2019-03-13,-0.615
2019-03-14,-0.627
2019-03-15,-0.587
2019-03-18,-0.598
2019-03-19,-0.61
2019-03-20,-0.527
2019-03-21,-0.547
2019-03-22,-0.44
2019-03-25,-0.42
2019-03-26,-0.417
2019-03-27,-0.438
2019-03-28,-0.501
2019-03-29,-0.52
2019-04-01,-0.564
2019-04-02,-0.554
2019-04-03,-0.57
2019-04-04,-0.57
2019-04-05,-0.565
2019-04-08,-0.587
2019-04-09,-0.585
2019-04-10,-0.539
2019-04-11,-0.568
2019-04-12,-0.627
2019-04-15,-0.599
2019-04-16,-0.615
2019-04-17,-0.592
2019-04-18,-0.619
2019-04-22,-0.591
2019-04-23,-0.572
2019-04-24,-0.531
2019-04-25,-0.566
2019-04-26,-0.53
2019-04-29,-0.558
2019-04-30,-0.541
2019-05-02,-0.588
2019-05-03,-0.561
2019-05-07,-0.517
2019-05-08,-0.543
2019-05-09,-0.512
2019-05-10,-0.511
2019-05-13,-0.429
2019-05-14,-0.459
2019-05-15,-0.41
2019-05-16,-0.475
2019-05-17,-0.48
2019-05-20,-0.489
2019-05-21,-0.537
2019-05-22,-0.503
2019-05-23,-0.432
2019-05-24,-0.457
2019-05-28,-0.406
2019-05-29,-0.421
2019-05-30,-0.374
2019-05-31,-0.313
2019-06-03,-0.215
2019-06-04,-0.27
2019-06-05,-0.268
2019-06-07,-0.283
2019-06-10,-0.337
2019-06-11,-0.328
2019-06-12,-0.361
2019-06-13,-0.3
2019-06-14,-0.32
2019-06-17,-0.309
2019-06-18,-0.307
2019-06-19,-0.216
2019-06-20,-0.27
2019-06-21,-0.3
2019-06-24,-0.25
2019-06-25,-0.192
2019-06-26,-0.244
2019-06-27,-0.216
2019-06-28,-0.238
2019-07-01,-0.261
2019-07-02,-0.247
2019-07-03,-0.281
2019-07-05,-0.397
2019-07-08,-0.418
2019-07-09,-0.456
2019-07-10,-0.352
2019-07-11,-0.421
2019-07-12,-0.386
2019-07-15,-0.366
2019-07-16,-0.409
2019-07-17,-0.401
2019-07-18,-0.395
2019-07-19,-0.443
2019-07-22,-0.437
2019-07-23,-0.451
2019-07-24,-0.469
2019-07-25,-0.528
2019-07-26,-0.522
2019-07-29,-0.504
2019-07-30,-0.519
2019-07-31,-0.548
2019-08-01,-0.361
2019-08-02,-0.41
2019-08-05,-0.378
2019-08-06,-0.377
2019-08-07,-0.357
2019-08-08,-0.375
2019-08-09,-0.394
2019-08-12,-0.328
2019-08-13,-0.45
2019-08-14,-0.381
2019-08-16,-0.345
2019-08-19,-0.397
2019-08-20,-0.339
2019-08-21,-0.344
2019-08-22,-0.4
2019-08-23,-0.261
2019-08-26,-0.349
2019-08-27,-0.259
2019-08-28,-0.24
2019-08-29,-0.273
2019-08-30,-0.252
2019-09-03,-0.152
2019-09-04,-0.119
2019-09-05,-0.211
2019-09-06,-0.195
2019-09-09,-0.285
2019-09-10,-0.368
2019-09-11,-0.362
2019-09-16,-0.362
2019-09-17,-0.365
2019-09-18,-0.411
2019-09-19,-0.351
2019-09-20,-0.298
2019-09-23,-0.279
2019-09-24,-0.205
2019-09-25,-0.306
2019-09-26,-0.309
2019-09-27,-0.279
2019-09-30,-0.263
2019-10-01,-0.187
2019-10-02,-0.127
2019-10-04,-0.14
2019-10-07,-0.178
2019-10-08,-0.116
2019-10-10,-0.214
2019-10-11,-0.319
2019-10-15,-0.319
2019-10-16,-0.25
2019-10-17,-0.195
2019-10-18,-0.185
2019-10-21,-0.182
2019-10-22,-0.211
2019-10-23,-0.192
2019-10-24,-0.184
2019-10-25,-0.185
2019-10-28,-0.127
2019-10-29,-0.151
2019-10-30,-0.119
2019-10-31,-0.054
2019-11-01,-0.083
2019-11-04,-0.04
2019-11-05,-0.108
2019-11-06,-0.07
2019-11-07,-0.159
2019-11-08,-0.182
2019-11-12,-0.126
2019-11-13,-0.14
2019-11-14,-0.075
2019-11-15,-0.097
2019-11-18,-0.072
2019-11-19,-0.105
2019-11-20,-0.1
2019-11-21,-0.128
2019-11-22,-0.144
2019-11-25,-0.125
2019-11-26,-0.105
2019-11-27,-0.154
2019-11-29,-0.225
2019-12-02,-0.205
2019-12-03,-0.08
2019-12-04,-0.174
2019-12-05,-0.177
2019-12-06,-0.21
2019-12-09,-0.218
2019-12-10,-0.28
2019-12-11,-0.239
2019-12-12,-0.308
2019-12-13,-0.218
2019-12-16,-0.301
2019-12-17,-0.297
2019-12-18,-0.313
2019-12-19,-0.267
2019-12-20,-0.278
2019-12-23,-0.29
2019-12-24,-0.27
2019-12-26,-0.283
2019-12-27,-0.23
2019-12-30,-0.23
2019-12-31,-0.26
2020-01-02,-0.263
2020-01-03,-0.27
2020-01-06,-0.283
2020-01-07,-0.219
2020-01-08,-0.247
2020-01-09,-0.174
2020-01-10,-0.165
2020-01-13,-0.182
2020-01-14,-0.204
2020-01-15,-0.169
2020-01-16,-0.154
2020-01-17,-0.127
2020-01-21,-0.135
2020-01-22,-0.083
2020-01-23,-0.086
2020-01-28,-0.098
2020-01-29,-0.06
2020-01-30,-0.069
2020-01-31,0.003
2020-02-03,-0.049
2020-02-04,-0.069
2020-02-05,-0.123
2020-02-06,-0.119
2020-02-07,-0.11
2020-02-10,-0.064
2020-02-11,-0.091
2020-02-12,-0.123
2020-02-13,-0.145
2020-02-14,-0.07
2020-02-18,-0.099
2020-02-19,-0.106
2020-02-20,-0.116
2020-02-21,-0.118
2020-02-24,-0.071
2020-02-25,0.011
2020-02-26,-0.005
2020-02-27,0.114
2020-02-28,0.254
2020-03-02,0.278
2020-03-03,0.39
2020-03-04,0.349
2020-03-05,0.441
2020-03-06,0.548
2020-03-09,0.638
2020-03-10,0.502
2020-03-11,0.506
2020-03-12,0.482
2020-03-13,0.569
2020-03-16,0.669
2020-03-17,0.49
2020-03-18,0.39
2020-03-19,0.663
2020-03-20,0.697
2020-03-23,0.843
2020-03-24,0.687
2020-03-25,0.721
2020-03-26,0.707
2020-03-27,0.76
2020-03-30,0.808
2020-03-31,0.78
2020-04-01,0.812
2020-04-02,0.769
2020-04-03,0.766
2020-04-06,0.702
2020-04-07,0.687
2020-04-08,0.684
2020-04-09,0.696
2020-04-13,0.686
2020-04-14,0.706
2020-04-16,0.732
2020-04-17,0.746
2020-04-20,0.753
2020-04-21,0.795
2020-04-22,0.786
2020-04-23,0.776
2020-04-24,0.758
2020-04-27,0.736
2020-04-28,0.773
2020-04-29,0.766
2020-05-04,0.735
2020-05-06,0.72
2020-05-07,0.756
2020-05-08,0.704
2020-05-11,0.686
2020-05-12,0.666
2020-05-13,0.656
2020-05-14,0.669
2020-05-15,0.684
2020-05-18,0.647
2020-05-19,0.656
2020-05-20,0.658
2020-05-21,0.646
2020-05-22,0.627
2020-05-26,0.619
2020-05-27,0.643
2020-05-28,0.598
2020-05-29,0.636
2020-06-01,0.631
2020-06-02,0.651
2020-06-03,0.606
2020-06-04,0.626
2020-06-05,0.604
2020-06-08,0.612
2020-06-09,0.611
2020-06-10,0.62
2020-06-11,0.617
2020-06-12,0.621
2020-06-15,0.641
2020-06-16,0.63
2020-06-17,0.644
2020-06-18,0.622
2020-06-19,0.624
2020-06-22,0.626
2020-06-23,0.607
2020-06-24,0.609
2020-06-25,0.607
2020-06-26,0.621
2020-06-29,0.662
2020-06-30,0.662
2020-07-01,0.657
2020-07-02,0.641
2020-07-06,0.664
2020-07-07,0.653
2020-07-08,0.649
2020-07-09,0.66
2020-07-10,0.659
2020-07-13,0.67
2020-07-14,0.664
2020-07-15,0.667
2020-07-16,0.659
2020-07-17,0.632
2020-07-20,0.621
2020-07-21,0.648
2020-07-22,0.64
2020-07-23,0.638
2020-07-24,0.629
2020-07-27,0.623
2020-07-28,0.653
2020-07-29,0.661
2020-07-30,0.659
2020-07-31,0.686
2020-08-03,0.669
2020-08-04,0.702
2020-08-05,0.665
2020-08-06,0.677
2020-08-07,0.67
2020-08-10,0.68
2020-08-11,0.638
2020-08-12,0.637
2020-08-13,0.625
2020-08-14,0.648
2020-08-18,0.64
2020-08-19,0.635
2020-08-20,0.663
2020-08-21,0.694
2020-08-24,0.644
2020-08-25,0.645
2020-08-26,0.655
2020-08-27,0.662
2020-08-28,0.733
2020-08-31,0.79
2020-09-01,0.837
2020-09-02,0.763
2020-09-03,0.769
2020-09-04,0.749
2020-09-08,0.779
2020-09-09,0.745
2020-09-10,0.745
2020-09-11,0.766
2020-09-14,0.759
2020-09-15,0.747
2020-09-16,0.75
2020-09-17,0.754
2020-09-18,0.747
2020-09-21,0.744
2020-09-22,0.747
2020-09-23,0.733
2020-09-24,0.697
2020-09-25,0.705
2020-09-28,0.683
2020-09-29,0.716
2020-10-05,0.691
2020-10-06,0.735
2020-10-07,0.7
2020-10-08,0.727
2020-10-13,0.743
2020-10-14,0.721
2020-10-15,0.697
2020-10-16,0.708
2020-10-19,0.701
2020-10-20,0.721
2020-10-21,0.734
2020-10-22,0.715
2020-10-23,0.7
2020-10-26,0.728
2020-10-27,0.727
2020-10-28,0.724
2020-10-29,0.727
2020-10-30,0.745
2020-11-02,0.771
2020-11-03,0.77
2020-11-04,0.775
2020-11-05,0.747
2020-11-06,0.733
2020-11-09,0.709
2020-11-10,0.716
2020-11-12,0.739
2020-11-13,0.735
2020-11-16,0.73
2020-11-17,0.74
2020-11-18,0.729
2020-11-19,0.735
2020-11-20,0.753
2020-11-23,0.735
2020-11-24,0.743
2020-11-25,0.761
2020-11-27,0.779
2020-11-30,0.793
2020-12-01,0.762
2020-12-02,0.762
2020-12-03,0.765
2020-12-04,0.756
2020-12-07,0.761
2020-12-08,0.759
2020-12-09,0.756
2020-12-10,0.773
2020-12-11,0.8
2020-12-14,0.816
2020-12-15,0.804
2020-12-16,0.809
2020-12-17,0.809
2020-12-18,0.773
2020-12-21,0.779
2020-12-22,0.775
2020-12-23,0.752
2020-12-24,0.78
2020-12-28,0.788
2020-12-29,0.803
2020-12-30,0.808
2020-12-31,0.806
2021-01-04,0.794
2021-01-05,0.766
2021-01-06,0.753
2021-01-07,0.744
2021-01-08,0.738
2021-01-11,0.749
2021-01-12,0.746
2021-01-13,0.759
2021-01-14,0.758
2021-01-15,0.773
2021-01-19,0.764
2021-01-20,0.786
2021-01-21,0.781
2021-01-22,0.803
2021-01-25,0.836
2021-01-26,0.827
2021-01-27,0.802
2021-01-28,0.797
2021-01-29,0.781
2021-02-01,0.824
2021-02-02,0.8
2021-02-03,0.788
2021-02-04,0.804
2021-02-05,0.792
2021-02-08,0.801
2021-02-09,0.8
2021-02-10,0.805
2021-02-16,0.754
2021-02-17,0.776
2021-02-18,0.775
2021-02-19,0.776
2021-02-22,0.8
2021-02-23,0.8
2021-02-24,0.766
2021-02-25,0.655
2021-02-26,0.72
2021-03-02,0.761
2021-03-03,0.729
2021-03-04,0.71
2021-03-05,0.746
2021-03-08,0.799
2021-03-09,0.856
2021-03-10,0.862
2021-03-11,0.869
2021-03-12,0.883
2021-03-15,0.908
2021-03-16,0.847
2021-03-17,0.887
2021-03-18,0.803
2021-03-19,0.816
2021-03-22,0.81
2021-03-23,0.822
2021-03-24,0.805
2021-03-25,0.789
2021-03-26,0.807
2021-03-29,0.799
2021-03-30,0.825
2021-03-31,0.783
2021-04-01,0.788
2021-04-02,0.761
2021-04-05,0.832
2021-04-06,0.831
2021-04-07,0.841
2021-04-08,0.822
2021-04-09,0.818
2021-04-12,0.76
2021-04-13,0.788
2021-04-14,0.752
2021-04-15,0.827
2021-04-16,0.814
2021-04-19,0.789
2021-04-20,0.824
2021-04-21,0.79
2021-04-22,0.785
2021-04-23,0.78
2021-04-26,0.769
2021-04-27,0.737
2021-04-28,0.755
2021-04-29,0.771
2021-04-30,0.791
2021-05-03,0.819
2021-05-04,0.828
2021-05-06,0.82
2021-05-07,0.847
2021-05-10,0.816
2021-05-11,0.818
2021-05-12,0.771
2021-05-13,0.793
2021-05-14,0.786
2021-05-17,0.767
2021-05-18,0.759
2021-05-20,0.763
2021-05-21,0.755
2021-05-24,0.796
2021-05-25,0.842
2021-05-26,0.851
2021-05-27,0.814
2021-05-28,0.862
2021-06-01,0.903
2021-06-02,0.906
2021-06-03,0.851
2021-06-04,0.9
2021-06-07,0.871
2021-06-08,0.854
2021-06-09,0.827
2021-06-10,0.982
2021-06-11,0.966
2021-06-14,0.957
2021-06-15,0.967
2021-06-16,0.876
2021-06-17,0.897
2021-06-18,0.843
2021-06-21,0.871
2021-06-22,0.891
2021-06-23,0.868
2021-06-24,0.904
2021-06-25,0.961
2021-06-28,1
2021-06-29,0.989
2021-06-30,0.988
2021-07-01,0.999
2021-07-02,1.034
2021-07-06,1.045
2021-07-07,1
2021-07-08,0.988
2021-07-09,0.965
2021-07-12,0.954
2021-07-13,0.954
2021-07-14,0.95
2021-07-15,1.067
2021-07-16,1.021
2021-07-19,1.079
2021-07-20,1.04
2021-07-21,0.993
2021-07-22,1.027
2021-07-23,1.013
2021-07-26,0.989
2021-07-27,1.01
2021-07-28,1.039
2021-07-29,1.061
2021-07-30,1.067
2021-08-02,1.105
2021-08-03,1.112
2021-08-04,1.078
2021-08-05,1.034
2021-08-06,1.013
2021-08-09,1.006
2021-08-10,0.962
2021-08-11,0.969
2021-08-12,0.953
2021-08-13,0.967
2021-08-17,0.972
2021-08-18,0.959
2021-08-19,0.92
2021-08-20,0.924
2021-08-23,0.959
2021-08-24,0.998
2021-08-25,0.965
2021-08-26,0.938
2021-08-27,0.998
2021-08-30,0.998
2021-08-31,0.995
2021-09-01,0.997
2021-09-02,1.002
2021-09-03,1.017
2021-09-07,1.014
2021-09-08,1.059
2021-09-09,1.069
2021-09-10,1.051
2021-09-13,1.085
2021-09-14,1.105
2021-09-15,1.062
2021-09-16,1.05
2021-09-17,1.065
2021-09-23,1.028
2021-09-24,1.025
2021-09-27,1.006
2021-09-28,1.059
2021-09-29,1.053
2021-09-30,1.063
2021-10-01,1.143
2021-10-05,1.11
2021-10-06,1.169
2021-10-07,1.134
2021-10-08,1.111
2021-10-12,1.175
2021-10-13,1.164
2021-10-14,1.193
2021-10-15,1.095
2021-10-18,1.155
2021-10-19,1.156
2021-10-20,1.147
2021-10-21,1.056
2021-10-22,1.099
2021-10-25,1.159
2021-10-26,1.177
2021-10-27,1.274
2021-10-28,1.247
2021-10-29,1.353
2021-11-01,1.318
2021-11-02,1.308
2021-11-03,1.266
2021-11-04,1.35
2021-11-05,1.284
2021-11-08,1.156
2021-11-09,1.155
2021-11-10,1.047
2021-11-12,1.118
2021-11-15,1.042
2021-11-16,1.093
2021-11-17,1.124
2021-11-18,1.113
2021-11-19,1.106
2021-11-22,1.068
2021-11-23,1.081
2021-11-24,1.043
2021-11-26,1.053
2021-11-29,1.014
2021-11-30,0.989
2021-12-01,0.963
2021-12-02,0.945
2021-12-03,1.04
2021-12-06,0.955
2021-12-07,0.882
2021-12-08,0.841
2021-12-09,0.804
2021-12-10,0.825
2021-12-13,0.84
2021-12-14,0.804
2021-12-15,0.808
2021-12-16,0.846
2021-12-17,0.837
2021-12-20,0.83
2021-12-21,0.76
2021-12-22,0.797
2021-12-23,0.835
2021-12-27,0.796
2021-12-28,0.796
2021-12-29,0.793
2021-12-30,0.819
2021-12-31,0.828
2022-01-03,0.815
2022-01-04,0.848
2022-01-05,0.813
2022-01-06,0.863
2022-01-07,0.845
2022-01-10,0.848
2022-01-11,0.818
2022-01-12,0.788
2022-01-13,0.773
2022-01-14,0.784
2022-01-18,0.777
2022-01-19,0.743
2022-01-20,0.779
2022-01-21,0.852
2022-01-24,0.862
2022-01-25,0.894
2022-01-26,0.766
2022-01-27,0.787
2022-01-28,0.809
2022-02-03,0.738
2022-02-04,0.644
2022-02-07,0.697
2022-02-08,0.713
2022-02-09,0.669
2022-02-10,0.444
2022-02-11,0.633
2022-02-14,0.547
2022-02-15,0.545
2022-02-16,0.575
2022-02-17,0.595
2022-02-18,0.642
2022-02-22,0.587
2022-02-23,0.537
2022-02-24,0.496
2022-02-25,0.484
2022-02-28,0.622
2022-03-02,0.517
2022-03-03,0.505
2022-03-04,0.594
2022-03-07,0.608
2022-03-08,0.507
2022-03-10,0.387
2022-03-11,0.345
2022-03-14,0.243
2022-03-15,0.245
2022-03-16,0.128
2022-03-17,0.077
2022-03-18,0.081
2022-03-21,-0.072
2022-03-22,0.019
2022-03-23,0.106
2022-03-24,0.105
2022-03-25,-0.005
2022-03-28,0.197
2022-03-29,0.16
2022-03-30,0.125
2022-03-31,0.213
2022-04-01,0.174
2022-04-04,0.227
2022-04-05,0.189
2022-04-06,0.271
2022-04-07,0.245
2022-04-08,0.257
2022-04-11,0.456
2022-04-12,0.525
2022-04-13,0.431
2022-04-14,0.218
2022-04-18,0.31
2022-04-19,0.171
2022-04-20,0.167
2022-04-21,0.057
2022-04-22,0.091
2022-04-25,0.067
2022-04-26,0.11
2022-04-27,0.149
2022-04-28,0.125
2022-04-29,0.088
2022-05-02,0.156
2022-05-03,0.189
2022-05-04,0.328
2022-05-06,0.206
2022-05-09,0.252
2022-05-10,0.236
2022-05-11,0.118
2022-05-12,0.17
2022-05-13,0.121
2022-05-16,0.296
2022-05-17,0.141
2022-05-18,0.229
2022-05-19,0.266
2022-05-20,0.281
2022-05-23,0.218
2022-05-24,0.307
2022-05-25,0.316
2022-05-26,0.325
2022-05-27,0.307
2022-05-31,0.317
2022-06-02,0.295
2022-06-03,0.251
2022-06-07,0.322
2022-06-08,0.269
2022-06-09,0.181
2022-06-10,0.065
2022-06-13,-0.046
2022-06-14,-0.052
2022-06-15,0.316
2022-06-16,0.398
2022-06-17,0.395
2022-06-21,0.313
2022-06-22,0.322
2022-06-23,0.488
2022-06-24,0.393
2022-06-27,0.358
2022-06-28,0.342
2022-06-29,0.422
2022-06-30,0.56
2022-07-01,0.589
2022-07-05,0.481
2022-07-06,0.249
2022-07-07,0.212
2022-07-08,0.175
2022-07-11,0.234
2022-07-12,0.221
2022-07-13,0.071
2022-07-14,0.1
2022-07-15,0.065
2022-07-18,0.062
2022-07-19,-0.028
2022-07-20,0.046
2022-07-21,0.224
2022-07-22,0.288
2022-07-25,0.173
2022-07-26,0.111
2022-07-27,0.16
2022-07-28,0.32
2022-07-29,0.179
2022-08-01,0.261
2022-08-02,-0.008
2022-08-03,0.025
2022-08-04,0.164
2022-08-05,-0.101
2022-08-08,-0.006
2022-08-09,-0.066
2022-08-10,0.024
2022-08-11,-0.036
2022-08-12,0.001
2022-08-16,-0.112
2022-08-17,-0.183
2022-08-18,-0.105
2022-08-19,-0.083
2022-08-22,-0.115
2022-08-23,-0.069
2022-08-24,-0.089
2022-08-25,0.161
2022-08-26,0.125
2022-08-29,0.203
2022-08-30,0.172
2022-08-31,0.225
2022-09-01,0.238
2022-09-02,0.238
2022-09-06,0.132
2022-09-07,0.185
2022-09-08,0.003
2022-09-13,-0.214
2022-09-14,-0.205
2022-09-15,-0.08
2022-09-16,-0.043
2022-09-19,-0.141
2022-09-20,-0.117
2022-09-21,-0.133
2022-09-22,-0.016
2022-09-23,-0.011
2022-09-26,0.178
2022-09-27,-0.086
2022-09-28,0.218
2022-09-29,0.113
2022-09-30,-0.064
2022-10-04,0.001
2022-10-05,-0.013
2022-10-06,-0.095
2022-10-07,-0.054
2022-10-11,0.032
2022-10-12,-0.183
2022-10-13,-0.237
2022-10-14,-0.263
2022-10-17,-0.211
2022-10-18,-0.188
2022-10-19,-0.229
2022-10-20,-0.31
2022-10-21,-0.025
2022-10-24,-0.215
2022-10-25,-0.229
2022-10-26,-0.202
2022-10-27,-0.036
2022-10-28,-0.268
2022-10-31,-0.265
2022-11-01,-0.412
2022-11-02,-0.445
2022-11-03,-0.472
2022-11-04,-0.462
2022-11-07,-0.444
2022-11-08,-0.394
2022-11-09,-0.404
2022-11-10,-0.137
2022-11-14,-0.39
2022-11-15,-0.417
2022-11-16,-0.322
2022-11-17,-0.416
2022-11-18,-0.493
2022-11-21,-0.483
2022-11-22,-0.426
2022-11-23,-0.381
2022-11-25,-0.556
2022-11-28,-0.551
2022-11-29,-0.517
2022-11-30,-0.441
2022-12-01,-0.33
2022-12-02,-0.374
2022-12-05,-0.521
2022-12-06,-0.437
2022-12-07,-0.298
2022-12-08,-0.364
2022-12-09,-0.413
2022-12-12,-0.477
2022-12-13,-0.337
2022-12-14,-0.41
2022-12-15,-0.424
2022-12-16,-0.371
2022-12-19,-0.445
2022-12-20,-0.345
2022-12-21,-0.362
2022-12-22,-0.453
2022-12-23,-0.467
2022-12-27,-0.508
2022-12-28,-0.512
2022-12-29,-0.441
2022-12-30,-0.498
2023-01-03,-0.519
2023-01-04,-0.478
2023-01-05,-0.536
2023-01-06,-0.279
2023-01-09,-0.353
2023-01-10,-0.384
2023-01-11,-0.428
2023-01-12,-0.324
2023-01-13,-0.511
2023-01-17,-0.376
2023-01-18,-0.33
2023-01-19,-0.512
2023-01-20,-0.5
2023-01-25,-0.555
2023-01-26,-0.607
2023-01-27,-0.596
2023-01-30,-0.689
2023-01-31,-0.575
2023-02-01,-0.487
2023-02-02,-0.567
2023-02-03,-0.85
2023-02-06,-0.817
2023-02-07,-0.795
2023-02-08,-0.741
2023-02-09,-0.749
2023-02-10,-0.792
2023-02-13,-0.768
2023-02-14,-0.891
2023-02-15,-0.848
2023-02-16,-0.846
2023-02-17,-0.691
2023-02-21,-0.817
2023-02-22,-0.785
2023-02-23,-0.801
2023-02-24,-0.965
2023-02-27,-0.807
2023-02-28,-0.713
2023-03-02,-0.752
2023-03-03,-0.809
2023-03-06,-0.836
2023-03-07,-0.934
2023-03-08,-0.855
2023-03-09,-0.702
2023-03-10,-0.607
2023-03-13,-0.445
2023-03-14,-0.669
2023-03-15,-0.357
2023-03-16,-0.59
2023-03-17,-0.265
2023-03-20,-0.506
2023-03-21,-0.686
2023-03-22,-0.476
2023-03-23,-0.364
2023-03-24,-0.42
2023-03-27,-0.57
2023-03-28,-0.582
2023-03-29,-0.621
2023-03-30,-0.63
2023-03-31,-0.54
2023-04-03,-0.388
2023-04-04,-0.321
2023-04-05,-0.286
2023-04-06,-0.379
2023-04-07,-0.48
2023-04-10,-0.558
2023-04-11,-0.529
2023-04-12,-0.447
2023-04-13,-0.501
2023-04-14,-0.615
2023-04-17,-0.633
2023-04-18,-0.626
2023-04-19,-0.633
2023-04-20,-0.536
2023-04-21,-0.623
2023-04-24,-0.61
2023-04-25,-0.355
2023-04-26,-0.391
2023-04-27,-0.532
2023-04-28,-0.457
2023-05-02,-0.335
2023-05-03,-0.299
2023-05-04,-0.26
2023-05-08,-0.439
2023-05-09,-0.414
2023-05-10,-0.277
2023-05-11,-0.34
2023-05-12,-0.425
2023-05-15,-0.391
2023-05-16,-0.498
2023-05-17,-0.526
2023-05-18,-0.624
2023-05-19,-0.64
2023-05-22,-0.659
2023-05-23,-0.617
2023-05-24,-0.662
2023-05-25,-0.73
2023-05-26,-0.706
2023-05-30,-0.54
2023-05-31,-0.581
2023-06-01,-0.502
2023-06-02,-0.694
2023-06-05,-0.598
2023-06-07,-0.739
2023-06-08,-0.627
2023-06-09,-0.724
2023-06-12,-0.667
2023-06-13,-0.816
2023-06-14,-0.825
2023-06-15,-0.604
2023-06-16,-0.735
2023-06-20,-0.723
2023-06-21,-0.719
2023-06-22,-0.778
2023-06-23,-0.711
2023-06-26,-0.732
2023-06-27,-0.842
2023-06-28,-0.763
2023-06-29,-0.906
2023-06-30,-0.828
2023-07-03,-0.947
2023-07-05,-0.972
2023-07-06,-1.004
2023-07-07,-0.905
2023-07-10,-0.745
2023-07-11,-0.817
2023-07-12,-0.656
2023-07-13,-0.608
2023-07-14,-0.736
2023-07-17,-0.729
2023-07-18,-0.754
2023-07-19,-0.797
2023-07-20,-0.849
2023-07-21,-0.838
2023-07-24,-0.863
2023-07-25,-0.885
2023-07-26,-0.843
2023-07-27,-0.993
2023-07-28,-0.885
2023-07-31,-0.829
2023-08-01,-0.923
2023-08-02,-0.863
2023-08-03,-0.866
2023-08-04,-0.712
2023-08-07,-0.751
2023-08-08,-0.713
2023-08-09,-0.738
2023-08-10,-0.783
2023-08-11,-0.862
2023-08-14,-0.893
2023-08-16,-0.968
2023-08-17,-0.882
2023-08-18,-0.901
2023-08-21,-0.905
2023-08-22,-0.948
2023-08-23,-0.869
2023-08-24,-0.931
2023-08-25,-0.931
2023-08-28,-0.931
2023-08-29,-0.82
2023-08-30,-0.838
2023-08-31,-0.829
2023-09-01,-0.881
2023-09-05,-0.885
2023-09-06,-0.965
2023-09-07,-0.813
2023-09-08,-0.885
2023-09-11,-0.775
2023-09-12,-0.797
2023-09-13,-0.787
2023-09-14,-0.844
2023-09-15,-0.87
2023-09-18,-0.849
2023-09-19,-0.903
2023-09-20,-0.93
2023-09-21,-0.92
2023-09-22,-0.924
2023-09-25,-0.954
2023-09-26,-0.949
2023-09-27,-1.006
2023-10-04,-0.742
2023-10-05,-0.739
2023-10-06,-0.855
2023-10-10,-0.743
2023-10-11,-0.777
2023-10-12,-0.888
2023-10-13,-0.843
2023-10-16,-0.897
2023-10-17,-1.019
2023-10-18,-0.999
2023-10-19,-0.94
2023-10-20,-0.897
2023-10-23,-0.835
2023-10-24,-0.906
2023-10-25,-0.942
2023-10-26,-0.786
2023-10-27,-0.767
2023-10-30,-0.781
2023-10-31,-0.815
2023-11-01,-0.689
2023-11-02,-0.801
2023-11-03,-0.671
2023-11-06,-0.843
2023-11-07,-0.753
2023-11-08,-0.782
2023-11-09,-0.923
2023-11-10,-0.938
2023-11-13,-0.923
2023-11-14,-0.703
2023-11-15,-0.936
2023-11-16,-0.889
2023-11-17,-0.959
2023-11-20,-0.953
2023-11-21,-0.956
2023-11-22,-0.954
2023-11-24,-0.993
2023-11-27,-0.911
2023-11-28,-0.842
2023-11-29,-0.846
2023-11-30,-0.897
2023-12-01,-0.723
2023-12-04,-0.869
2023-12-05,-0.846
2023-12-06,-0.867
2023-12-07,-0.799
2023-12-08,-0.989
2023-12-11,-0.94
2023-12-12,-0.974
2023-12-13,-0.715
2023-12-14,-0.832
2023-12-15,-0.849
2023-12-18,-0.873
2023-12-19,-0.854
2023-12-20,-0.828
2023-12-21,-0.824
2023-12-22,-0.806
2023-12-26,-0.829
2023-12-27,-0.75
2023-12-28,-0.866
2023-12-29,-0.856
2024-01-02,-0.85
2024-01-03,-0.792
2024-01-04,-0.913
2024-01-05,-0.887
2024-01-08,-0.813
2024-01-09,-0.835
2024-01-10,-0.831
2024-01-11,-0.793
2024-01-12,-0.716
2024-01-16,-0.785
2024-01-17,-0.843
2024-01-18,-0.845
2024-01-19,-0.873
2024-01-22,-0.862
2024-01-23,-0.874
2024-01-24,-0.89
2024-01-25,-0.807
2024-01-26,-0.887
2024-01-29,-0.796
2024-01-30,-0.872
2024-01-31,-0.789
2024-02-01,-0.693
2024-02-02,-0.892
2024-02-05,-0.958
2024-02-06,-0.848
2024-02-07,-0.874
2024-02-08,-0.915
2024-02-13,-1.087
2024-02-14,-0.955
2024-02-15,-0.955
2024-02-16,-1.025
2024-02-20,-0.975
2024-02-21,-1.028
2024-02-22,-1.148
2024-02-23,-1.076
2024-02-26,-1.14
2024-02-27,-1.136
2024-02-28,-1.081
2024-02-29,-1.045
2024-03-04,-1.03
2024-03-05,-0.971
2024-03-06,-0.995
2024-03-07,-0.959
2024-03-08,-0.979
2024-03-11,-0.985
2024-03-12,-1.057
2024-03-13,-1.119
2024-03-14,-1.187
2024-03-15,-1.202
2024-03-18,-1.172
2024-03-19,-1.087
2024-03-20,-1.039
2024-03-21,-1.114
2024-03-22,-1.076
2024-03-25,-1.1
2024-03-26,-1.079
2024-03-27,-1.072
2024-03-28,-1.107
2024-04-01,-1.219
2024-04-02,-1.177
2024-04-03,-1.139
2024-04-04,-1.122
2024-04-05,-1.211
2024-04-08,-1.217
2024-04-09,-1.129
2024-04-11,-1.304
2024-04-12,-1.297
2024-04-15,-1.34
2024-04-16,-1.361
2024-04-17,-1.295
2024-04-18,-1.403
2024-04-19,-1.342
2024-04-22,-1.298
2024-04-23,-1.271
2024-04-24,-1.271
2024-04-25,-1.307
2024-04-26,-1.309
2024-04-29,-1.248
2024-04-30,-1.341
2024-05-02,-1.201
2024-05-03,-1.13
2024-05-07,-1.152
2024-05-08,-1.191
2024-05-09,-1.147
2024-05-10,-1.21
2024-05-13,-1.208
2024-05-14,-1.166
2024-05-16,-1.205
2024-05-17,-1.221
2024-05-20,-1.208
2024-05-21,-1.199
2024-05-22,-1.231
2024-05-23,-1.308
2024-05-24,-1.287
2024-05-28,-1.356
2024-05-29,-1.365
2024-05-30,-1.3
2024-05-31,-1.238
2024-06-03,-1.186
2024-06-04,-1.16
2024-06-05,-1.155
2024-06-07,-1.342
2024-06-10,-1.267
2024-06-11,-1.229
2024-06-12,-1.173
2024-06-13,-1.143
2024-06-14,-1.158
2024-06-17,-1.288
2024-06-18,-1.216
2024-06-20,-1.254
2024-06-21,-1.274
2024-06-24,-1.266
2024-06-25,-1.249
2024-06-26,-1.315
2024-06-27,-1.27
2024-06-28,-1.338
2024-07-01,-1.37
2024-07-02,-1.371
2024-07-03,-1.32
2024-07-05,-1.275
2024-07-08,-1.281
2024-07-09,-1.256
2024-07-10,-1.26
2024-07-11,-1.097
2024-07-12,-1.119
2024-07-15,-1.154
2024-07-16,-1.175
2024-07-17,-1.14
2024-07-18,-1.182
2024-07-19,-1.206
2024-07-22,-1.219
2024-07-23,-1.176
2024-07-24,-1.194
2024-07-25,-1.236
2024-07-26,-1.176
2024-07-29,-1.212
2024-07-30,-1.166
2024-07-31,-1.096
2024-08-01,-0.984
2024-08-02,-0.761
2024-08-05,-0.904
2024-08-06,-0.825
2024-08-07,-0.881
2024-08-08,-0.949
2024-08-09,-0.919
2024-08-12,-0.874
2024-08-13,-0.832
2024-08-14,-0.872
2024-08-16,-0.942
2024-08-19,-0.933
2024-08-20,-0.856
2024-08-21,-0.8
2024-08-22,-0.913
2024-08-23,-0.81
2024-08-26,-0.85
2024-08-27,-0.78
2024-08-28,-0.801
2024-08-29,-0.821
2024-08-30,-0.837
2024-09-03,-0.749
2024-09-04,-0.699
2024-09-05,-0.705
2024-09-06,-0.659
2024-09-09,-0.643
2024-09-10,-0.543
2024-09-11,-0.63
2024-09-12,-0.604
2024-09-13,-0.598
2024-09-19,-0.627
2024-09-20,-0.622
2024-09-23,-0.606
2024-09-24,-0.586
2024-09-25,-0.678
2024-09-26,-0.733
2024-09-27,-0.664
2024-09-30,-0.769
2024-10-02,-0.76
2024-10-04,-1.016
2024-10-07,-0.93
2024-10-08,-0.928
2024-10-10,-0.918
2024-10-11,-0.903
2024-10-15,-0.954
2024-10-16,-0.96
2024-10-17,-0.993
2024-10-18,-0.952
2024-10-21,-1.048
2024-10-22,-1.037
2024-10-23,-1.094
2024-10-24,-1.129
2024-10-25,-1.168
2024-10-28,-1.158
2024-10-29,-1.144
2024-10-30,-1.203
2024-10-31,-1.184
2024-11-01,-1.241
2024-11-04,-1.165
2024-11-05,-1.192
2024-11-06,-1.24
2024-11-07,-1.208
2024-11-08,-1.291
