Date,Close,Open,Return
2013-08-06,1907,"1,914.06",-0.50%
2013-08-07,1878,"1,892.47",-1.48%
2013-08-08,1884,"1,884.58",0.30%
2013-08-09,1881,"1,884.57",-0.17%
2013-08-12,1885,"1,878.50",0.22%
2013-08-13,1913,"1,893.42",1.50%
2013-08-14,1924,"1,912.59",0.57%
2013-08-16,1920,"1,903.72",-0.20%
2013-08-19,1918,"1,917.32",-0.13%
2013-08-20,1888,"1,910.30",-1.55%
2013-08-21,1867,"1,891.01",-1.08%
2013-08-22,1849,"1,847.94",-0.98%
2013-08-23,1870,"1,861.58",1.14%
2013-08-26,1888,"1,876.59",0.95%
2013-08-27,1886,"1,883.71",-0.11%
2013-08-28,1885,"1,862.51",-0.07%
2013-08-29,1908,"1,892.03",1.22%
2013-08-30,1926,"1,918.91",0.99%
2013-09-02,1925,"1,925.32",-0.08%
2013-09-03,1934,"1,934.24",0.46%
2013-09-04,1933,"1,929.60",-0.04%
2013-09-05,1952,"1,943.66",0.96%
2013-09-06,1955,"1,954.11",0.19%
2013-09-09,1975,"1,964.09",0.99%
2013-09-10,1994,"1,978.08",0.98%
2013-09-11,2004,"1,995.96",0.49%
2013-09-12,2004,"2,004.67",0.01%
2013-09-13,1994,"1,994.95",-0.49%
2013-09-16,2013,"2,011.69",0.96%
2013-09-17,2006,"2,009.31",-0.39%
2013-09-23,2009,"2,000.72",0.19%
2013-09-24,2007,"2,001.51",-0.11%
2013-09-25,1998,"2,004.53",-0.45%
2013-09-26,2007,"1,992.10",0.46%
2013-09-27,2012,"2,012.26",0.22%
2013-09-30,1997,"2,002.02",-0.74%
2013-10-01,1999,"1,997.62",0.10%
2013-10-02,1999,"2,012.07",0.03%
2013-10-04,1997,"1,999.92",-0.12%
2013-10-07,1994,"1,997.17",-0.13%
2013-10-08,2003,"1,987.97",0.42%
2013-10-10,2001,"2,000.91",-0.07%
2013-10-11,2025,"2,018.01",1.17%
2013-10-14,2020,"2,026.07",-0.23%
2013-10-15,2041,"2,034.69",1.02%
2013-10-16,2035,"2,040.03",-0.31%
2013-10-17,2041,"2,051.19",0.29%
2013-10-18,2052,"2,046.56",0.58%
2013-10-21,2053,"2,054.16",0.03%
2013-10-22,2056,"2,051.01",0.15%
2013-10-23,2036,"2,062.81",-0.99%
2013-10-24,2047,"2,034.96",0.54%
2013-10-25,2034,"2,047.46",-0.60%
2013-10-28,2048,"2,037.28",0.68%
2013-10-29,2052,"2,046.67",0.18%
2013-10-30,2060,"2,055.00",0.38%
2013-10-31,2030,"2,050.96",-1.43%
2013-11-01,2039,"2,037.25",0.46%
2013-11-04,2025,"2,035.08",-0.70%
2013-11-05,2014,"2,027.62",-0.56%
2013-11-06,2014,"2,015.32",-0.01%
2013-11-07,2004,"2,014.85",-0.48%
2013-11-08,1985,"1,987.21",-0.96%
2013-11-11,1977,"1,995.86",-0.38%
2013-11-12,1995,"1,983.94",0.92%
2013-11-13,1964,"1,993.16",-1.60%
2013-11-14,1968,"1,980.20",0.20%
2013-11-15,2006,"1,980.99",1.94%
2013-11-18,2011,"2,014.24",0.26%
2013-11-19,2032,"2,009.95",1.04%
2013-11-20,2017,"2,028.34",-0.71%
2013-11-21,1994,"2,013.71",-1.16%
2013-11-22,2006,"2,002.15",0.62%
2013-11-25,2016,"2,020.00",0.49%
2013-11-26,2023,"2,008.19",0.33%
2013-11-27,2029,"2,016.28",0.31%
2013-11-28,2046,"2,039.73",0.84%
2013-11-29,2045,"2,044.85",-0.04%
2013-12-02,2031,"2,050.45",-0.69%
2013-12-03,2009,"2,023.62",-1.05%
2013-12-04,1987,"1,998.69",-1.12%
2013-12-05,1985,"1,993.73",-0.10%
2013-12-06,1980,"1,982.99",-0.22%
2013-12-09,2000,"2,000.52",1.01%
2013-12-10,1993,"2,000.03",-0.35%
2013-12-11,1978,"1,987.22",-0.78%
2013-12-12,1968,"1,966.44",-0.51%
2013-12-13,1963,"1,963.04",-0.26%
2013-12-16,1961,"1,960.60",-0.09%
2013-12-17,1966,"1,977.94",0.23%
2013-12-18,1975,"1,971.85",0.45%
2013-12-19,1976,"1,996.79",0.05%
2013-12-20,1983,"1,973.12",0.39%
2013-12-23,1997,"1,993.45",0.68%
2013-12-24,2002,"2,000.24",0.24%
2013-12-26,1999,"2,004.25",-0.11%
2013-12-27,2002,"1,994.05",0.15%
2013-12-30,2011,"2,004.32",0.45%
2013-12-31,2011,"2,004.32",0.00%
2014-01-02,1967,"2,013.11",-2.20%
2014-01-03,1946,"1,963.72",-1.07%
2014-01-06,1953,"1,947.62",0.37%
2014-01-07,1959,"1,947.65",0.32%
2014-01-08,1959,"1,965.50",-0.02%
2014-01-09,1946,"1,962.30",-0.66%
2014-01-10,1939,"1,949.53",-0.39%
2014-01-13,1949,"1,947.38",0.54%
2014-01-14,1946,"1,942.79",-0.15%
2014-01-15,1953,"1,956.43",0.37%
2014-01-16,1957,"1,957.91",0.21%
2014-01-17,1944,"1,958.50",-0.66%
2014-01-20,1954,"1,945.99",0.48%
2014-01-21,1964,"1,955.26",0.52%
2014-01-22,1970,"1,960.46",0.33%
2014-01-23,1948,"1,968.77",-1.16%
2014-01-24,1941,"1,941.55",-0.36%
2014-01-27,1910,"1,905.91",-1.56%
2014-01-28,1917,"1,907.18",0.34%
2014-01-29,1941,"1,925.93",1.26%
2014-02-03,1920,"1,930.09",-1.09%
2014-02-04,1887,"1,894.96",-1.72%
2014-02-05,1891,"1,897.95",0.24%
2014-02-06,1908,"1,897.35",0.88%
2014-02-07,1923,"1,922.45",0.77%
2014-02-10,1923,"1,928.13",0.04%
2014-02-11,1932,"1,924.45",0.46%
2014-02-12,1936,"1,942.23",0.20%
2014-02-13,1927,"1,936.62",-0.46%
2014-02-14,1940,"1,930.14",0.69%
2014-02-17,1946,"1,951.74",0.31%
2014-02-18,1947,"1,946.88",0.03%
2014-02-19,1943,"1,944.70",-0.20%
2014-02-20,1931,"1,932.90",-0.64%
2014-02-21,1958,"1,948.03",1.41%
2014-02-24,1949,"1,958.06",-0.45%
2014-02-25,1965,"1,958.30",0.81%
2014-02-26,1971,"1,963.45",0.30%
2014-02-27,1978,"1,969.85",0.39%
2014-02-28,1980,"1,976.48",0.08%
2014-03-03,1965,"1,967.90",-0.77%
2014-03-04,1954,"1,954.58",-0.54%
2014-03-05,1971,"1,973.28",0.88%
2014-03-06,1976,"1,973.67",0.22%
2014-03-07,1975,"1,979.70",-0.05%
2014-03-10,1954,"1,967.63",-1.03%
2014-03-11,1964,"1,957.22",0.48%
2014-03-12,1933,"1,957.67",-1.60%
2014-03-13,1934,"1,940.35",0.10%
2014-03-14,1920,"1,916.07",-0.75%
2014-03-17,1928,"1,921.15",0.40%
2014-03-18,1940,"1,941.12",0.66%
2014-03-19,1938,"1,947.34",-0.13%
2014-03-20,1920,"1,934.15",-0.94%
2014-03-21,1935,"1,930.24",0.80%
2014-03-24,1946,"1,937.06",0.55%
2014-03-25,1941,"1,940.90",-0.22%
2014-03-26,1964,"1,954.60",1.19%
2014-03-27,1978,"1,963.66",0.70%
2014-03-28,1981,"1,972.63",0.15%
2014-03-31,1986,"1,988.73",0.23%
2014-04-01,1992,"1,983.78",0.32%
2014-04-02,1997,"2,000.13",0.26%
2014-04-03,1994,"1,999.42",-0.18%
2014-04-04,1988,"1,987.84",-0.28%
2014-04-07,1990,"1,984.29",0.08%
2014-04-08,1993,"1,977.61",0.17%
2014-04-09,1999,"1,997.98",0.30%
2014-04-10,2009,"2,007.71",0.48%
2014-04-11,1997,"1,985.28",-0.56%
2014-04-14,1997,"1,993.81",-0.02%
2014-04-15,1992,"2,008.49",-0.24%
2014-04-16,1992,"1,994.31",0.00%
2014-04-17,1992,"2,000.47",-0.01%
2014-04-18,2004,"1,998.52",0.61%
2014-04-21,1999,"2,006.21",-0.25%
2014-04-22,2004,"2,000.94",0.25%
2014-04-23,2000,"2,010.06",-0.19%
2014-04-24,1998,"2,006.38",-0.10%
2014-04-25,1972,"1,996.61",-1.34%
2014-04-28,1969,"1,969.04",-0.12%
2014-04-29,1965,"1,974.67",-0.23%
2014-04-30,1962,"1,973.56",-0.15%
2014-05-02,1959,"1,966.29",-0.12%
2014-05-07,1940,"1,964.19",-1.00%
2014-05-08,1951,"1,945.94",0.55%
2014-05-09,1957,"1,953.48",0.31%
2014-05-12,1965,"1,956.26",0.43%
2014-05-13,1983,"1,973.08",0.92%
2014-05-14,2011,"1,990.99",1.41%
2014-05-15,2010,"2,007.88",-0.03%
2014-05-16,2013,"2,003.48",0.16%
2014-05-19,2015,"2,013.79",0.08%
2014-05-20,2011,"2,011.85",-0.19%
2014-05-21,2008,"2,003.48",-0.15%
2014-05-22,2016,"2,015.41",0.36%
2014-05-23,2017,"2,013.09",0.08%
2014-05-26,2010,"2,016.21",-0.34%
2014-05-27,1998,"2,014.87",-0.63%
2014-05-28,2017,"2,000.26",0.97%
2014-05-29,2012,"2,020.67",-0.24%
2014-05-30,1995,"2,015.37",-0.86%
2014-06-02,2002,"1,998.81",0.35%
2014-06-03,2009,"2,006.31",0.33%
2014-06-05,1995,"2,007.20",-0.65%
2014-06-09,1990,"2,004.73",-0.27%
2014-06-10,2012,"2,000.89",1.09%
2014-06-11,2015,"2,009.51",0.14%
2014-06-12,2012,"2,013.60",-0.15%
2014-06-13,1991,"2,005.55",-1.03%
2014-06-16,1994,"1,986.86",0.14%
2014-06-17,2002,"1,994.89",0.40%
2014-06-18,1989,"2,002.26",-0.60%
2014-06-19,1992,"1,994.23",0.13%
2014-06-20,1968,"1,990.71",-1.20%
2014-06-23,1975,"1,975.10",0.35%
2014-06-24,1994,"1,976.24",0.98%
2014-06-25,1982,"1,992.69",-0.63%
2014-06-26,1995,"1,983.00",0.67%
2014-06-27,1989,"1,990.90",-0.33%
2014-06-30,2002,"1,996.13",0.69%
2014-07-01,1999,"1,993.29",-0.16%
2014-07-02,2015,"2,008.00",0.81%
2014-07-03,2011,"2,015.99",-0.21%
2014-07-04,2010,"2,018.35",-0.07%
2014-07-07,2005,"2,007.53",-0.23%
2014-07-08,2007,"2,003.55",0.08%
2014-07-09,2001,"1,997.57",-0.31%
2014-07-10,2003,"2,004.63",0.12%
2014-07-11,1989,"1,988.93",-0.70%
2014-07-14,1994,"1,998.26",0.26%
2014-07-15,2013,"2,004.93",0.94%
2014-07-16,2013,"2,015.67",0.04%
2014-07-17,2021,"2,020.52",0.37%
2014-07-18,2019,"2,007.12",-0.07%
2014-07-21,2019,"2,028.02",-0.05%
2014-07-22,2029,"2,021.18",0.52%
2014-07-23,2028,"2,032.73",-0.03%
2014-07-24,2027,"2,032.94",-0.08%
2014-07-25,2034,"2,030.04",0.36%
2014-07-28,2049,"2,035.96",0.74%
2014-07-29,2062,"2,054.03",0.64%
2014-07-30,2083,"2,064.47",1.00%
2014-07-31,2076,"2,081.75",-0.31%
2014-08-01,2073,"2,063.71",-0.15%
2014-08-04,2080,"2,080.77",0.35%
2014-08-05,2066,"2,076.17",-0.68%
2014-08-06,2061,"2,062.93",-0.27%
2014-08-07,2055,"2,062.24",-0.30%
2014-08-08,2031,"2,049.51",-1.14%
2014-08-11,2039,"2,048.18",0.41%
2014-08-12,2041,"2,048.39",0.10%
2014-08-13,2062,"2,046.68",1.02%
2014-08-14,2063,"2,065.69",0.04%
2014-08-18,2053,"2,070.95",-0.49%
2014-08-19,2071,"2,065.19",0.88%
2014-08-20,2073,"2,080.77",0.08%
2014-08-21,2044,"2,067.63",-1.38%
2014-08-22,2057,"2,048.24",0.61%
2014-08-25,2061,"2,049.16",0.20%
2014-08-26,2068,"2,069.07",0.35%
2014-08-27,2075,"2,075.45",0.33%
2014-08-28,2076,"2,083.03",0.04%
2014-08-29,2069,"2,070.73",-0.35%
2014-09-01,2068,"2,067.80",-0.03%
2014-09-02,2052,"2,065.97",-0.79%
2014-09-03,2051,"2,050.09",-0.02%
2014-09-04,2056,"2,059.05",0.25%
2014-09-05,2049,"2,053.18",-0.33%
2014-09-11,2034,"2,046.97",-0.74%
2014-09-12,2042,"2,042.51",0.38%
2014-09-15,2036,"2,039.03",-0.30%
2014-09-16,2043,"2,039.92",0.35%
2014-09-17,2063,"2,052.06",0.96%
2014-09-18,2048,"2,058.21",-0.72%
2014-09-19,2054,"2,057.56",0.30%
2014-09-22,2039,"2,053.30",-0.71%
2014-09-23,2029,"2,028.90",-0.51%
2014-09-24,2036,"2,024.75",0.33%
2014-09-25,2034,"2,045.66",-0.08%
2014-09-26,2032,"2,019.17",-0.12%
2014-09-29,2027,"2,035.93",-0.25%
2014-09-30,2020,"2,023.18",-0.32%
2014-10-01,1992,"2,013.47",-1.41%
2014-10-02,1976,"1,984.43",-0.77%
2014-10-06,1968,"1,987.89",-0.39%
2014-10-07,1973,"1,979.83",0.23%
2014-10-08,1965,"1,957.90",-0.39%
2014-10-10,1941,"1,953.98",-1.24%
2014-10-13,1927,"1,919.48",-0.71%
2014-10-14,1929,"1,933.45",0.11%
2014-10-15,1926,"1,932.11",-0.17%
2014-10-16,1919,"1,911.45",-0.37%
2014-10-17,1901,"1,923.51",-0.95%
2014-10-20,1930,"1,918.84",1.55%
2014-10-21,1915,"1,923.62",-0.77%
2014-10-22,1937,"1,936.91",1.13%
2014-10-23,1932,"1,932.43",-0.27%
2014-10-24,1926,"1,942.46",-0.31%
2014-10-27,1932,"1,933.91",0.33%
2014-10-28,1926,"1,935.46",-0.33%
2014-10-29,1961,"1,938.80",1.84%
2014-10-30,1959,"1,956.92",-0.11%
2014-10-31,1964,"1,963.26",0.28%
2014-11-03,1953,"1,959.66",-0.58%
2014-11-04,1935,"1,950.15",-0.91%
2014-11-05,1931,"1,938.61",-0.19%
2014-11-06,1936,"1,933.45",0.26%
2014-11-07,1940,"1,935.75",0.18%
2014-11-10,1958,"1,952.79",0.95%
2014-11-11,1963,"1,957.87",0.24%
2014-11-12,1967,"1,965.21",0.22%
2014-11-13,1961,"1,970.64",-0.34%
2014-11-14,1945,"1,959.64",-0.78%
2014-11-17,1944,"1,941.83",-0.08%
2014-11-18,1967,"1,951.93",1.20%
2014-11-19,1967,"1,974.41",-0.01%
2014-11-20,1958,"1,960.72",-0.45%
2014-11-21,1965,"1,966.89",0.35%
2014-11-24,1979,"1,982.48",0.70%
2014-11-25,1980,"1,981.52",0.08%
2014-11-26,1981,"1,984.83",0.03%
2014-11-27,1982,"1,993.65",0.06%
2014-11-28,1981,"1,983.22",-0.07%
2014-12-01,1965,"1,971.95",-0.79%
2014-12-02,1966,"1,959.40",0.03%
2014-12-03,1970,"1,969.57",0.21%
2014-12-04,1987,"1,976.30",0.85%
2014-12-05,1987,"1,986.60",0.00%
2014-12-08,1979,"1,988.80",-0.39%
2014-12-09,1971,"1,977.05",-0.40%
2014-12-10,1946,"1,964.04",-1.29%
2014-12-11,1917,"1,930.46",-1.49%
2014-12-12,1922,"1,921.61",0.27%
2014-12-15,1920,"1,903.12",-0.07%
2014-12-16,1904,"1,909.01",-0.85%
2014-12-17,1900,"1,913.28",-0.21%
2014-12-18,1898,"1,917.67",-0.14%
2014-12-19,1930,"1,920.75",1.71%
2014-12-22,1943,"1,938.16",0.68%
2014-12-23,1939,"1,942.12",-0.21%
2014-12-24,1947,"1,940.76",0.39%
2014-12-26,1948,"1,947.60",0.08%
2014-12-29,1928,"1,937.27",-1.04%
2014-12-30,1916,"1,934.51",-0.64%
2015-01-02,1926,"1,914.24",0.57%
2015-01-05,1916,"1,921.96",-0.55%
2015-01-06,1882,"1,895.48",-1.74%
2015-01-07,1884,"1,878.90",0.07%
2015-01-08,1905,"1,895.85",1.11%
2015-01-09,1925,"1,919.80",1.05%
2015-01-12,1921,"1,918.18",-0.19%
2015-01-13,1917,"1,915.03",-0.20%
2015-01-14,1914,"1,919.31",-0.18%
2015-01-15,1914,"1,914.06",0.03%
2015-01-16,1888,"1,907.07",-1.36%
2015-01-19,1903,"1,902.81",0.77%
2015-01-20,1918,"1,908.62",0.82%
2015-01-21,1921,"1,917.33",0.15%
2015-01-22,1921,"1,926.01",-0.02%
2015-01-23,1936,"1,945.36",0.79%
2015-01-26,1936,"1,928.26",-0.02%
2015-01-27,1952,"1,941.90",0.86%
2015-01-28,1962,"1,946.71",0.47%
2015-01-29,1951,"1,950.83",-0.54%
2015-01-30,1949,"1,964.13",-0.09%
2015-02-02,1953,"1,947.91",0.18%
2015-02-03,1952,"1,960.11",-0.04%
2015-02-04,1963,"1,963.37",0.55%
2015-02-05,1953,"1,961.15",-0.51%
2015-02-06,1956,"1,955.13",0.14%
2015-02-09,1947,"1,949.50",-0.44%
2015-02-10,1936,"1,949.30",-0.57%
2015-02-11,1946,"1,942.34",0.51%
2015-02-12,1942,"1,947.21",-0.21%
2015-02-13,1958,"1,949.32",0.82%
2015-02-16,1958,"1,960.03",0.04%
2015-02-17,1961,"1,955.77",0.16%
2015-02-23,1968,"1,974.44",0.35%
2015-02-24,1976,"1,975.65",0.39%
2015-02-25,1990,"1,988.47",0.73%
2015-02-26,1993,"1,993.27",0.13%
2015-02-27,1986,"1,992.76",-0.37%
2015-03-02,1997,"1,996.72",0.55%
2015-03-03,2001,"2,002.50",0.23%
2015-03-04,1998,"2,001.76",-0.15%
2015-03-05,1998,"1,996.81",0.00%
2015-03-06,2013,"2,003.97",0.73%
2015-03-09,1993,"2,004.94",-1.00%
2015-03-10,1985,"2,000.66",-0.40%
2015-03-11,1981,"1,971.04",-0.20%
2015-03-12,1971,"1,979.22",-0.52%
2015-03-13,1986,"1,987.17",0.77%
2015-03-16,1987,"1,985.59",0.08%
2015-03-17,2030,"1,998.26",2.14%
2015-03-18,2028,"2,032.19",-0.07%
2015-03-19,2038,"2,047.13",0.47%
2015-03-20,2037,"2,037.13",-0.03%
2015-03-23,2037,"2,043.22",-0.03%
2015-03-24,2041,"2,035.08",0.23%
2015-03-25,2043,"2,043.16",0.07%
2015-03-26,2023,"2,027.20",-0.99%
2015-03-27,2020,"2,026.75",-0.14%
2015-03-30,2030,"2,026.60",0.51%
2015-03-31,2041,"2,042.31",0.54%
2015-04-01,2028,"2,035.40",-0.62%
2015-04-02,2029,"2,036.90",0.03%
2015-04-03,2045,"2,035.83",0.81%
2015-04-06,2046,"2,049.87",0.05%
2015-04-07,2047,"2,059.05",0.03%
2015-04-08,2059,"2,048.75",0.60%
2015-04-09,2059,"2,060.30",-0.02%
2015-04-10,2088,"2,066.32",1.40%
2015-04-13,2099,"2,094.10",0.53%
2015-04-14,2112,"2,101.76",0.61%
2015-04-15,2120,"2,114.56",0.39%
2015-04-16,2140,"2,134.14",0.94%
2015-04-17,2144,"2,142.72",0.17%
2015-04-20,2147,"2,126.55",0.15%
2015-04-21,2145,"2,153.42",-0.09%
2015-04-22,2144,"2,146.59",-0.04%
2015-04-23,2173,"2,156.94",1.38%
2015-04-24,2160,"2,181.24",-0.63%
2015-04-27,2158,"2,169.14",-0.10%
2015-04-28,2148,"2,162.50",-0.46%
2015-04-29,2143,"2,155.01",-0.23%
2015-04-30,2127,"2,134.94",-0.72%
2015-05-04,2132,"2,134.51",0.24%
2015-05-06,2105,"2,122.03",-1.30%
2015-05-07,2091,"2,098.48",-0.65%
2015-05-08,2086,"2,090.19",-0.26%
2015-05-11,2097,"2,106.12",0.57%
2015-05-12,2097,"2,100.63",-0.03%
2015-05-13,2114,"2,100.10",0.83%
2015-05-14,2120,"2,115.59",0.29%
2015-05-15,2107,"2,132.53",-0.65%
2015-05-18,2114,"2,108.15",0.34%
2015-05-19,2121,"2,114.29",0.34%
2015-05-20,2140,"2,128.01",0.88%
2015-05-21,2123,"2,139.68",-0.78%
2015-05-22,2146,"2,131.11",1.10%
2015-05-26,2144,"2,146.47",-0.12%
2015-05-27,2108,"2,133.49",-1.68%
2015-05-28,2111,"2,117.77",0.16%
2015-05-29,2115,"2,109.38",0.19%
2015-06-01,2102,"2,110.12",-0.59%
2015-06-02,2079,"2,102.62",-1.13%
2015-06-03,2063,"2,078.51",-0.74%
2015-06-04,2073,"2,070.49",0.47%
2015-06-05,2068,"2,062.22",-0.23%
2015-06-08,2065,"2,068.51",-0.14%
2015-06-09,2064,"2,063.40",-0.06%
2015-06-10,2051,"2,079.13",-0.62%
2015-06-11,2057,"2,065.07",0.26%
2015-06-12,2052,"2,068.45",-0.22%
2015-06-15,2042,"2,041.07",-0.48%
2015-06-16,2029,"2,045.01",-0.67%
2015-06-17,2035,"2,035.48",0.30%
2015-06-18,2042,"2,046.19",0.34%
2015-06-19,2047,"2,056.54",0.25%
2015-06-22,2055,"2,059.60",0.40%
2015-06-23,2081,"2,071.30",1.27%
2015-06-24,2086,"2,086.69",0.21%
2015-06-25,2085,"2,077.84",-0.02%
2015-06-26,2090,"2,083.40",0.25%
2015-06-29,2060,"2,056.44",-1.42%
2015-06-30,2074,"2,054.83",0.67%
2015-07-01,2098,"2,077.27",1.14%
2015-07-02,2107,"2,107.11",0.45%
2015-07-03,2104,"2,107.51",-0.14%
2015-07-06,2054,"2,076.06",-2.40%
2015-07-07,2040,"2,067.04",-0.66%
2015-07-08,2016,"2,045.88",-1.18%
2015-07-09,2028,"2,000.19",0.58%
2015-07-10,2031,"2,036.89",0.17%
2015-07-13,2062,"2,033.25",1.49%
2015-07-14,2059,"2,070.44",-0.11%
2015-07-15,2073,"2,068.38",0.66%
2015-07-16,2088,"2,073.29",0.72%
2015-07-17,2077,"2,101.22",-0.53%
2015-07-20,2073,"2,077.09",-0.17%
2015-07-21,2084,"2,082.18",0.50%
2015-07-22,2065,"2,071.06",-0.91%
2015-07-23,2065,"2,068.93",0.02%
2015-07-24,2046,"2,060.66",-0.93%
2015-07-27,2039,"2,034.82",-0.35%
2015-07-28,2039,"2,026.33",0.01%
2015-07-29,2038,"2,053.62",-0.07%
2015-07-30,2019,"2,040.24",-0.91%
2015-07-31,2030,"2,026.98",0.55%
2015-08-03,2008,"2,026.25",-1.07%
2015-08-04,2028,"2,007.75",0.97%
2015-08-05,2030,"2,027.22",0.09%
2015-08-06,2013,"2,037.26",-0.81%
2015-08-07,2010,"2,009.39",-0.15%
2015-08-10,2003,"2,008.44",-0.35%
2015-08-11,1987,"2,020.15",-0.82%
2015-08-12,1975,"1,980.04",-0.56%
2015-08-13,1983,"1,975.47",0.40%
2015-08-17,1969,"1,991.05",-0.75%
2015-08-18,1956,"1,977.61",-0.62%
2015-08-19,1939,"1,954.56",-0.86%
2015-08-20,1915,"1,929.43",-1.28%
2015-08-21,1876,"1,862.79",-2.01%
2015-08-24,1830,"1,860.03",-2.47%
2015-08-25,1847,"1,840.94",0.92%
2015-08-26,1894,"1,843.70",2.57%
2015-08-27,1908,"1,912.42",0.73%
2015-08-28,1938,"1,932.39",1.56%
2015-08-31,1941,"1,934.12",0.20%
2015-09-01,1914,"1,934.44",-1.40%
2015-09-02,1915,"1,886.14",0.05%
2015-09-03,1916,"1,929.78",0.02%
2015-09-04,1886,"1,921.81",-1.54%
2015-09-07,1883,"1,883.36",-0.15%
2015-09-08,1879,"1,889.14",-0.24%
2015-09-09,1934,"1,903.28",2.96%
2015-09-10,1962,"1,918.42",1.44%
2015-09-11,1941,"1,942.88",-1.06%
2015-09-14,1931,"1,947.65",-0.51%
2015-09-15,1938,"1,930.44",0.32%
2015-09-16,1975,"1,949.49",1.96%
2015-09-17,1976,"1,989.07",0.05%
2015-09-18,1996,"1,978.39",0.98%
2015-09-21,1965,"1,973.24",-1.57%
2015-09-22,1982,"1,973.54",0.88%
2015-09-23,1945,"1,960.33",-1.89%
2015-09-24,1947,"1,956.94",0.13%
2015-09-25,1943,"1,948.30",-0.22%
2015-09-30,1963,"1,915.46",1.03%
2015-10-01,1979,"1,963.55",0.84%
2015-10-02,1970,"1,979.41",-0.49%
2015-10-05,1978,"1,981.60",0.44%
2015-10-06,1991,"1,996.29",0.63%
2015-10-07,2006,"1,995.87",0.76%
2015-10-08,2020,"2,016.36",0.68%
2015-10-12,2022,"2,022.33",0.10%
2015-10-13,2019,"2,021.20",-0.13%
2015-10-14,2010,"2,014.47",-0.47%
2015-10-15,2033,"2,008.29",1.18%
2015-10-16,2030,"2,037.98",-0.15%
2015-10-19,2030,"2,032.36",0.00%
2015-10-20,2039,"2,031.50",0.45%
2015-10-21,2043,"2,039.25",0.18%
2015-10-22,2023,"2,040.43",-0.98%
2015-10-23,2040,"2,043.67",0.86%
2015-10-26,2048,"2,049.41",0.38%
2015-10-27,2045,"2,043.52",-0.17%
2015-10-28,2043,"2,045.67",-0.10%
2015-10-29,2034,"2,050.97",-0.41%
2015-10-30,2029,"2,034.78",-0.23%
2015-11-02,2035,"2,033.15",0.28%
2015-11-03,2048,"2,042.60",0.65%
2015-11-04,2053,"2,053.51",0.21%
2015-11-05,2049,"2,049.30",-0.16%
2015-11-06,2041,"2,048.17",-0.41%
2015-11-09,2026,"2,038.59",-0.75%
2015-11-10,1997,"2,015.45",-1.44%
2015-11-11,1997,"1,993.81",0.03%
2015-11-12,1993,"1,997.32",-0.20%
2015-11-13,1973,"1,975.97",-1.01%
2015-11-16,1943,"1,945.68",-1.53%
2015-11-17,1964,"1,967.36",1.06%
2015-11-18,1963,"1,967.25",-0.04%
2015-11-19,1989,"1,976.94",1.33%
2015-11-20,1990,"1,988.96",0.05%
2015-11-23,2004,"1,995.92",0.70%
2015-11-24,2016,"2,004.29",0.63%
2015-11-25,2009,"2,018.24",-0.34%
2015-11-26,2031,"2,014.88",1.06%
2015-11-27,2029,"2,038.71",-0.08%
2015-11-30,1992,"2,022.38",-1.82%
2015-12-01,2024,"2,001.51",1.60%
2015-12-02,2009,"2,026.08",-0.72%
2015-12-03,1994,"2,000.20",-0.76%
2015-12-04,1974,"1,972.16",-0.99%
2015-12-07,1964,"1,987.62",-0.54%
2015-12-08,1949,"1,964.22",-0.75%
2015-12-09,1948,"1,951.39",-0.04%
2015-12-10,1952,"1,947.21",0.20%
2015-12-11,1949,"1,952.82",-0.18%
2015-12-14,1928,"1,926.36",-1.07%
2015-12-15,1933,"1,935.82",0.27%
2015-12-16,1969,"1,950.15",1.88%
2015-12-17,1978,"1,984.06",0.43%
2015-12-18,1975,"1,960.32",-0.13%
2015-12-21,1981,"1,974.26",0.30%
2015-12-22,1993,"1,984.37",0.57%
2015-12-23,1999,"1,994.20",0.33%
2015-12-24,1991,"2,009.34",-0.43%
2015-12-28,1964,"1,990.59",-1.34%
2015-12-29,1966,"1,956.49",0.11%
2015-12-30,1961,"1,973.03",-0.25%
2016-01-04,1919,"1,954.47",-2.17%
2016-01-05,1931,"1,911.93",0.61%
2016-01-06,1925,"1,934.25",-0.26%
2016-01-07,1904,"1,915.71",-1.10%
2016-01-08,1918,"1,889.42",0.70%
2016-01-11,1895,"1,897.18",-1.19%
2016-01-12,1891,"1,907.61",-0.21%
2016-01-13,1916,"1,904.33",1.34%
2016-01-14,1900,"1,893.18",-0.85%
2016-01-15,1879,"1,915.83",-1.11%
2016-01-18,1878,"1,856.03",-0.02%
2016-01-19,1890,"1,879.80",0.60%
2016-01-20,1845,"1,885.36",-2.34%
2016-01-21,1841,"1,848.10",-0.27%
2016-01-22,1879,"1,860.30",2.11%
2016-01-25,1893,"1,890.15",0.74%
2016-01-26,1872,"1,881.87",-1.15%
2016-01-27,1898,"1,888.07",1.40%
2016-01-28,1907,"1,885.38",0.48%
2016-01-29,1912,"1,905.01",0.27%
2016-02-01,1925,"1,919.62",0.67%
2016-02-02,1907,"1,914.96",-0.95%
2016-02-03,1891,"1,893.83",-0.84%
2016-02-04,1916,"1,900.48",1.35%
2016-02-05,1918,"1,914.55",0.08%
2016-02-11,1862,"1,872.68",-2.93%
2016-02-12,1835,"1,850.67",-1.41%
2016-02-15,1862,"1,857.33",1.47%
2016-02-16,1888,"1,870.10",1.40%
2016-02-17,1884,"1,889.41",-0.23%
2016-02-18,1909,"1,909.40",1.32%
2016-02-19,1916,"1,904.50",0.39%
2016-02-22,1916,"1,911.56",0.01%
2016-02-23,1914,"1,928.85",-0.11%
2016-02-24,1913,"1,908.71",-0.09%
2016-02-25,1919,"1,919.08",0.32%
2016-02-26,1920,"1,927.10",0.08%
2016-02-29,1917,"1,921.76",-0.18%
2016-03-02,1947,"1,944.27",1.60%
2016-03-03,1958,"1,957.83",0.55%
2016-03-04,1956,"1,956.01",-0.13%
2016-03-07,1958,"1,961.26",0.11%
2016-03-08,1946,"1,958.94",-0.60%
2016-03-09,1953,"1,940.55",0.35%
2016-03-10,1969,"1,958.87",0.84%
2016-03-11,1971,"1,968.30",0.11%
2016-03-14,1972,"1,985.74",0.04%
2016-03-15,1970,"1,975.61",-0.12%
2016-03-16,1975,"1,971.58",0.25%
2016-03-17,1988,"1,984.69",0.66%
2016-03-18,1992,"1,996.31",0.21%
2016-03-21,1990,"1,999.25",-0.12%
2016-03-22,1997,"1,993.37",0.35%
2016-03-23,1995,"1,996.47",-0.08%
2016-03-24,1986,"1,988.46",-0.46%
2016-03-25,1984,"1,991.06",-0.11%
2016-03-28,1983,"1,984.93",-0.06%
2016-03-29,1995,"1,986.93",0.62%
2016-03-30,2002,"2,005.24",0.36%
2016-03-31,1996,"2,005.72",-0.31%
2016-04-01,1974,"1,994.77",-1.12%
2016-04-04,1979,"1,974.73",0.27%
2016-04-05,1963,"1,972.38",-0.82%
2016-04-06,1971,"1,963.17",0.44%
2016-04-07,1974,"1,978.75",0.13%
2016-04-08,1972,"1,961.29",-0.09%
2016-04-11,1970,"1,972.25",-0.09%
2016-04-12,1981,"1,970.50",0.56%
2016-04-14,2016,"2,004.15",1.75%
2016-04-15,2015,"2,013.38",-0.06%
2016-04-18,2009,"2,001.35",-0.28%
2016-04-19,2011,"2,015.10",0.11%
2016-04-20,2006,"2,017.05",-0.27%
2016-04-21,2022,"2,014.60",0.81%
2016-04-22,2015,"2,014.93",-0.33%
2016-04-25,2015,"2,016.05",-0.05%
2016-04-26,2020,"2,013.26",0.25%
2016-04-27,2015,"2,019.31",-0.21%
2016-04-28,2001,"2,020.83",-0.72%
2016-04-29,1994,"1,998.68",-0.34%
2016-05-02,1978,"1,991.84",-0.80%
2016-05-03,1986,"1,988.34",0.42%
2016-05-04,1977,"1,978.24",-0.49%
2016-05-09,1968,"1,974.52",-0.45%
2016-05-10,1983,"1,965.86",0.75%
2016-05-11,1980,"1,989.17",-0.12%
2016-05-12,1977,"1,973.28",-0.13%
2016-05-13,1967,"1,979.97",-0.53%
2016-05-16,1968,"1,961.91",0.05%
2016-05-17,1968,"1,973.86",0.01%
2016-05-18,1957,"1,962.78",-0.58%
2016-05-19,1947,"1,953.91",-0.51%
2016-05-20,1948,"1,943.84",0.05%
2016-05-23,1955,"1,954.26",0.39%
2016-05-24,1938,"1,951.18",-0.90%
2016-05-25,1961,"1,953.63",1.18%
2016-05-26,1957,"1,965.81",-0.18%
2016-05-27,1969,"1,962.33",0.62%
2016-05-30,1967,"1,969.72",-0.10%
2016-05-31,1983,"1,962.47",0.83%
2016-06-01,1983,"1,976.87",-0.03%
2016-06-02,1985,"1,983.86",0.12%
2016-06-03,1986,"1,991.58",0.04%
2016-06-07,2012,"1,993.08",1.30%
2016-06-08,2027,"2,013.72",0.77%
2016-06-09,2024,"2,028.02",-0.14%
2016-06-10,2018,"2,022.77",-0.32%
2016-06-13,1979,"2,001.03",-1.91%
2016-06-14,1972,"1,976.80",-0.36%
2016-06-15,1969,"1,972.00",-0.16%
2016-06-16,1952,"1,971.53",-0.86%
2016-06-17,1953,"1,966.23",0.07%
2016-06-20,1981,"1,974.43",1.42%
2016-06-21,1983,"1,977.80",0.08%
2016-06-22,1993,"1,981.78",0.50%
2016-06-23,1987,"1,989.42",-0.29%
2016-06-24,1925,"2,001.55",-3.09%
2016-06-27,1927,"1,901.85",0.08%
2016-06-28,1936,"1,907.71",0.49%
2016-06-29,1956,"1,946.31",1.04%
2016-06-30,1970,"1,971.54",0.72%
2016-07-01,1987,"1,977.36",0.86%
2016-07-04,1995,"1,989.44",0.40%
2016-07-05,1990,"1,995.69",-0.27%
2016-07-06,1953,"1,980.11",-1.85%
2016-07-07,1974,"1,963.30",1.07%
2016-07-08,1963,"1,972.28",-0.56%
2016-07-11,1989,"1,979.36",1.30%
2016-07-12,1991,"1,991.13",0.14%
2016-07-13,2006,"2,007.65",0.72%
2016-07-14,2009,"2,004.12",0.16%
2016-07-15,2017,"2,015.37",0.42%
2016-07-18,2021,"2,018.22",0.19%
2016-07-19,2017,"2,022.80",-0.21%
2016-07-20,2015,"2,013.40",-0.07%
2016-07-21,2012,"2,019.36",-0.16%
2016-07-22,2010,"2,005.37",-0.09%
2016-07-25,2012,"2,014.74",0.10%
2016-07-26,2027,"2,009.40",0.75%
2016-07-27,2025,"2,027.07",-0.11%
2016-07-28,2021,"2,029.07",-0.20%
2016-07-29,2016,"2,023.24",-0.24%
2016-08-01,2030,"2,024.71",0.67%
2016-08-02,2019,"2,023.55",-0.52%
2016-08-03,1995,"2,008.68",-1.20%
2016-08-04,2000,"2,006.08",0.26%
2016-08-05,2018,"2,006.23",0.90%
2016-08-08,2031,"2,025.55",0.65%
2016-08-09,2044,"2,033.52",0.62%
2016-08-10,2045,"2,043.03",0.04%
2016-08-11,2049,"2,042.64",0.20%
2016-08-12,2050,"2,053.82",0.08%
2016-08-16,2048,"2,056.00",-0.13%
2016-08-17,2044,"2,045.37",-0.20%
2016-08-18,2055,"2,048.15",0.57%
2016-08-19,2056,"2,057.90",0.04%
2016-08-22,2042,"2,054.37",-0.68%
2016-08-23,2050,"2,044.27",0.38%
2016-08-24,2044,"2,050.82",-0.30%
2016-08-25,2043,"2,041.58",-0.04%
2016-08-26,2038,"2,036.74",-0.27%
2016-08-29,2032,"2,028.64",-0.25%
2016-08-30,2040,"2,038.60",0.36%
2016-08-31,2035,"2,038.58",-0.25%
2016-09-01,2033,"2,022.96",-0.09%
2016-09-02,2038,"2,033.92",0.28%
2016-09-05,2060,"2,049.19",1.07%
2016-09-06,2067,"2,058.21",0.31%
2016-09-07,2062,"2,068.81",-0.23%
2016-09-08,2064,"2,064.96",0.09%
2016-09-09,2038,"2,048.94",-1.25%
2016-09-12,1991,"2,003.67",-2.28%
2016-09-13,1999,"2,011.93",0.40%
2016-09-19,2016,"1,997.43",0.82%
2016-09-20,2026,"2,014.50",0.49%
2016-09-21,2036,"2,022.81",0.51%
2016-09-22,2050,"2,050.31",0.67%
2016-09-23,2054,"2,053.22",0.21%
2016-09-26,2047,"2,052.76",-0.34%
2016-09-27,2063,"2,037.32",0.77%
2016-09-28,2053,"2,062.57",-0.47%
2016-09-29,2069,"2,063.74",0.76%
2016-09-30,2044,"2,054.25",-1.21%
2016-10-04,2055,"2,056.94",0.55%
2016-10-05,2053,"2,043.37",-0.09%
2016-10-06,2065,"2,069.30",0.60%
2016-10-07,2054,"2,065.95",-0.56%
2016-10-10,2057,"2,047.19",0.15%
2016-10-11,2032,"2,053.29",-1.21%
2016-10-12,2034,"2,022.97",0.09%
2016-10-13,2015,"2,033.99",-0.90%
2016-10-14,2023,"2,021.66",0.36%
2016-10-17,2028,"2,028.93",0.24%
2016-10-18,2040,"2,027.81",0.63%
2016-10-19,2041,"2,036.18",0.02%
2016-10-20,2041,"2,044.12",-0.02%
2016-10-21,2033,"2,039.40",-0.37%
2016-10-24,2048,"2,037.19",0.73%
2016-10-25,2037,"2,042.29",-0.52%
2016-10-26,2014,"2,030.37",-1.14%
2016-10-27,2024,"2,018.24",0.51%
2016-10-28,2019,"2,021.97",-0.23%
2016-10-31,2008,"2,011.29",-0.56%
2016-11-01,2007,"2,003.41",-0.04%
2016-11-02,1979,"1,995.41",-1.42%
2016-11-03,1984,"1,974.93",0.25%
2016-11-04,1982,"1,983.87",-0.09%
2016-11-07,1998,"1,997.58",0.79%
2016-11-08,2003,"2,009.56",0.29%
2016-11-09,1958,"2,008.08",-2.25%
2016-11-10,2003,"1,989.85",2.26%
2016-11-11,1984,"1,988.87",-0.91%
2016-11-14,1974,"1,982.93",-0.51%
2016-11-15,1968,"1,977.33",-0.35%
2016-11-16,1980,"1,980.82",0.62%
2016-11-17,1981,"1,976.21",0.05%
2016-11-18,1975,"1,983.07",-0.30%
2016-11-21,1966,"1,971.03",-0.43%
2016-11-22,1983,"1,976.07",0.89%
2016-11-23,1988,"1,987.64",0.23%
2016-11-24,1971,"1,985.11",-0.84%
2016-11-25,1974,"1,972.60",0.16%
2016-11-28,1978,"1,976.58",0.19%
2016-11-29,1978,"1,977.10",0.01%
2016-11-30,1983,"1,980.38",0.26%
2016-12-01,1984,"1,987.48",0.01%
2016-12-02,1971,"1,980.14",-0.66%
2016-12-05,1963,"1,965.71",-0.37%
2016-12-06,1990,"1,976.51",1.35%
2016-12-07,1992,"1,995.69",0.10%
2016-12-08,2031,"2,008.31",1.97%
2016-12-09,2025,"2,024.52",-0.31%
2016-12-12,2027,"2,031.95",0.13%
2016-12-13,2036,"2,026.39",0.43%
2016-12-14,2037,"2,043.07",0.04%
2016-12-15,2037,"2,022.14",-0.01%
2016-12-16,2042,"2,037.35",0.27%
2016-12-19,2038,"2,039.40",-0.19%
2016-12-20,2042,"2,044.87",0.17%
2016-12-21,2038,"2,049.47",-0.19%
2016-12-22,2036,"2,041.61",-0.11%
2016-12-23,2036,"2,036.17",0.01%
2016-12-26,2038,"2,038.33",0.09%
2016-12-27,2042,"2,040.74",0.22%
2016-12-28,2024,"2,021.86",-0.87%
2016-12-29,2026,"2,020.42",0.10%
2017-01-02,2026,"2,022.23",-0.01%
2017-01-03,2044,"2,034.31",0.88%
2017-01-04,2046,"2,046.29",0.08%
2017-01-05,2042,"2,045.52",-0.18%
2017-01-06,2049,"2,048.11",0.35%
2017-01-09,2049,"2,053.18",-0.02%
2017-01-10,2045,"2,043.30",-0.18%
2017-01-11,2075,"2,048.08",1.47%
2017-01-12,2087,"2,077.69",0.58%
2017-01-13,2077,"2,077.12",-0.50%
2017-01-16,2064,"2,077.03",-0.61%
2017-01-17,2072,"2,067.52",0.37%
2017-01-18,2071,"2,073.77",-0.06%
2017-01-19,2073,"2,085.61",0.11%
2017-01-20,2066,"2,065.54",-0.35%
2017-01-23,2066,"2,067.62",0.02%
2017-01-24,2066,"2,070.22",-0.01%
2017-01-25,2067,"2,075.33",0.06%
2017-01-26,2084,"2,074.77",0.81%
2017-01-31,2068,"2,077.66",-0.77%
2017-02-01,2080,"2,075.31",0.62%
2017-02-02,2071,"2,080.23",-0.46%
2017-02-03,2073,"2,075.90",0.10%
2017-02-06,2078,"2,085.73",0.22%
2017-02-07,2075,"2,077.80",-0.12%
2017-02-08,2065,"2,072.58",-0.49%
2017-02-09,2066,"2,067.15",0.04%
2017-02-10,2075,"2,075.80",0.45%
2017-02-13,2079,"2,074.94",0.17%
2017-02-14,2075,"2,079.30",-0.20%
2017-02-15,2084,"2,073.60",0.45%
2017-02-16,2082,"2,088.09",-0.10%
2017-02-17,2081,"2,072.57",-0.06%
2017-02-20,2084,"2,084.16",0.18%
2017-02-21,2103,"2,085.97",0.89%
2017-02-22,2107,"2,106.42",0.18%
2017-02-23,2108,"2,106.15",0.05%
2017-02-24,2094,"2,106.43",-0.64%
2017-02-27,2086,"2,095.47",-0.41%
2017-02-28,2092,"2,087.26",0.29%
2017-03-02,2103,"2,105.19",0.53%
2017-03-03,2079,"2,090.92",-1.14%
2017-03-06,2081,"2,073.20",0.13%
2017-03-07,2094,"2,080.77",0.61%
2017-03-08,2095,"2,092.27",0.06%
2017-03-09,2091,"2,098.29",-0.21%
2017-03-10,2097,"2,088.67",0.30%
2017-03-13,2118,"2,102.37",0.97%
2017-03-14,2134,"2,127.12",0.76%
2017-03-15,2133,"2,128.42",-0.04%
2017-03-16,2150,"2,154.98",0.80%
2017-03-17,2165,"2,150.47",0.67%
2017-03-20,2157,"2,160.32",-0.35%
2017-03-21,2178,"2,162.95",0.99%
2017-03-22,2168,"2,159.97",-0.46%
2017-03-23,2173,"2,174.09",0.20%
2017-03-24,2169,"2,171.36",-0.17%
2017-03-27,2156,"2,161.17",-0.61%
2017-03-28,2163,"2,166.58",0.35%
2017-03-29,2167,"2,172.31",0.17%
2017-03-30,2165,"2,170.18",-0.11%
2017-03-31,2160,"2,166.62",-0.20%
2017-04-03,2168,"2,166.04",0.34%
2017-04-04,2161,"2,165.23",-0.30%
2017-04-05,2161,"2,161.90",-0.01%
2017-04-06,2153,"2,152.64",-0.37%
2017-04-07,2152,"2,154.87",-0.05%
2017-04-10,2133,"2,148.83",-0.86%
2017-04-11,2124,"2,129.23",-0.44%
2017-04-12,2129,"2,128.17",0.24%
2017-04-13,2149,"2,130.64",0.93%
2017-04-14,2135,"2,138.28",-0.64%
2017-04-17,2146,"2,140.87",0.51%
2017-04-18,2148,"2,155.36",0.13%
2017-04-19,2138,"2,144.98",-0.47%
2017-04-20,2149,"2,138.19",0.50%
2017-04-21,2165,"2,161.24",0.74%
2017-04-24,2174,"2,175.50",0.40%
2017-04-25,2197,"2,175.70",1.06%
2017-04-26,2208,"2,202.37",0.50%
2017-04-27,2209,"2,201.72",0.07%
2017-04-28,2205,"2,214.36",-0.18%
2017-05-02,2220,"2,213.61",0.65%
2017-05-04,2241,"2,224.91",0.97%
2017-05-08,2293,"2,245.61",2.30%
2017-05-10,2270,"2,294.10",-0.99%
2017-05-11,2296,"2,278.47",1.16%
2017-05-12,2286,"2,296.06",-0.45%
2017-05-15,2291,"2,288.23",0.20%
2017-05-16,2295,"2,306.73",0.20%
2017-05-17,2293,"2,291.56",-0.10%
2017-05-18,2287,"2,271.27",-0.27%
2017-05-19,2288,"2,286.78",0.07%
2017-05-22,2304,"2,300.68",0.68%
2017-05-23,2312,"2,308.69",0.33%
2017-05-24,2317,"2,319.37",0.24%
2017-05-25,2343,"2,325.49",1.10%
2017-05-26,2355,"2,344.39",0.53%
2017-05-29,2353,"2,362.59",-0.10%
2017-05-30,2344,"2,356.54",-0.39%
2017-05-31,2347,"2,339.25",0.16%
2017-06-01,2345,"2,348.31",-0.12%
2017-06-02,2372,"2,353.77",1.16%
2017-06-05,2369,"2,376.66",-0.13%
2017-06-07,2360,"2,364.96",-0.36%
2017-06-08,2364,"2,361.64",0.15%
2017-06-09,2382,"2,371.22",0.77%
2017-06-12,2358,"2,370.69",-1.00%
2017-06-13,2375,"2,358.92",0.71%
2017-06-14,2373,"2,384.54",-0.09%
2017-06-15,2362,"2,373.36",-0.46%
2017-06-16,2362,"2,364.20",0.01%
2017-06-19,2371,"2,364.02",0.38%
2017-06-20,2369,"2,382.54",-0.07%
2017-06-21,2358,"2,358.23",-0.49%
2017-06-22,2370,"2,364.22",0.54%
2017-06-23,2379,"2,371.54",0.35%
2017-06-26,2389,"2,381.09",0.42%
2017-06-27,2392,"2,386.76",0.14%
2017-06-28,2383,"2,382.91",-0.39%
2017-06-29,2396,"2,396.81",0.55%
2017-06-30,2392,"2,382.15",-0.16%
2017-07-03,2394,"2,397.66",0.11%
2017-07-04,2381,"2,395.24",-0.58%
2017-07-05,2388,"2,377.01",0.33%
2017-07-06,2388,"2,390.31",-0.02%
2017-07-07,2380,"2,376.29",-0.33%
2017-07-10,2382,"2,386.30",0.09%
2017-07-11,2396,"2,386.42",0.58%
2017-07-12,2392,"2,395.41",-0.18%
2017-07-13,2409,"2,405.76",0.74%
2017-07-14,2415,"2,418.27",0.21%
2017-07-17,2425,"2,427.76",0.43%
2017-07-18,2426,"2,425.07",0.04%
2017-07-19,2430,"2,430.09",0.16%
2017-07-20,2442,"2,436.06",0.49%
2017-07-21,2450,"2,438.78",0.34%
2017-07-24,2452,"2,451.41",0.06%
2017-07-25,2440,"2,450.76",-0.47%
2017-07-26,2435,"2,446.82",-0.22%
2017-07-27,2443,"2,443.28",0.36%
2017-07-28,2401,"2,433.46",-1.73%
2017-07-31,2403,"2,392.02",0.07%
2017-08-01,2423,"2,397.12",0.84%
2017-08-02,2428,"2,431.94",0.19%
2017-08-03,2387,"2,423.21",-1.68%
2017-08-04,2395,"2,389.74",0.36%
2017-08-07,2399,"2,402.57",0.14%
2017-08-08,2395,"2,404.68",-0.17%
2017-08-09,2368,"2,379.70",-1.10%
2017-08-10,2359,"2,360.95",-0.38%
2017-08-11,2320,"2,323.06",-1.69%
2017-08-14,2334,"2,336.02",0.63%
2017-08-16,2348,"2,355.74",0.60%
2017-08-17,2362,"2,351.61",0.57%
2017-08-18,2358,"2,340.19",-0.14%
2017-08-21,2355,"2,363.38",-0.14%
2017-08-22,2365,"2,360.29",0.44%
2017-08-23,2366,"2,376.53",0.05%
2017-08-24,2376,"2,370.12",0.40%
2017-08-25,2379,"2,381.47",0.11%
2017-08-28,2370,"2,376.38",-0.35%
2017-08-29,2365,"2,356.20",-0.23%
2017-08-30,2372,"2,368.13",0.32%
2017-08-31,2363,"2,373.96",-0.38%
2017-09-01,2358,"2,367.45",-0.23%
2017-09-04,2330,"2,316.89",-1.19%
2017-09-05,2327,"2,340.62",-0.13%
2017-09-06,2320,"2,324.84",-0.29%
2017-09-07,2346,"2,328.94",1.14%
2017-09-08,2344,"2,350.19",-0.11%
2017-09-11,2359,"2,354.86",0.66%
2017-09-12,2365,"2,372.02",0.27%
2017-09-13,2360,"2,370.54",-0.22%
2017-09-14,2378,"2,365.54",0.74%
2017-09-15,2386,"2,368.44",0.35%
2017-09-18,2418,"2,390.58",1.35%
2017-09-19,2416,"2,419.30",-0.09%
2017-09-20,2412,"2,420.82",-0.16%
2017-09-21,2407,"2,412.01",-0.24%
2017-09-22,2389,"2,404.35",-0.74%
2017-09-25,2380,"2,388.77",-0.35%
2017-09-26,2374,"2,371.62",-0.26%
2017-09-27,2373,"2,376.89",-0.07%
2017-09-28,2373,"2,374.10",0.02%
2017-09-29,2394,"2,378.66",0.90%
2017-10-10,2434,"2,425.63",1.64%
2017-10-11,2458,"2,442.49",1.00%
2017-10-12,2475,"2,461.70",0.68%
2017-10-13,2474,"2,473.65",-0.05%
2017-10-16,2480,"2,483.17",0.26%
2017-10-17,2484,"2,484.96",0.17%
2017-10-18,2483,"2,481.53",-0.06%
2017-10-19,2473,"2,485.72",-0.40%
2017-10-20,2490,"2,477.30",0.67%
2017-10-23,2490,"2,497.65",0.02%
2017-10-24,2490,"2,489.31",0.02%
2017-10-25,2493,"2,495.87",0.08%
2017-10-26,2481,"2,489.60",-0.48%
2017-10-27,2497,"2,485.44",0.64%
2017-10-30,2502,"2,513.87",0.21%
2017-10-31,2523,"2,500.21",0.86%
2017-11-01,2556,"2,535.97",1.31%
2017-11-02,2546,"2,560.34",-0.40%
2017-11-03,2558,"2,558.37",0.46%
2017-11-06,2549,"2,557.29",-0.33%
2017-11-07,2545,"2,548.30",-0.16%
2017-11-08,2552,"2,534.48",0.27%
2017-11-09,2551,"2,559.93",-0.07%
2017-11-10,2543,"2,541.18",-0.30%
2017-11-13,2530,"2,548.27",-0.50%
2017-11-14,2527,"2,532.55",-0.15%
2017-11-15,2518,"2,525.60",-0.33%
2017-11-16,2535,"2,522.42",0.66%
2017-11-17,2534,"2,546.05",-0.03%
2017-11-20,2528,"2,536.80",-0.25%
2017-11-21,2531,"2,533.85",0.12%
2017-11-22,2541,"2,546.61",0.39%
2017-11-23,2537,"2,542.34",-0.13%
2017-11-24,2544,"2,539.79",0.28%
2017-11-27,2508,"2,544.74",-1.44%
2017-11-28,2514,"2,512.52",0.25%
2017-11-29,2513,"2,517.26",-0.05%
2017-11-30,2476,"2,502.22",-1.45%
2017-12-01,2475,"2,488.92",-0.04%
2017-12-04,2502,"2,486.72",1.06%
2017-12-05,2510,"2,490.73",0.34%
2017-12-06,2474,"2,510.19",-1.42%
2017-12-07,2462,"2,479.55",-0.50%
2017-12-08,2464,"2,470.09",0.08%
2017-12-11,2471,"2,467.81",0.30%
2017-12-12,2461,"2,471.23",-0.42%
2017-12-13,2481,"2,462.42",0.79%
2017-12-14,2469,"2,486.57",-0.45%
2017-12-15,2482,"2,488.39",0.51%
2017-12-18,2482,"2,488.83",-0.01%
2017-12-19,2479,"2,487.83",-0.13%
2017-12-20,2472,"2,473.82",-0.25%
2017-12-21,2430,"2,471.34",-1.72%
2017-12-22,2441,"2,437.59",0.44%
2017-12-26,2427,"2,447.67",-0.54%
2017-12-27,2437,"2,420.86",0.38%
2017-12-28,2467,"2,439.31",1.26%
2018-01-02,2480,"2,474.86",0.49%
2018-01-03,2486,"2,484.63",0.27%
2018-01-04,2466,"2,502.50",-0.80%
2018-01-05,2498,"2,476.85",1.26%
2018-01-08,2513,"2,510.70",0.63%
2018-01-09,2510,"2,510.73",-0.12%
2018-01-10,2500,"2,516.33",-0.42%
2018-01-11,2488,"2,496.86",-0.47%
2018-01-12,2496,"2,499.87",0.34%
2018-01-15,2504,"2,510.97",0.29%
2018-01-16,2522,"2,504.16",0.72%
2018-01-17,2515,"2,517.19",-0.25%
2018-01-18,2516,"2,527.67",0.02%
2018-01-19,2520,"2,519.67",0.18%
2018-01-22,2502,"2,516.90",-0.72%
2018-01-23,2537,"2,510.35",1.38%
2018-01-24,2538,"2,533.86",0.06%
2018-01-25,2562,"2,536.96",0.95%
2018-01-26,2575,"2,560.69",0.49%
2018-01-29,2598,"2,588.87",0.91%
2018-01-30,2568,"2,590.41",-1.17%
2018-01-31,2566,"2,557.37",-0.05%
2018-02-01,2569,"2,578.91",0.08%
2018-02-02,2525,"2,565.99",-1.68%
2018-02-05,2492,"2,487.34",-1.33%
2018-02-06,2453,"2,437.02",-1.54%
2018-02-07,2397,"2,483.72",-2.31%
2018-02-08,2408,"2,400.17",0.46%
2018-02-09,2364,"2,346.73",-1.82%
2018-02-12,2385,"2,380.49",0.91%
2018-02-13,2395,"2,402.89",0.41%
2018-02-14,2422,"2,412.47",1.11%
2018-02-19,2443,"2,452.52",0.87%
2018-02-20,2415,"2,433.35",-1.13%
2018-02-21,2430,"2,417.73",0.60%
2018-02-22,2414,"2,417.18",-0.63%
2018-02-23,2452,"2,427.13",1.54%
2018-02-26,2458,"2,465.35",0.25%
2018-02-27,2456,"2,474.08",-0.06%
2018-02-28,2427,"2,447.11",-1.17%
2018-03-02,2402,"2,406.57",-1.04%
2018-03-05,2375,"2,405.92",-1.13%
2018-03-06,2411,"2,400.67",1.53%
2018-03-07,2402,"2,413.39",-0.40%
2018-03-08,2433,"2,420.67",1.30%
2018-03-09,2459,"2,443.43",1.08%
2018-03-12,2484,"2,485.64",1.00%
2018-03-13,2494,"2,483.05",0.42%
2018-03-14,2486,"2,477.43",-0.34%
2018-03-15,2492,"2,486.00",0.25%
2018-03-16,2494,"2,495.11",0.06%
2018-03-19,2475,"2,491.99",-0.76%
2018-03-20,2486,"2,456.80",0.42%
2018-03-21,2485,"2,488.22",-0.02%
2018-03-22,2496,"2,494.84",0.44%
2018-03-23,2417,"2,446.73",-3.18%
2018-03-26,2437,"2,414.68",0.84%
2018-03-27,2452,"2,455.00",0.61%
2018-03-28,2419,"2,425.94",-1.34%
2018-03-29,2436,"2,421.70",0.71%
2018-03-30,2446,"2,454.10",0.39%
2018-04-02,2444,"2,454.72",-0.07%
2018-04-03,2442,"2,422.26",-0.07%
2018-04-04,2408,"2,447.97",-1.41%
2018-04-05,2438,"2,426.92",1.22%
2018-04-06,2430,"2,420.88",-0.33%
2018-04-09,2444,"2,424.15",0.60%
2018-04-10,2451,"2,439.94",0.27%
2018-04-11,2444,"2,456.53",-0.27%
2018-04-12,2443,"2,450.95",-0.06%
2018-04-13,2455,"2,449.42",0.51%
2018-04-16,2457,"2,466.04",0.10%
2018-04-17,2454,"2,459.39",-0.15%
2018-04-18,2480,"2,467.55",1.07%
2018-04-19,2486,"2,483.26",0.25%
2018-04-20,2476,"2,478.59",-0.39%
2018-04-23,2474,"2,473.70",-0.09%
2018-04-24,2464,"2,478.47",-0.40%
2018-04-25,2449,"2,444.19",-0.62%
2018-04-26,2476,"2,460.62",1.10%
2018-04-27,2492,"2,497.75",0.68%
2018-04-30,2515,"2,502.29",0.92%
2018-05-02,2506,"2,515.75",-0.39%
2018-05-03,2487,"2,506.94",-0.73%
2018-05-04,2461,"2,486.47",-1.04%
2018-05-08,2450,"2,468.45",-0.47%
2018-05-09,2444,"2,450.71",-0.24%
2018-05-10,2464,"2,458.67",0.83%
2018-05-11,2478,"2,469.30",0.55%
2018-05-14,2476,"2,482.97",-0.06%
2018-05-15,2459,"2,476.87",-0.71%
2018-05-16,2460,"2,446.64",0.05%
2018-05-17,2448,"2,468.72",-0.46%
2018-05-18,2461,"2,459.73",0.50%
2018-05-21,2466,"2,464.07",0.20%
2018-05-23,2472,"2,462.98",0.26%
2018-05-24,2466,"2,477.48",-0.24%
2018-05-25,2461,"2,452.80",-0.21%
2018-05-28,2479,"2,465.00",0.74%
2018-05-29,2457,"2,476.70",-0.88%
2018-05-30,2409,"2,446.81",-1.96%
2018-05-31,2423,"2,428.83",0.58%
2018-06-01,2439,"2,419.63",0.66%
2018-06-04,2448,"2,444.62",0.36%
2018-06-05,2454,"2,450.39",0.25%
2018-06-07,2471,"2,468.26",0.69%
2018-06-08,2452,"2,467.88",-0.77%
2018-06-11,2470,"2,454.25",0.76%
2018-06-12,2469,"2,474.78",-0.05%
2018-06-14,2423,"2,450.86",-1.84%
2018-06-15,2404,"2,432.18",-0.80%
2018-06-18,2376,"2,404.68",-1.16%
2018-06-19,2340,"2,373.12",-1.52%
2018-06-20,2364,"2,350.24",1.02%
2018-06-21,2338,"2,364.16",-1.10%
2018-06-22,2357,"2,323.08",0.83%
2018-06-25,2358,"2,351.89",0.03%
2018-06-26,2351,"2,334.75",-0.30%
2018-06-27,2342,"2,349.38",-0.38%
2018-06-28,2314,"2,327.37",-1.19%
2018-06-29,2326,"2,325.68",0.51%
2018-07-02,2272,"2,322.23",-2.35%
2018-07-03,2273,"2,285.88",0.05%
2018-07-04,2265,"2,270.95",-0.32%
2018-07-05,2258,"2,264.74",-0.35%
2018-07-06,2273,"2,261.44",0.68%
2018-07-09,2286,"2,276.92",0.57%
2018-07-10,2294,"2,299.09",0.37%
2018-07-11,2281,"2,277.22",-0.59%
2018-07-12,2285,"2,285.93",0.19%
2018-07-13,2311,"2,293.07",1.13%
2018-07-16,2302,"2,312.26",-0.39%
2018-07-17,2298,"2,302.95",-0.18%
2018-07-18,2290,"2,313.78",-0.34%
2018-07-19,2282,"2,298.91",-0.34%
2018-07-20,2289,"2,281.36",0.30%
2018-07-23,2269,"2,289.61",-0.87%
2018-07-24,2280,"2,273.15",0.48%
2018-07-25,2273,"2,284.38",-0.31%
2018-07-26,2289,"2,284.51",0.71%
2018-07-27,2295,"2,292.33",0.26%
2018-07-30,2294,"2,290.18",-0.06%
2018-07-31,2295,"2,292.23",0.08%
2018-08-01,2307,"2,301.17",0.51%
2018-08-02,2270,"2,304.14",-1.60%
2018-08-03,2288,"2,278.33",0.77%
2018-08-06,2287,"2,288.51",-0.05%
2018-08-07,2300,"2,290.85",0.60%
2018-08-08,2301,"2,305.73",0.06%
2018-08-09,2304,"2,303.04",0.10%
2018-08-10,2283,"2,295.21",-0.91%
2018-08-13,2248,"2,266.43",-1.50%
2018-08-14,2259,"2,249.86",0.47%
2018-08-16,2241,"2,233.05",-0.80%
2018-08-17,2247,"2,244.61",0.28%
2018-08-20,2248,"2,257.35",0.04%
2018-08-21,2270,"2,248.04",0.99%
2018-08-22,2273,"2,273.68",0.14%
2018-08-23,2283,"2,282.57",0.41%
2018-08-24,2293,"2,276.16",0.46%
2018-08-27,2299,"2,297.32",0.27%
2018-08-28,2303,"2,312.14",0.17%
2018-08-29,2309,"2,304.66",0.26%
2018-08-30,2307,"2,313.11",-0.07%
2018-08-31,2323,"2,298.13",0.67%
2018-09-03,2307,"2,317.93",-0.68%
2018-09-04,2316,"2,308.96",0.38%
2018-09-05,2292,"2,310.90",-1.03%
2018-09-06,2288,"2,288.80",-0.18%
2018-09-07,2282,"2,278.08",-0.26%
2018-09-10,2289,"2,277.35",0.31%
2018-09-11,2283,"2,286.91",-0.24%
2018-09-12,2283,"2,286.28",-0.01%
2018-09-13,2286,"2,285.28",0.14%
2018-09-14,2318,"2,304.70",1.40%
2018-09-17,2303,"2,314.55",-0.66%
2018-09-18,2309,"2,287.73",0.26%
2018-09-19,2308,"2,319.22",-0.02%
2018-09-20,2323,"2,314.41",0.65%
2018-09-21,2339,"2,332.04",0.68%
2018-09-27,2355,"2,331.70",0.70%
2018-09-28,2343,"2,356.13",-0.52%
2018-10-01,2339,"2,349.64",-0.18%
2018-10-02,2310,"2,338.28",-1.25%
2018-10-04,2274,"2,311.06",-1.52%
2018-10-05,2268,"2,269.94",-0.31%
2018-10-08,2254,"2,258.73",-0.60%
2018-10-10,2229,"2,256.03",-1.12%
2018-10-11,2130,"2,176.16",-4.44%
2018-10-12,2162,"2,131.66",1.51%
2018-10-15,2145,"2,155.34",-0.77%
2018-10-16,2145,"2,156.00",0.00%
2018-10-17,2168,"2,169.44",1.04%
2018-10-18,2148,"2,158.80",-0.89%
2018-10-19,2156,"2,130.06",0.37%
2018-10-22,2162,"2,143.08",0.25%
2018-10-23,2106,"2,147.30",-2.57%
2018-10-24,2098,"2,119.19",-0.40%
2018-10-25,2063,"2,046.67",-1.63%
2018-10-26,2027,"2,066.57",-1.75%
2018-10-29,1996,"2,026.68",-1.53%
2018-10-30,2015,"1,985.95",0.93%
2018-10-31,2030,"2,022.84",0.74%
2018-11-01,2024,"2,035.11",-0.26%
2018-11-02,2096,"2,046.61",3.53%
2018-11-05,2077,"2,079.81",-0.91%
2018-11-06,2090,"2,085.81",0.61%
2018-11-07,2079,"2,090.32",-0.52%
2018-11-08,2093,"2,109.97",0.67%
2018-11-09,2086,"2,093.89",-0.31%
2018-11-12,2080,"2,065.92",-0.27%
2018-11-13,2071,"2,047.62",-0.44%
2018-11-14,2068,"2,071.41",-0.15%
2018-11-15,2088,"2,061.47",0.97%
2018-11-16,2092,"2,097.94",0.21%
2018-11-19,2101,"2,096.13",0.39%
2018-11-20,2083,"2,074.67",-0.86%
2018-11-21,2077,"2,057.07",-0.29%
2018-11-22,2070,"2,079.01",-0.32%
2018-11-23,2057,"2,073.26",-0.60%
2018-11-26,2083,"2,060.17",1.24%
2018-11-27,2099,"2,091.75",0.79%
2018-11-28,2108,"2,104.13",0.42%
2018-11-29,2114,"2,133.95",0.28%
2018-11-30,2097,"2,116.83",-0.82%
2018-12-03,2132,"2,127.78",1.67%
2018-12-04,2114,"2,125.67",-0.82%
2018-12-05,2101,"2,086.57",-0.62%
2018-12-06,2069,"2,094.62",-1.55%
2018-12-07,2076,"2,081.68",0.34%
2018-12-10,2054,"2,048.45",-1.06%
2018-12-11,2053,"2,058.16",-0.04%
2018-12-12,2083,"2,062.77",1.44%
2018-12-13,2096,"2,087.43",0.62%
2018-12-14,2069,"2,095.64",-1.25%
2018-12-17,2071,"2,071.21",0.08%
2018-12-18,2062,"2,057.39",-0.43%
2018-12-19,2079,"2,068.95",0.81%
2018-12-20,2060,"2,063.70",-0.90%
2018-12-21,2061,"2,052.70",0.07%
2018-12-24,2055,"2,050.38",-0.31%
2018-12-26,2028,"2,028.81",-1.31%
2018-12-27,2028,"2,032.09",0.02%
2018-12-28,2041,"2,036.70",0.62%
2019-01-02,2010,"2,050.55",-1.52%
2019-01-03,1994,"2,011.81",-0.81%
2019-01-04,2010,"1,992.40",0.83%
2019-01-07,2037,"2,034.24",1.34%
2019-01-08,2025,"2,038.68",-0.58%
2019-01-09,2065,"2,034.19",1.95%
2019-01-10,2063,"2,065.73",-0.07%
2019-01-11,2076,"2,070.36",0.60%
2019-01-14,2065,"2,070.49",-0.53%
2019-01-15,2097,"2,069.14",1.58%
2019-01-16,2106,"2,098.65",0.43%
2019-01-17,2107,"2,110.14",0.05%
2019-01-18,2124,"2,116.43",0.82%
2019-01-21,2125,"2,133.87",0.02%
2019-01-22,2118,"2,126.03",-0.32%
2019-01-23,2128,"2,108.72",0.47%
2019-01-24,2145,"2,127.88",0.81%
2019-01-25,2178,"2,147.92",1.52%
2019-01-28,2177,"2,184.41",-0.02%
2019-01-29,2183,"2,172.83",0.28%
2019-01-30,2206,"2,183.49",1.05%
2019-01-31,2205,"2,222.88",-0.06%
2019-02-01,2203,"2,211.93",-0.06%
2019-02-07,2203,"2,215.77",0.00%
2019-02-08,2177,"2,192.01",-1.20%
2019-02-11,2181,"2,180.54",0.17%
2019-02-12,2190,"2,182.71",0.45%
2019-02-13,2201,"2,200.00",0.50%
2019-02-14,2226,"2,195.92",1.11%
2019-02-15,2196,"2,210.94",-1.34%
2019-02-18,2211,"2,207.36",0.67%
2019-02-19,2206,"2,208.96",-0.24%
2019-02-20,2230,"2,216.74",1.09%
2019-02-21,2229,"2,224.26",-0.05%
2019-02-22,2231,"2,222.32",0.08%
2019-02-25,2233,"2,241.13",0.09%
2019-02-26,2227,"2,230.37",-0.27%
2019-02-27,2235,"2,234.46",0.37%
2019-02-28,2195,"2,231.58",-1.76%
2019-03-04,2191,"2,210.97",-0.22%
2019-03-05,2179,"2,183.35",-0.52%
2019-03-06,2176,"2,177.11",-0.17%
2019-03-07,2166,"2,173.19",-0.45%
2019-03-08,2137,"2,152.80",-1.31%
2019-03-11,2138,"2,140.29",0.03%
2019-03-12,2157,"2,154.61",0.89%
2019-03-13,2148,"2,152.66",-0.41%
2019-03-14,2156,"2,154.35",0.34%
2019-03-15,2176,"2,152.96",0.95%
2019-03-18,2179,"2,179.69",0.16%
2019-03-19,2178,"2,183.03",-0.09%
2019-03-20,2177,"2,171.41",-0.02%
2019-03-21,2185,"2,183.11",0.36%
2019-03-22,2187,"2,192.72",0.09%
2019-03-25,2145,"2,158.80",-1.92%
2019-03-26,2149,"2,152.98",0.18%
2019-03-27,2146,"2,147.19",-0.15%
2019-03-28,2128,"2,131.25",-0.82%
2019-03-29,2141,"2,138.45",0.59%
2019-04-01,2168,"2,153.31",1.29%
2019-04-02,2177,"2,177.20",0.41%
2019-04-03,2203,"2,176.81",1.20%
2019-04-04,2207,"2,201.04",0.15%
2019-04-05,2210,"2,206.36",0.14%
2019-04-08,2211,"2,217.66",0.04%
2019-04-09,2214,"2,212.32",0.13%
2019-04-10,2224,"2,206.20",0.49%
2019-04-11,2224,"2,227.69",0.00%
2019-04-12,2233,"2,221.10",0.41%
2019-04-15,2243,"2,242.31",0.42%
2019-04-16,2249,"2,241.06",0.26%
2019-04-17,2246,"2,249.05",-0.12%
2019-04-18,2214,"2,248.80",-1.43%
2019-04-19,2216,"2,223.42",0.11%
2019-04-22,2217,"2,218.50",0.02%
2019-04-23,2221,"2,217.61",0.17%
2019-04-24,2201,"2,229.75",-0.88%
2019-04-25,2191,"2,195.47",-0.48%
2019-04-26,2179,"2,178.13",-0.51%
2019-04-29,2216,"2,183.41",1.70%
2019-04-30,2204,"2,213.43",-0.58%
2019-05-02,2213,"2,192.94",0.42%
2019-05-03,2196,"2,209.44",-0.74%
2019-05-07,2177,"2,172.39",-0.88%
2019-05-08,2168,"2,151.34",-0.41%
2019-05-09,2102,"2,159.79",-3.04%
2019-05-10,2108,"2,118.42",0.29%
2019-05-13,2079,"2,091.80",-1.38%
2019-05-14,2082,"2,060.24",0.14%
2019-05-15,2093,"2,081.92",0.53%
2019-05-16,2068,"2,094.88",-1.20%
2019-05-17,2056,"2,081.57",-0.58%
2019-05-20,2056,"2,066.53",0.00%
2019-05-21,2061,"2,056.95",0.27%
2019-05-22,2065,"2,068.65",0.18%
2019-05-23,2060,"2,063.25",-0.26%
2019-05-24,2045,"2,047.30",-0.69%
2019-05-27,2044,"2,044.25",-0.05%
2019-05-28,2049,"2,044.77",0.23%
2019-05-29,2023,"2,046.71",-1.25%
2019-05-30,2039,"2,024.33",0.77%
2019-05-31,2042,"2,029.03",0.14%
2019-06-03,2068,"2,031.03",1.28%
2019-06-04,2067,"2,066.78",-0.04%
2019-06-05,2069,"2,084.16",0.10%
2019-06-07,2072,"2,070.78",0.16%
2019-06-10,2099,"2,087.37",1.31%
2019-06-11,2112,"2,096.09",0.59%
2019-06-12,2109,"2,111.66",-0.14%
2019-06-13,2103,"2,104.46",-0.27%
2019-06-14,2095,"2,096.32",-0.37%
2019-06-17,2091,"2,091.71",-0.22%
2019-06-18,2099,"2,089.31",0.38%
2019-06-19,2125,"2,119.54",1.24%
2019-06-20,2131,"2,121.78",0.31%
2019-06-21,2126,"2,132.38",-0.27%
2019-06-24,2126,"2,130.32",0.03%
2019-06-25,2122,"2,125.74",-0.22%
2019-06-26,2122,"2,120.20",0.01%
2019-06-27,2134,"2,120.73",0.59%
2019-06-28,2131,"2,135.06",-0.17%
2019-07-01,2130,"2,147.24",-0.04%
2019-07-02,2122,"2,122.07",-0.36%
2019-07-03,2096,"2,120.75",-1.23%
2019-07-04,2109,"2,102.36",0.61%
2019-07-05,2111,"2,111.00",0.09%
2019-07-08,2064,"2,091.91",-2.20%
2019-07-09,2052,"2,070.35",-0.59%
2019-07-10,2059,"2,061.55",0.33%
2019-07-11,2081,"2,070.59",1.06%
2019-07-12,2087,"2,083.53",0.29%
2019-07-15,2082,"2,083.39",-0.20%
2019-07-16,2092,"2,084.46",0.45%
2019-07-17,2073,"2,079.91",-0.91%
2019-07-18,2067,"2,068.66",-0.31%
2019-07-19,2094,"2,080.21",1.35%
2019-07-22,2093,"2,090.35",-0.05%
2019-07-23,2101,"2,095.76",0.39%
2019-07-24,2082,"2,097.16",-0.91%
2019-07-25,2074,"2,085.67",-0.38%
2019-07-26,2066,"2,063.35",-0.40%
2019-07-29,2029,"2,059.13",-1.78%
2019-07-30,2039,"2,035.32",0.45%
2019-07-31,2025,"2,036.46",-0.69%
2019-08-01,2017,"2,015.09",-0.36%
2019-08-02,1998,"1,995.31",-0.95%
2019-08-05,1947,"1,985.93",-2.56%
2019-08-06,1918,"1,900.36",-1.51%
2019-08-07,1910,"1,925.33",-0.41%
2019-08-08,1921,"1,926.28",0.57%
2019-08-09,1938,"1,940.06",0.89%
2019-08-12,1942,"1,941.53",0.23%
2019-08-13,1926,"1,928.76",-0.85%
2019-08-14,1938,"1,946.18",0.65%
2019-08-16,1927,"1,921.49",-0.58%
2019-08-19,1940,"1,936.64",0.66%
2019-08-20,1960,"1,942.99",1.05%
2019-08-21,1965,"1,954.57",0.22%
2019-08-22,1951,"1,966.60",-0.69%
2019-08-23,1948,"1,942.42",-0.14%
2019-08-26,1916,"1,915.34",-1.64%
2019-08-27,1925,"1,928.98",0.43%
2019-08-28,1941,"1,929.96",0.86%
2019-08-29,1933,"1,943.55",-0.40%
2019-08-30,1968,"1,951.66",1.78%
2019-09-02,1969,"1,961.19",0.07%
2019-09-03,1966,"1,966.50",-0.18%
2019-09-04,1989,"1,962.43",1.16%
2019-09-05,2005,"1,993.62",0.82%
2019-09-06,2009,"2,016.11",0.22%
2019-09-09,2020,"2,013.38",0.52%
2019-09-10,2032,"2,024.79",0.62%
2019-09-11,2049,"2,043.72",0.84%
2019-09-16,2062,"2,056.26",0.64%
2019-09-17,2062,"2,058.72",0.01%
2019-09-18,2071,"2,064.42",0.41%
2019-09-19,2080,"2,070.53",0.46%
2019-09-20,2092,"2,080.86",0.54%
2019-09-23,2092,"2,087.70",0.01%
2019-09-24,2101,"2,090.19",0.45%
2019-09-25,2073,"2,093.47",-1.32%
2019-09-26,2075,"2,082.66",0.05%
2019-09-27,2050,"2,066.96",-1.19%
2019-09-30,2063,"2,045.77",0.64%
2019-10-01,2072,"2,062.44",0.45%
2019-10-02,2032,"2,058.23",-1.95%
2019-10-04,2021,"2,028.40",-0.55%
2019-10-07,2022,"2,031.53",0.05%
2019-10-08,2046,"2,029.37",1.21%
2019-10-10,2028,"2,030.13",-0.88%
2019-10-11,2045,"2,048.08",0.81%
2019-10-14,2067,"2,068.13",1.11%
2019-10-15,2068,"2,064.78",0.04%
2019-10-16,2083,"2,080.92",0.71%
2019-10-17,2078,"2,081.76",-0.23%
2019-10-18,2061,"2,082.23",-0.83%
2019-10-21,2065,"2,067.97",0.20%
2019-10-22,2089,"2,076.29",1.16%
2019-10-23,2081,"2,086.81",-0.39%
2019-10-24,2086,"2,089.85",0.24%
2019-10-25,2088,"2,091.16",0.11%
2019-10-28,2094,"2,096.67",0.27%
2019-10-29,2093,"2,103.92",-0.04%
2019-10-30,2080,"2,093.51",-0.59%
2019-10-31,2083,"2,089.22",0.15%
2019-11-01,2100,"2,084.79",0.80%
2019-11-04,2130,"2,111.32",1.43%
2019-11-05,2143,"2,133.66",0.58%
2019-11-06,2144,"2,142.69",0.07%
2019-11-07,2144,"2,141.05",0.01%
2019-11-08,2137,"2,154.18",-0.33%
2019-11-11,2124,"2,139.07",-0.61%
2019-11-12,2141,"2,131.26",0.79%
2019-11-13,2122,"2,132.48",-0.86%
2019-11-14,2139,"2,127.54",0.79%
2019-11-15,2162,"2,137.96",1.07%
2019-11-18,2161,"2,161.89",-0.07%
2019-11-19,2153,"2,151.04",-0.34%
2019-11-20,2125,"2,140.06",-1.30%
2019-11-21,2097,"2,123.65",-1.35%
2019-11-22,2102,"2,098.89",0.26%
2019-11-25,2124,"2,117.14",1.02%
2019-11-26,2121,"2,129.27",-0.10%
2019-11-27,2128,"2,134.47",0.31%
2019-11-28,2119,"2,116.93",-0.43%
2019-11-29,2088,"2,125.53",-1.45%
2019-12-02,2092,"2,097.55",0.19%
2019-12-03,2084,"2,075.02",-0.38%
2019-12-04,2069,"2,070.84",-0.73%
2019-12-05,2061,"2,078.31",-0.39%
2019-12-06,2082,"2,072.44",1.02%
2019-12-09,2089,"2,091.94",0.33%
2019-12-10,2098,"2,081.22",0.45%
2019-12-11,2106,"2,098.28",0.36%
2019-12-12,2137,"2,120.13",1.51%
2019-12-13,2170,"2,164.63",1.54%
2019-12-16,2168,"2,168.05",-0.10%
2019-12-17,2196,"2,179.40",1.27%
2019-12-18,2195,"2,194.92",-0.04%
2019-12-19,2197,"2,199.42",0.08%
2019-12-20,2204,"2,205.57",0.35%
2019-12-23,2204,"2,208.22",-0.02%
2019-12-24,2190,"2,206.23",-0.62%
2019-12-26,2198,"2,192.22",0.36%
2019-12-27,2204,"2,183.70",0.29%
2019-12-30,2198,"2,202.62",-0.30%
2020-01-02,2175,"2,201.21",-1.02%
2020-01-03,2176,"2,192.58",0.06%
2020-01-06,2155,"2,154.97",-0.98%
2020-01-07,2176,"2,166.60",0.95%
2020-01-08,2151,"2,156.27",-1.11%
2020-01-09,2186,"2,182.20",1.63%
2020-01-10,2206,"2,189.48",0.91%
2020-01-13,2229,"2,204.49",1.04%
2020-01-14,2239,"2,243.06",0.43%
2020-01-15,2231,"2,229.80",-0.35%
2020-01-16,2248,"2,231.93",0.77%
2020-01-17,2251,"2,261.57",0.11%
2020-01-20,2263,"2,261.40",0.54%
2020-01-21,2240,"2,259.81",-1.01%
2020-01-22,2267,"2,238.53",1.23%
2020-01-23,2246,"2,254.54",-0.93%
2020-01-28,2177,"2,192.22",-3.09%
2020-01-29,2185,"2,188.18",0.39%
2020-01-30,2148,"2,181.54",-1.71%
2020-01-31,2119,"2,160.60",-1.35%
2020-02-03,2119,"2,086.61",-0.01%
2020-02-04,2158,"2,121.22",1.84%
2020-02-05,2166,"2,177.26",0.36%
2020-02-06,2228,"2,184.77",2.88%
2020-02-07,2212,"2,221.49",-0.72%
2020-02-10,2201,"2,185.63",-0.49%
2020-02-11,2223,"2,213.50",1.00%
2020-02-12,2238,"2,225.95",0.69%
2020-02-13,2233,"2,245.72",-0.24%
2020-02-14,2244,"2,232.71",0.48%
2020-02-17,2242,"2,243.07",-0.06%
2020-02-18,2209,"2,225.98",-1.48%
2020-02-19,2210,"2,222.51",0.07%
2020-02-20,2196,"2,223.55",-0.67%
2020-02-21,2163,"2,165.65",-1.49%
2020-02-24,2079,"2,114.04",-3.87%
2020-02-25,2104,"2,075.55",1.18%
2020-02-26,2077,"2,064.07",-1.28%
2020-02-27,2055,"2,073.87",-1.05%
2020-02-28,1987,"2,020.17",-3.30%
2020-03-02,2003,"1,997.03",0.78%
2020-03-03,2014,"2,051.85",0.58%
2020-03-04,2059,"2,005.81",2.24%
2020-03-05,2085,"2,078.11",1.26%
2020-03-06,2040,"2,053.09",-2.16%
2020-03-09,1955,"1,981.02",-4.19%
2020-03-10,1963,"1,942.85",0.42%
2020-03-11,1908,"1,965.67",-2.78%
2020-03-12,1834,"1,887.97",-3.87%
2020-03-13,1771,"1,722.68",-3.43%
2020-03-16,1715,"1,805.43",-3.19%
2020-03-17,1672,"1,640.84",-2.47%
2020-03-18,1591,"1,686.12",-4.86%
2020-03-19,1458,"1,626.09",-8.39%
2020-03-20,1566,"1,498.49",7.44%
2020-03-23,1482,"1,474.45",-5.34%
2020-03-24,1610,"1,523.69",8.60%
2020-03-25,1705,"1,668.19",5.89%
2020-03-26,1686,"1,699.11",-1.09%
2020-03-27,1718,"1,756.07",1.87%
2020-03-30,1717,"1,670.34",-0.04%
2020-03-31,1755,"1,739.29",2.19%
2020-04-01,1685,"1,737.28",-3.94%
2020-04-02,1725,"1,693.53",2.34%
2020-04-03,1725,"1,731.17",0.03%
2020-04-06,1792,"1,745.25",3.85%
2020-04-07,1824,"1,826.72",1.77%
2020-04-08,1807,"1,815.75",-0.90%
2020-04-09,1836,"1,838.09",1.61%
2020-04-10,1861,"1,835.76",1.33%
2020-04-13,1826,"1,853.30",-1.88%
2020-04-14,1857,"1,846.41",1.72%
2020-04-16,1857,"1,839.51",0.00%
2020-04-17,1915,"1,893.31",3.09%
2020-04-20,1898,"1,908.34",-0.84%
2020-04-21,1879,"1,886.78",-1.00%
2020-04-22,1896,"1,855.51",0.89%
2020-04-23,1915,"1,907.45",0.98%
2020-04-24,1889,"1,906.07",-1.34%
2020-04-27,1923,"1,897.06",1.79%
2020-04-28,1934,"1,931.25",0.59%
2020-04-29,1948,"1,936.89",0.70%
2020-05-04,1895,"1,906.42",-2.68%
2020-05-06,1929,"1,919.45",1.76%
2020-05-07,1929,"1,922.00",-0.01%
2020-05-08,1946,"1,944.94",0.89%
2020-05-11,1935,"1,953.51",-0.54%
2020-05-12,1922,"1,938.62",-0.68%
2020-05-13,1940,"1,897.50",0.95%
2020-05-14,1925,"1,922.44",-0.80%
2020-05-15,1927,"1,937.63",0.12%
2020-05-18,1937,"1,934.51",0.51%
2020-05-19,1981,"1,977.47",2.25%
2020-05-20,1990,"1,972.12",0.46%
2020-05-21,1998,"2,003.20",0.44%
2020-05-22,1970,"2,001.60",-1.41%
2020-05-25,1995,"1,980.51",1.24%
2020-05-26,2030,"2,001.00",1.76%
2020-05-27,2031,"2,027.90",0.07%
2020-05-28,2029,"2,047.08",-0.13%
2020-05-29,2030,"2,018.37",0.05%
2020-06-01,2065,"2,037.04",1.75%
2020-06-02,2087,"2,061.45",1.07%
2020-06-03,2147,"2,108.55",2.87%
2020-06-04,2151,"2,181.64",0.19%
2020-06-05,2182,"2,151.17",1.43%
2020-06-08,2184,"2,215.60",0.11%
2020-06-09,2189,"2,206.23",0.21%
2020-06-10,2196,"2,187.91",0.31%
2020-06-11,2177,"2,184.36",-0.86%
2020-06-12,2132,"2,088.24",-2.04%
2020-06-15,2031,"2,114.41",-4.76%
2020-06-16,2138,"2,091.09",5.28%
2020-06-17,2141,"2,133.18",0.14%
2020-06-18,2133,"2,134.35",-0.35%
2020-06-19,2141,"2,153.09",0.37%
2020-06-22,2127,"2,126.38",-0.68%
2020-06-23,2131,"2,149.13",0.21%
2020-06-24,2162,"2,145.93",1.42%
2020-06-25,2112,"2,130.45",-2.27%
2020-06-26,2135,"2,137.47",1.05%
2020-06-29,2093,"2,105.54",-1.93%
2020-06-30,2108,"2,124.38",0.71%
2020-07-01,2107,"2,128.81",-0.08%
2020-07-02,2135,"2,116.72",1.36%
2020-07-03,2152,"2,147.89",0.80%
2020-07-06,2188,"2,158.95",1.65%
2020-07-07,2164,"2,202.04",-1.09%
2020-07-08,2159,"2,166.76",-0.24%
2020-07-09,2168,"2,171.15",0.42%
2020-07-10,2150,"2,171.44",-0.81%
2020-07-13,2186,"2,170.51",1.67%
2020-07-14,2184,"2,176.43",-0.11%
2020-07-15,2202,"2,208.73",0.84%
2020-07-16,2184,"2,203.30",-0.82%
2020-07-17,2201,"2,187.85",0.80%
2020-07-20,2198,"2,209.59",-0.14%
2020-07-21,2229,"2,219.19",1.39%
2020-07-22,2229,"2,228.20",-0.01%
2020-07-23,2216,"2,227.24",-0.56%
2020-07-24,2200,"2,196.73",-0.71%
2020-07-27,2218,"2,203.48",0.79%
2020-07-28,2257,"2,238.19",1.76%
2020-07-29,2263,"2,258.35",0.27%
2020-07-30,2267,"2,275.33",0.17%
2020-07-31,2249,"2,278.53",-0.78%
2020-08-03,2251,"2,251.65",0.07%
2020-08-04,2280,"2,272.33",1.29%
2020-08-05,2312,"2,289.23",1.40%
2020-08-06,2343,"2,322.64",1.33%
2020-08-07,2352,"2,349.25",0.39%
2020-08-10,2386,"2,353.92",1.48%
2020-08-11,2419,"2,396.11",1.35%
2020-08-12,2432,"2,414.78",0.57%
2020-08-13,2438,"2,455.28",0.21%
2020-08-14,2407,"2,427.85",-1.23%
2020-08-18,2348,"2,405.84",-2.46%
2020-08-19,2361,"2,370.87",0.52%
2020-08-20,2274,"2,339.91",-3.66%
2020-08-21,2305,"2,306.16",1.34%
2020-08-24,2330,"2,309.38",1.10%
2020-08-25,2367,"2,352.15",1.58%
2020-08-26,2369,"2,367.74",0.11%
2020-08-27,2344,"2,371.95",-1.05%
2020-08-28,2354,"2,362.22",0.40%
2020-08-31,2326,"2,377.09",-1.17%
2020-09-01,2350,"2,340.19",1.01%
2020-09-02,2364,"2,363.43",0.63%
2020-09-03,2396,"2,383.26",1.33%
2020-09-04,2368,"2,332.68",-1.15%
2020-09-07,2384,"2,369.85",0.67%
2020-09-08,2402,"2,402.66",0.74%
2020-09-09,2376,"2,372.53",-1.09%
2020-09-10,2396,"2,404.83",0.87%
2020-09-11,2397,"2,389.76",0.01%
2020-09-14,2428,"2,418.33",1.30%
2020-09-15,2444,"2,434.59",0.65%
2020-09-16,2436,"2,442.72",-0.31%
2020-09-17,2406,"2,430.77",-1.22%
2020-09-18,2412,"2,413.53",0.26%
2020-09-21,2389,"2,412.44",-0.95%
2020-09-22,2333,"2,388.14",-2.38%
2020-09-23,2333,"2,352.56",0.03%
2020-09-24,2273,"2,295.62",-2.59%
2020-09-25,2279,"2,295.19",0.27%
2020-09-28,2308,"2,301.16",1.29%
2020-09-29,2328,"2,331.51",0.86%
2020-10-05,2358,"2,330.55",1.29%
2020-10-06,2366,"2,369.17",0.34%
2020-10-07,2387,"2,350.82",0.89%
2020-10-08,2392,"2,408.49",0.21%
2020-10-12,2404,"2,404.18",0.49%
2020-10-13,2403,"2,416.85",-0.02%
2020-10-14,2380,"2,403.74",-0.94%
2020-10-15,2361,"2,375.91",-0.81%
2020-10-16,2342,"2,363.88",-0.83%
2020-10-19,2347,"2,352.92",0.22%
2020-10-20,2358,"2,333.56",0.50%
2020-10-21,2371,"2,363.03",0.53%
2020-10-22,2355,"2,355.61",-0.67%
2020-10-23,2361,"2,364.84",0.24%
2020-10-26,2344,"2,366.50",-0.72%
2020-10-27,2331,"2,328.66",-0.56%
2020-10-28,2345,"2,324.18",0.62%
2020-10-29,2327,"2,312.34",-0.79%
2020-10-30,2267,"2,319.56",-2.56%
2020-11-02,2300,"2,276.61",1.46%
2020-11-03,2343,"2,315.81",1.88%
2020-11-04,2357,"2,361.32",0.60%
2020-11-05,2414,"2,373.41",2.40%
2020-11-06,2417,"2,421.79",0.11%
2020-11-09,2447,"2,438.63",1.27%
2020-11-10,2453,"2,453.95",0.23%
2020-11-11,2486,"2,459.50",1.35%
2020-11-12,2476,"2,482.68",-0.41%
2020-11-13,2494,"2,470.12",0.74%
2020-11-16,2543,"2,507.46",1.97%
2020-11-17,2539,"2,544.12",-0.15%
2020-11-18,2546,"2,548.85",0.26%
2020-11-19,2547,"2,536.89",0.07%
2020-11-20,2554,"2,544.06",0.24%
2020-11-23,2603,"2,560.04",1.92%
2020-11-24,2618,"2,616.28",0.58%
2020-11-25,2602,"2,637.34",-0.62%
2020-11-26,2626,"2,605.73",0.94%
2020-11-27,2633,"2,624.80",0.29%
2020-11-30,2591,"2,648.05",-1.60%
2020-12-01,2634,"2,613.42",1.66%
2020-12-02,2676,"2,645.88",1.58%
2020-12-03,2696,"2,686.38",0.76%
2020-12-04,2731,"2,705.34",1.31%
2020-12-07,2745,"2,738.11",0.51%
2020-12-08,2701,"2,745.13",-1.62%
2020-12-09,2755,"2,703.30",2.02%
2020-12-10,2746,"2,750.34",-0.33%
2020-12-11,2770,"2,754.16",0.86%
2020-12-14,2762,"2,769.43",-0.28%
2020-12-15,2757,"2,763.65",-0.19%
2020-12-16,2772,"2,763.64",0.54%
2020-12-17,2770,"2,769.89",-0.05%
2020-12-18,2772,"2,770.95",0.06%
2020-12-21,2779,"2,771.98",0.23%
2020-12-22,2734,"2,772.03",-1.62%
2020-12-23,2760,"2,737.74",0.96%
2020-12-24,2807,"2,762.60",1.70%
2020-12-28,2809,"2,820.95",0.06%
2020-12-29,2821,"2,810.55",0.42%
2020-12-30,2873,"2,820.36",1.88%
2021-01-04,2944,"2,874.50",2.47%
2021-01-05,2991,"2,943.67",1.57%
2021-01-06,2968,"2,993.34",-0.75%
2021-01-07,3032,"2,980.75",2.14%
2021-01-08,3152,"3,040.11",3.97%
2021-01-11,3148,"3,161.90",-0.12%
2021-01-12,3126,"3,145.87",-0.71%
2021-01-13,3148,"3,128.26",0.71%
2021-01-14,3150,"3,148.65",0.05%
2021-01-15,3086,"3,153.84",-2.03%
2021-01-18,3014,"3,079.90",-2.33%
2021-01-19,3093,"3,013.05",2.61%
2021-01-20,3115,"3,115.04",0.71%
2021-01-21,3161,"3,123.27",1.49%
2021-01-22,3141,"3,163.83",-0.64%
2021-01-25,3209,"3,144.01",2.18%
2021-01-26,3140,"3,203.96",-2.14%
2021-01-27,3123,"3,143.46",-0.57%
2021-01-28,3069,"3,114.98",-1.71%
2021-01-29,2976,"3,078.73",-3.03%
2021-02-01,3057,"2,976.81",2.70%
2021-02-02,3097,"3,065.56",1.32%
2021-02-03,3130,"3,108.42",1.06%
2021-02-04,3088,"3,135.02",-1.35%
2021-02-05,3121,"3,098.49",1.07%
2021-02-08,3091,"3,113.63",-0.94%
2021-02-09,3085,"3,102.25",-0.21%
2021-02-10,3101,"3,088.13",0.52%
2021-02-15,3147,"3,108.70",1.50%
2021-02-16,3163,"3,151.85",0.52%
2021-02-17,3134,"3,162.95",-0.93%
2021-02-18,3087,"3,131.74",-1.50%
2021-02-19,3108,"3,089.96",0.68%
2021-02-22,3080,"3,114.03",-0.90%
2021-02-23,3070,"3,069.26",-0.31%
2021-02-24,2995,"3,070.58",-2.45%
2021-02-25,3100,"3,026.47",3.50%
2021-02-26,3013,"3,089.49",-2.80%
2021-03-02,3044,"3,021.68",1.03%
2021-03-03,3083,"3,041.20",1.29%
2021-03-04,3043,"3,076.88",-1.28%
2021-03-05,3026,"3,036.16",-0.57%
2021-03-08,2996,"3,031.99",-1.00%
2021-03-09,2976,"2,989.96",-0.67%
2021-03-10,2958,"2,980.76",-0.60%
2021-03-11,3014,"2,964.30",1.88%
2021-03-12,3054,"3,030.73",1.35%
2021-03-15,3046,"3,057.06",-0.28%
2021-03-16,3067,"3,049.23",0.70%
2021-03-17,3048,"3,067.76",-0.64%
2021-03-18,3066,"3,054.93",0.61%
2021-03-19,3040,"3,063.01",-0.86%
2021-03-22,3035,"3,040.01",-0.13%
2021-03-23,3005,"3,038.25",-1.01%
2021-03-24,2996,"2,996.32",-0.28%
2021-03-25,3008,"2,995.67",0.40%
2021-03-26,3041,"3,012.79",1.09%
2021-03-29,3036,"3,047.71",-0.16%
2021-03-30,3070,"3,038.44",1.12%
2021-03-31,3061,"3,073.39",-0.28%
2021-04-01,3087,"3,073.77",0.85%
2021-04-02,3113,"3,104.72",0.82%
2021-04-05,3121,"3,121.23",0.26%
2021-04-06,3127,"3,123.80",0.20%
2021-04-07,3137,"3,129.07",0.33%
2021-04-08,3143,"3,137.25",0.19%
2021-04-09,3132,"3,146.51",-0.36%
2021-04-12,3136,"3,134.88",0.12%
2021-04-13,3169,"3,138.21",1.07%
2021-04-14,3182,"3,169.95",0.42%
2021-04-15,3194,"3,180.73",0.38%
2021-04-16,3199,"3,194.08",0.13%
2021-04-19,3199,"3,201.11",0.01%
2021-04-20,3221,"3,198.31",0.68%
2021-04-21,3172,"3,214.24",-1.52%
2021-04-22,3178,"3,174.52",0.18%
2021-04-23,3186,"3,173.47",0.27%
2021-04-26,3218,"3,191.34",0.99%
2021-04-27,3215,"3,218.30",-0.07%
2021-04-28,3181,"3,217.21",-1.06%
2021-04-29,3174,"3,184.75",-0.23%
2021-04-30,3148,"3,176.43",-0.83%
2021-05-03,3127,"3,149.05",-0.66%
2021-05-04,3147,"3,131.39",0.64%
2021-05-06,3179,"3,147.72",1.00%
2021-05-07,3197,"3,179.63",0.58%
2021-05-10,3249,"3,201.46",1.63%
2021-05-11,3209,"3,239.92",-1.23%
2021-05-12,3162,"3,209.36",-1.49%
2021-05-13,3122,"3,146.97",-1.25%
2021-05-14,3153,"3,131.35",1.00%
2021-05-17,3135,"3,163.21",-0.60%
2021-05-18,3173,"3,135.38",1.23%
2021-05-20,3162,"3,174.53",-0.34%
2021-05-21,3156,"3,171.91",-0.19%
2021-05-24,3144,"3,155.91",-0.38%
2021-05-25,3171,"3,152.93",0.86%
2021-05-26,3168,"3,171.91",-0.09%
2021-05-27,3166,"3,170.84",-0.09%
2021-05-28,3189,"3,172.09",0.73%
2021-05-31,3204,"3,192.06",0.48%
2021-06-01,3222,"3,207.12",0.56%
2021-06-02,3224,"3,224.40",0.07%
2021-06-03,3247,"3,224.96",0.72%
2021-06-04,3240,"3,246.17",-0.23%
2021-06-07,3252,"3,244.59",0.37%
2021-06-08,3248,"3,251.83",-0.13%
2021-06-09,3216,"3,245.08",-0.97%
2021-06-10,3225,"3,216.94",0.26%
2021-06-11,3249,"3,226.98",0.77%
2021-06-14,3252,"3,249.60",0.09%
2021-06-15,3259,"3,253.17",0.20%
2021-06-16,3279,"3,259.06",0.62%
2021-06-17,3265,"3,276.20",-0.42%
2021-06-18,3268,"3,265.68",0.09%
2021-06-21,3241,"3,264.18",-0.83%
2021-06-22,3264,"3,245.79",0.71%
2021-06-23,3276,"3,265.73",0.38%
2021-06-24,3286,"3,281.47",0.30%
2021-06-25,3303,"3,289.18",0.51%
2021-06-28,3302,"3,305.46",-0.03%
2021-06-29,3287,"3,305.26",-0.46%
2021-06-30,3297,"3,288.63",0.30%
2021-07-01,3282,"3,297.92",-0.44%
2021-07-02,3282,"3,282.81",-0.01%
2021-07-05,3293,"3,285.29",0.35%
2021-07-06,3305,"3,295.44",0.36%
2021-07-07,3285,"3,303.59",-0.60%
2021-07-08,3253,"3,287.68",-0.99%
2021-07-09,3218,"3,245.52",-1.07%
2021-07-12,3246,"3,227.51",0.89%
2021-07-13,3271,"3,253.24",0.77%
2021-07-14,3265,"3,270.09",-0.20%
2021-07-15,3286,"3,269.33",0.66%
2021-07-16,3277,"3,282.89",-0.28%
2021-07-19,3244,"3,258.87",-1.00%
2021-07-20,3233,"3,223.24",-0.35%
2021-07-21,3216,"3,251.13",-0.52%
2021-07-22,3250,"3,235.17",1.07%
2021-07-23,3254,"3,253.44",0.13%
2021-07-26,3225,"3,265.99",-0.91%
2021-07-27,3233,"3,244.43",0.24%
2021-07-28,3237,"3,226.06",0.13%
2021-07-29,3243,"3,248.49",0.18%
2021-07-30,3202,"3,234.37",-1.24%
2021-08-02,3223,"3,218.42",0.65%
2021-08-03,3237,"3,221.57",0.44%
2021-08-04,3280,"3,246.65",1.34%
2021-08-05,3276,"3,283.25",-0.13%
2021-08-06,3270,"3,277.06",-0.18%
2021-08-09,3260,"3,258.10",-0.30%
2021-08-10,3243,"3,272.44",-0.53%
2021-08-11,3221,"3,235.36",-0.70%
2021-08-12,3208,"3,213.58",-0.38%
2021-08-13,3171,"3,205.75",-1.16%
2021-08-17,3143,"3,169.74",-0.89%
2021-08-18,3159,"3,141.98",0.50%
2021-08-19,3098,"3,140.01",-1.93%
2021-08-20,3061,"3,111.10",-1.20%
2021-08-23,3090,"3,086.81",0.97%
2021-08-24,3138,"3,119.70",1.56%
2021-08-25,3147,"3,148.13",0.27%
2021-08-26,3129,"3,151.30",-0.58%
2021-08-27,3134,"3,116.29",0.17%
2021-08-30,3144,"3,160.87",0.33%
2021-08-31,3199,"3,144.49",1.75%
2021-09-01,3207,"3,195.67",0.24%
2021-09-02,3176,"3,198.03",-0.97%
2021-09-03,3201,"3,189.71",0.79%
2021-09-06,3203,"3,196.30",0.07%
2021-09-07,3187,"3,200.07",-0.50%
2021-09-08,3163,"3,178.74",-0.77%
2021-09-09,3115,"3,146.64",-1.53%
2021-09-10,3126,"3,121.09",0.36%
2021-09-13,3128,"3,117.35",0.07%
2021-09-14,3149,"3,137.32",0.67%
2021-09-15,3153,"3,147.21",0.15%
2021-09-16,3130,"3,165.38",-0.74%
2021-09-17,3141,"3,127.75",0.33%
2021-09-23,3128,"3,123.64",-0.41%
2021-09-24,3125,"3,140.73",-0.07%
2021-09-27,3134,"3,121.70",0.27%
2021-09-28,3098,"3,133.40",-1.14%
2021-09-29,3060,"3,055.50",-1.22%
2021-09-30,3069,"3,054.87",0.28%
2021-10-01,3019,"3,056.21",-1.62%
2021-10-05,2962,"2,998.17",-1.89%
2021-10-06,2908,"2,986.06",-1.82%
2021-10-07,2959,"2,936.87",1.76%
2021-10-08,2956,"2,977.82",-0.11%
2021-10-12,2916,"2,950.22",-1.35%
2021-10-13,2944,"2,913.34",0.96%
2021-10-14,2989,"2,968.87",1.50%
2021-10-15,3015,"3,012.62",0.88%
2021-10-18,3007,"3,017.48",-0.28%
2021-10-19,3029,"3,022.23",0.74%
2021-10-20,3013,"3,043.13",-0.53%
2021-10-21,3007,"3,012.28",-0.19%
2021-10-22,3006,"3,005.36",-0.04%
2021-10-25,3021,"3,001.10",0.48%
2021-10-26,3049,"3,039.82",0.94%
2021-10-27,3025,"3,045.83",-0.77%
2021-10-28,3010,"3,023.17",-0.53%
2021-10-29,2971,"3,025.67",-1.29%
2021-11-01,2979,"2,984.18",0.28%
2021-11-02,3013,"2,995.58",1.16%
2021-11-03,2976,"3,020.36",-1.25%
2021-11-04,2983,"3,000.92",0.25%
2021-11-05,2969,"3,003.53",-0.47%
2021-11-08,2960,"2,965.36",-0.31%
2021-11-09,2962,"2,958.15",0.08%
2021-11-10,2930,"2,947.46",-1.09%
2021-11-11,2925,"2,911.41",-0.18%
2021-11-12,2969,"2,945.95",1.50%
2021-11-15,3000,"2,989.68",1.03%
2021-11-16,2997,"2,995.68",-0.08%
2021-11-17,2962,"3,004.02",-1.16%
2021-11-18,2947,"2,959.26",-0.51%
2021-11-19,2971,"2,951.06",0.80%
2021-11-22,3013,"2,983.38",1.42%
2021-11-23,2997,"3,013.16",-0.53%
2021-11-24,2994,"3,006.34",-0.10%
2021-11-25,2980,"2,996.74",-0.47%
2021-11-26,2936,"2,973.04",-1.47%
2021-11-29,2909,"2,906.15",-0.92%
2021-11-30,2839,"2,932.71",-2.42%
2021-12-01,2900,"2,860.12",2.14%
2021-12-02,2945,"2,874.64",1.57%
2021-12-03,2968,"2,935.93",0.78%
2021-12-06,2973,"2,954.82",0.17%
2021-12-07,2992,"2,973.84",0.62%
2021-12-08,3002,"3,017.93",0.34%
2021-12-09,3030,"3,007.00",0.93%
2021-12-10,3010,"3,008.70",-0.64%
2021-12-13,3002,"3,019.67",-0.28%
2021-12-14,2988,"2,983.95",-0.46%
2021-12-15,2989,"2,979.83",0.05%
2021-12-16,3006,"3,013.26",0.57%
2021-12-17,3018,"2,985.20",0.38%
2021-12-20,2963,"3,001.33",-1.81%
2021-12-21,2975,"2,981.67",0.41%
2021-12-22,2984,"2,993.50",0.32%
2021-12-23,2998,"2,998.02",0.46%
2021-12-24,3012,"3,009.48",0.48%
2021-12-27,3000,"3,013.94",-0.43%
2021-12-28,3020,"3,006.77",0.69%
2021-12-29,2993,"3,002.90",-0.89%
2021-12-30,2978,"2,999.75",-0.52%
2022-01-03,2989,"2,998.32",0.37%
2022-01-04,2989,"2,991.97",0.02%
2022-01-05,2954,"2,984.05",-1.18%
2022-01-06,2921,"2,925.40",-1.13%
2022-01-07,2955,"2,933.78",1.18%
2022-01-10,2927,"2,947.37",-0.95%
2022-01-11,2927,"2,930.93",0.02%
2022-01-12,2972,"2,950.78",1.54%
2022-01-13,2962,"2,979.91",-0.35%
2022-01-14,2922,"2,937.61",-1.36%
2022-01-17,2890,"2,918.55",-1.09%
2022-01-18,2864,"2,898.98",-0.89%
2022-01-19,2842,"2,840.34",-0.77%
2022-01-20,2863,"2,842.28",0.72%
2022-01-21,2834,"2,837.49",-0.99%
2022-01-24,2792,"2,823.76",-1.49%
2022-01-25,2720,"2,786.41",-2.56%
2022-01-26,2709,"2,729.75",-0.41%
2022-01-27,2614,"2,709.24",-3.50%
2022-01-28,2663,"2,617.87",1.87%
2022-02-03,2708,"2,706.34",1.67%
2022-02-04,2750,"2,714.83",1.57%
2022-02-07,2745,"2,750.70",-0.19%
2022-02-08,2746,"2,767.76",0.05%
2022-02-09,2769,"2,772.63",0.81%
2022-02-10,2772,"2,787.44",0.11%
2022-02-11,2748,"2,739.14",-0.87%
2022-02-14,2704,"2,715.10",-1.57%
2022-02-15,2677,"2,712.45",-1.03%
2022-02-16,2730,"2,719.61",1.99%
2022-02-17,2744,"2,735.11",0.53%
2022-02-18,2745,"2,714.52",0.02%
2022-02-21,2744,"2,706.65",-0.03%
2022-02-22,2707,"2,705.08",-1.35%
2022-02-23,2720,"2,727.43",0.47%
2022-02-24,2649,"2,689.28",-2.60%
2022-02-25,2677,"2,678.47",1.06%
2022-02-28,2699,"2,663.00",0.84%
2022-03-02,2704,"2,698.31",0.16%
2022-03-03,2747,"2,729.86",1.61%
2022-03-04,2713,"2,736.58",-1.22%
2022-03-07,2651,"2,680.17",-2.29%
2022-03-08,2622,"2,617.33",-1.09%
2022-03-10,2680,"2,660.86",2.21%
2022-03-11,2661,"2,665.95",-0.71%
2022-03-14,2646,"2,654.93",-0.59%
2022-03-15,2622,"2,630.31",-0.91%
2022-03-16,2659,"2,649.85",1.44%
2022-03-17,2695,"2,703.27",1.33%
2022-03-18,2707,"2,695.64",0.46%
2022-03-21,2686,"2,717.81",-0.77%
2022-03-22,2710,"2,686.68",0.89%
2022-03-23,2735,"2,727.12",0.92%
2022-03-24,2730,"2,716.25",-0.20%
2022-03-25,2730,"2,740.83",0.01%
2022-03-28,2730,"2,721.22",-0.02%
2022-03-29,2741,"2,745.62",0.42%
2022-03-30,2747,"2,758.31",0.21%
2022-03-31,2758,"2,743.24",0.40%
2022-04-01,2740,"2,745.85",-0.65%
2022-04-04,2758,"2,729.86",0.66%
2022-04-05,2759,"2,765.50",0.05%
2022-04-06,2735,"2,739.07",-0.88%
2022-04-07,2696,"2,714.70",-1.43%
2022-04-08,2700,"2,706.64",0.17%
2022-04-11,2693,"2,687.54",-0.27%
2022-04-12,2667,"2,674.17",-0.98%
2022-04-13,2716,"2,677.53",1.86%
2022-04-14,2717,"2,719.34",0.01%
2022-04-15,2696,"2,695.52",-0.76%
2022-04-18,2693,"2,685.04",-0.11%
2022-04-19,2719,"2,707.76",0.95%
2022-04-20,2719,"2,718.49",-0.01%
2022-04-21,2728,"2,725.71",0.35%
2022-04-22,2705,"2,704.72",-0.86%
2022-04-25,2657,"2,676.67",-1.76%
2022-04-26,2668,"2,674.00",0.42%
2022-04-27,2639,"2,630.58",-1.10%
2022-04-28,2667,"2,656.54",1.08%
2022-04-29,2695,"2,669.18",1.03%
2022-05-02,2687,"2,669.21",-0.28%
2022-05-03,2680,"2,690.16",-0.26%
2022-05-04,2678,"2,690.45",-0.11%
2022-05-06,2645,"2,650.89",-1.23%
2022-05-09,2611,"2,634.32",-1.27%
2022-05-10,2597,"2,590.13",-0.55%
2022-05-11,2592,"2,586.52",-0.17%
2022-05-12,2550,"2,569.50",-1.63%
2022-05-13,2604,"2,570.01",2.12%
2022-05-16,2597,"2,624.69",-0.29%
2022-05-17,2620,"2,603.58",0.92%
2022-05-18,2626,"2,634.75",0.21%
2022-05-19,2592,"2,576.24",-1.28%
2022-05-20,2639,"2,605.78",1.81%
2022-05-23,2647,"2,651.63",0.31%
2022-05-24,2606,"2,638.94",-1.57%
2022-05-25,2617,"2,621.75",0.44%
2022-05-26,2612,"2,616.99",-0.18%
2022-05-27,2638,"2,640.75",0.98%
2022-05-30,2670,"2,662.31",1.20%
2022-05-31,2686,"2,666.88",0.61%
2022-06-02,2659,"2,670.74",-1.00%
2022-06-03,2671,"2,679.57",0.44%
2022-06-07,2626,"2,659.27",-1.66%
2022-06-08,2626,"2,633.53",-0.01%
2022-06-09,2625,"2,618.92",-0.03%
2022-06-10,2596,"2,596.37",-1.13%
2022-06-13,2505,"2,550.21",-3.52%
2022-06-14,2493,"2,472.96",-0.46%
2022-06-15,2447,"2,490.01",-1.83%
2022-06-16,2451,"2,481.66",0.16%
2022-06-17,2441,"2,409.72",-0.43%
2022-06-20,2391,"2,449.89",-2.04%
2022-06-21,2409,"2,402.99",0.75%
2022-06-22,2343,"2,417.11",-2.74%
2022-06-23,2314,"2,347.84",-1.22%
2022-06-24,2367,"2,327.11",2.26%
2022-06-27,2402,"2,383.20",1.49%
2022-06-28,2422,"2,405.20",0.84%
2022-06-29,2378,"2,387.10",-1.82%
2022-06-30,2333,"2,368.57",-1.91%
2022-07-01,2305,"2,342.92",-1.17%
2022-07-04,2300,"2,310.73",-0.22%
2022-07-05,2342,"2,322.11",1.80%
2022-07-06,2292,"2,330.11",-2.13%
2022-07-07,2334,"2,308.97",1.84%
2022-07-08,2351,"2,352.49",0.70%
2022-07-11,2340,"2,357.43",-0.44%
2022-07-12,2318,"2,330.88",-0.96%
2022-07-13,2329,"2,324.45",0.47%
2022-07-14,2322,"2,316.41",-0.27%
2022-07-15,2331,"2,335.12",0.37%
2022-07-18,2375,"2,350.48",1.90%
2022-07-19,2371,"2,367.52",-0.18%
2022-07-20,2387,"2,406.29",0.67%
2022-07-21,2409,"2,387.91",0.93%
2022-07-22,2393,"2,405.37",-0.66%
2022-07-25,2404,"2,385.65",0.44%
2022-07-26,2413,"2,397.27",0.39%
2022-07-27,2416,"2,412.52",0.11%
2022-07-28,2435,"2,437.57",0.82%
2022-07-29,2452,"2,453.53",0.67%
2022-08-01,2452,"2,444.05",0.03%
2022-08-02,2440,"2,451.00",-0.52%
2022-08-03,2461,"2,438.56",0.89%
2022-08-04,2473,"2,478.44",0.47%
2022-08-05,2491,"2,481.43",0.72%
2022-08-08,2493,"2,481.17",0.09%
2022-08-09,2503,"2,493.57",0.42%
2022-08-10,2481,"2,493.70",-0.90%
2022-08-11,2524,"2,507.74",1.73%
2022-08-12,2528,"2,519.66",0.16%
2022-08-16,2534,"2,543.05",0.22%
2022-08-17,2516,"2,536.57",-0.67%
2022-08-18,2508,"2,499.30",-0.33%
2022-08-19,2493,"2,510.72",-0.61%
2022-08-22,2463,"2,467.38",-1.21%
2022-08-23,2435,"2,449.31",-1.10%
2022-08-24,2447,"2,446.18",0.50%
2022-08-25,2477,"2,459.79",1.22%
2022-08-26,2481,"2,489.14",0.15%
2022-08-29,2427,"2,432.06",-2.18%
2022-08-30,2451,"2,441.21",0.99%
2022-08-31,2472,"2,433.47",0.86%
2022-09-01,2416,"2,443.00",-2.28%
2022-09-02,2409,"2,427.70",-0.26%
2022-09-05,2404,"2,410.07",-0.24%
2022-09-06,2410,"2,409.72",0.26%
2022-09-07,2376,"2,395.66",-1.39%
2022-09-08,2384,"2,393.27",0.33%
2022-09-13,2450,"2,418.59",2.74%
2022-09-14,2411,"2,390.47",-1.56%
2022-09-15,2402,"2,416.01",-0.40%
2022-09-16,2383,"2,387.56",-0.79%
2022-09-19,2356,"2,388.73",-1.14%
2022-09-20,2368,"2,373.64",0.52%
2022-09-21,2347,"2,351.54",-0.87%
2022-09-22,2332,"2,319.70",-0.63%
2022-09-23,2290,"2,331.33",-1.81%
2022-09-26,2221,"2,260.80",-3.02%
2022-09-27,2224,"2,224.39",0.13%
2022-09-28,2169,"2,206.15",-2.45%
2022-09-29,2171,"2,197.75",0.08%
2022-09-30,2155,"2,161.11",-0.71%
2022-10-04,2209,"2,189.51",2.50%
2022-10-05,2215,"2,248.85",0.26%
2022-10-06,2238,"2,230.43",1.02%
2022-10-07,2233,"2,217.84",-0.22%
2022-10-11,2192,"2,193.02",-1.83%
2022-10-12,2202,"2,191.35",0.47%
2022-10-13,2163,"2,198.29",-1.80%
2022-10-14,2213,"2,200.66",2.30%
2022-10-17,2220,"2,187.17",0.32%
2022-10-18,2250,"2,249.15",1.36%
2022-10-19,2237,"2,249.35",-0.56%
2022-10-20,2218,"2,225.53",-0.86%
2022-10-21,2213,"2,210.59",-0.22%
2022-10-24,2236,"2,248.26",1.04%
2022-10-25,2235,"2,237.04",-0.05%
2022-10-26,2250,"2,240.70",0.65%
2022-10-27,2289,"2,266.07",1.74%
2022-10-28,2268,"2,276.73",-0.89%
2022-10-31,2294,"2,293.75",1.11%
2022-11-01,2335,"2,301.58",1.81%
2022-11-02,2337,"2,326.05",0.07%
2022-11-03,2329,"2,297.45",-0.33%
2022-11-04,2348,"2,325.85",0.83%
2022-11-07,2372,"2,360.22",0.99%
2022-11-08,2399,"2,387.20",1.15%
2022-11-09,2424,"2,408.54",1.06%
2022-11-10,2402,"2,405.77",-0.91%
2022-11-11,2483,"2,466.90",3.37%
2022-11-14,2475,"2,485.18",-0.34%
2022-11-15,2480,"2,482.76",0.23%
2022-11-16,2477,"2,487.00",-0.12%
2022-11-17,2443,"2,466.50",-1.39%
2022-11-18,2444,"2,448.13",0.06%
2022-11-21,2420,"2,446.05",-1.02%
2022-11-22,2405,"2,405.96",-0.59%
2022-11-23,2418,"2,424.36",0.53%
2022-11-24,2441,"2,437.51",0.96%
2022-11-25,2438,"2,442.21",-0.14%
2022-11-28,2408,"2,425.05",-1.21%
2022-11-29,2433,"2,405.54",1.04%
2022-11-30,2473,"2,424.44",1.61%
2022-12-01,2480,"2,501.43",0.30%
2022-12-02,2434,"2,471.50",-1.84%
2022-12-05,2419,"2,442.17",-0.62%
2022-12-06,2393,"2,397.70",-1.08%
2022-12-07,2383,"2,385.87",-0.43%
2022-12-08,2371,"2,386.90",-0.49%
2022-12-09,2389,"2,382.73",0.76%
2022-12-12,2373,"2,373.58",-0.67%
2022-12-13,2372,"2,385.05",-0.03%
2022-12-14,2399,"2,380.81",1.13%
2022-12-15,2361,"2,383.83",-1.60%
2022-12-16,2360,"2,329.75",-0.04%
2022-12-19,2352,"2,350.78",-0.33%
2022-12-20,2333,"2,344.73",-0.80%
2022-12-21,2329,"2,346.39",-0.19%
2022-12-22,2357,"2,340.00",1.19%
2022-12-23,2314,"2,325.86",-1.83%
2022-12-26,2317,"2,312.54",0.15%
2022-12-27,2333,"2,327.52",0.68%
2022-12-28,2280,"2,296.45",-2.24%
2022-12-29,2236,"2,265.73",-1.93%
2023-01-02,2226,"2,249.95",-0.48%
2023-01-03,2219,"2,230.98",-0.31%
2023-01-04,2256,"2,205.98",1.68%
2023-01-05,2265,"2,268.20",0.38%
2023-01-06,2290,"2,253.40",1.12%
2023-01-09,2350,"2,315.87",2.63%
2023-01-10,2351,"2,348.04",0.05%
2023-01-11,2360,"2,364.05",0.35%
2023-01-12,2365,"2,376.72",0.24%
2023-01-13,2386,"2,377.34",0.89%
2023-01-16,2400,"2,390.06",0.58%
2023-01-17,2379,"2,400.92",-0.85%
2023-01-18,2368,"2,380.36",-0.47%
2023-01-19,2380,"2,354.56",0.51%
2023-01-20,2395,"2,380.00",0.63%
2023-01-25,2429,"2,426.58",1.39%
2023-01-26,2469,"2,436.18",1.65%
2023-01-27,2484,"2,474.52",0.62%
2023-01-30,2450,"2,484.64",-1.35%
2023-01-31,2425,"2,449.92",-1.04%
2023-02-01,2450,"2,446.03",1.02%
2023-02-02,2469,"2,481.94",0.78%
2023-02-03,2480,"2,466.54",0.47%
2023-02-06,2438,"2,461.82",-1.70%
2023-02-07,2452,"2,440.14",0.55%
2023-02-08,2484,"2,469.42",1.30%
2023-02-09,2482,"2,470.66",-0.09%
2023-02-10,2470,"2,470.65",-0.48%
2023-02-13,2453,"2,461.96",-0.69%
2023-02-14,2466,"2,471.33",0.53%
2023-02-15,2428,"2,473.09",-1.53%
2023-02-16,2475,"2,444.06",1.96%
2023-02-17,2451,"2,447.66",-0.98%
2023-02-20,2455,"2,453.25",0.16%
2023-02-21,2459,"2,457.51",0.16%
2023-02-22,2418,"2,430.87",-1.68%
2023-02-23,2439,"2,430.01",0.89%
2023-02-24,2424,"2,442.49",-0.63%
2023-02-27,2403,"2,405.42",-0.87%
2023-02-28,2413,"2,417.58",0.42%
2023-03-02,2428,"2,414.61",0.62%
2023-03-03,2432,"2,438.73",0.17%
2023-03-06,2463,"2,452.46",1.26%
2023-03-07,2463,"2,457.04",0.03%
2023-03-08,2432,"2,435.58",-1.28%
2023-03-09,2419,"2,440.79",-0.53%
2023-03-10,2395,"2,389.82",-1.01%
2023-03-13,2411,"2,400.45",0.67%
2023-03-14,2349,"2,390.36",-2.56%
2023-03-15,2380,"2,380.09",1.31%
2023-03-16,2378,"2,357.98",-0.08%
2023-03-17,2396,"2,403.70",0.75%
2023-03-20,2379,"2,391.87",-0.69%
2023-03-21,2388,"2,396.54",0.38%
2023-03-22,2417,"2,411.25",1.20%
2023-03-23,2424,"2,398.27",0.31%
2023-03-24,2415,"2,421.27",-0.39%
2023-03-27,2409,"2,423.94",-0.24%
2023-03-28,2435,"2,418.69",1.07%
2023-03-29,2444,"2,432.63",0.37%
2023-03-30,2453,"2,452.97",0.38%
2023-03-31,2477,"2,459.94",0.97%
2023-04-03,2472,"2,485.81",-0.18%
2023-04-04,2481,"2,475.87",0.33%
2023-04-05,2495,"2,482.61",0.59%
2023-04-06,2459,"2,488.00",-1.44%
2023-04-07,2490,"2,478.64",1.27%
2023-04-10,2512,"2,491.68",0.87%
2023-04-11,2548,"2,523.33",1.42%
2023-04-12,2551,"2,546.36",0.11%
2023-04-13,2562,"2,534.71",0.43%
2023-04-14,2571,"2,580.10",0.38%
2023-04-17,2576,"2,570.30",0.17%
2023-04-18,2571,"2,582.23",-0.19%
2023-04-19,2575,"2,570.06",0.16%
2023-04-20,2563,"2,566.06",-0.46%
2023-04-21,2544,"2,556.70",-0.73%
2023-04-24,2524,"2,538.36",-0.82%
2023-04-25,2489,"2,531.35",-1.37%
2023-04-26,2485,"2,489.49",-0.17%
2023-04-27,2496,"2,484.31",0.44%
2023-04-28,2502,"2,511.79",0.23%
2023-05-02,2524,"2,504.01",0.91%
2023-05-03,2501,"2,510.19",-0.91%
2023-05-04,2501,"2,494.82",-0.02%
2023-05-08,2513,"2,518.53",0.49%
2023-05-09,2510,"2,512.34",-0.13%
2023-05-10,2497,"2,505.96",-0.54%
2023-05-11,2491,"2,505.57",-0.22%
2023-05-12,2475,"2,487.35",-0.63%
2023-05-15,2479,"2,469.80",0.16%
2023-05-16,2480,"2,494.40",0.04%
2023-05-17,2495,"2,479.65",0.58%
2023-05-18,2515,"2,511.09",0.83%
2023-05-19,2538,"2,530.83",0.89%
2023-05-22,2557,"2,540.03",0.76%
2023-05-23,2568,"2,565.80",0.41%
2023-05-24,2567,"2,557.11",0.00%
2023-05-25,2555,"2,570.64",-0.50%
2023-05-26,2559,"2,561.94",0.16%
2023-05-30,2586,"2,582.41",1.04%
2023-05-31,2577,"2,586.03",-0.32%
2023-06-01,2569,"2,572.56",-0.31%
2023-06-02,2601,"2,586.27",1.25%
2023-06-05,2615,"2,617.43",0.54%
2023-06-07,2616,"2,623.46",0.01%
2023-06-08,2611,"2,609.21",-0.18%
2023-06-09,2641,"2,624.15",1.16%
2023-06-12,2629,"2,647.49",-0.45%
2023-06-13,2638,"2,644.43",0.33%
2023-06-14,2619,"2,640.81",-0.72%
2023-06-15,2609,"2,629.24",-0.40%
2023-06-16,2626,"2,623.57",0.66%
2023-06-19,2610,"2,618.06",-0.62%
2023-06-20,2605,"2,602.83",-0.18%
2023-06-21,2583,"2,599.19",-0.86%
2023-06-22,2594,"2,575.65",0.43%
2023-06-23,2570,"2,599.04",-0.91%
2023-06-26,2582,"2,568.65",0.47%
2023-06-27,2581,"2,581.02",-0.03%
2023-06-28,2564,"2,590.52",-0.67%
2023-06-29,2550,"2,564.02",-0.55%
2023-06-30,2564,"2,558.43",0.56%
2023-07-03,2602,"2,580.89",1.49%
2023-07-04,2593,"2,604.72",-0.35%
2023-07-05,2579,"2,593.47",-0.55%
2023-07-06,2556,"2,574.75",-0.88%
2023-07-07,2527,"2,547.41",-1.16%
2023-07-10,2521,"2,528.08",-0.24%
2023-07-11,2562,"2,538.84",1.66%
2023-07-12,2575,"2,557.61",0.48%
2023-07-13,2591,"2,589.89",0.64%
2023-07-14,2628,"2,607.47",1.43%
2023-07-17,2619,"2,617.67",-0.35%
2023-07-18,2608,"2,624.59",-0.43%
2023-07-19,2608,"2,622.24",0.02%
2023-07-20,2600,"2,595.38",-0.31%
2023-07-21,2610,"2,581.06",0.37%
2023-07-24,2629,"2,608.47",0.72%
2023-07-25,2636,"2,643.35",0.30%
2023-07-26,2592,"2,638.76",-1.67%
2023-07-27,2604,"2,599.82",0.44%
2023-07-28,2608,"2,593.67",0.17%
2023-07-31,2633,"2,628.87",0.93%
2023-08-01,2667,"2,644.34",1.31%
2023-08-02,2616,"2,651.53",-1.90%
2023-08-03,2605,"2,624.76",-0.42%
2023-08-04,2603,"2,606.17",-0.10%
2023-08-07,2581,"2,591.58",-0.85%
2023-08-08,2574,"2,598.29",-0.26%
2023-08-09,2605,"2,580.60",1.21%
2023-08-10,2602,"2,592.40",-0.14%
2023-08-11,2591,"2,611.25",-0.40%
2023-08-14,2571,"2,586.51",-0.79%
2023-08-16,2526,"2,550.13",-1.76%
2023-08-17,2520,"2,512.92",-0.23%
2023-08-18,2505,"2,495.18",-0.61%
2023-08-21,2509,"2,511.70",0.17%
2023-08-22,2516,"2,528.39",0.28%
2023-08-23,2506,"2,510.00",-0.41%
2023-08-24,2538,"2,531.78",1.28%
2023-08-25,2519,"2,505.39",-0.73%
2023-08-28,2543,"2,534.42",0.96%
2023-08-29,2552,"2,550.76",0.34%
2023-08-30,2561,"2,575.42",0.35%
2023-08-31,2556,"2,564.45",-0.19%
2023-09-01,2564,"2,551.93",0.29%
2023-09-04,2585,"2,566.93",0.81%
2023-09-05,2582,"2,578.91",-0.09%
2023-09-06,2563,"2,577.41",-0.73%
2023-09-07,2548,"2,554.87",-0.59%
2023-09-08,2548,"2,546.07",-0.02%
2023-09-11,2557,"2,549.88",0.36%
2023-09-12,2537,"2,566.42",-0.79%
2023-09-13,2535,"2,536.22",-0.07%
2023-09-14,2573,"2,544.89",1.51%
2023-09-15,2601,"2,574.98",1.10%
2023-09-18,2575,"2,588.69",-1.02%
2023-09-19,2559,"2,579.36",-0.60%
2023-09-20,2560,"2,556.55",0.02%
2023-09-21,2515,"2,544.81",-1.75%
2023-09-22,2508,"2,491.45",-0.27%
2023-09-25,2496,"2,504.10",-0.49%
2023-09-26,2463,"2,493.64",-1.31%
2023-09-27,2465,"2,447.99",0.09%
2023-10-04,2406,"2,435.78",-2.41%
2023-10-05,2404,"2,423.35",-0.09%
2023-10-06,2409,"2,408.81",0.21%
2023-10-10,2403,"2,436.58",-0.26%
2023-10-11,2450,"2,436.52",1.98%
2023-10-12,2480,"2,465.19",1.21%
2023-10-13,2456,"2,460.85",-0.95%
2023-10-16,2436,"2,442.43",-0.81%
2023-10-17,2460,"2,454.14",0.98%
2023-10-18,2463,"2,452.05",0.10%
2023-10-19,2416,"2,431.92",-1.90%
2023-10-20,2375,"2,391.54",-1.69%
2023-10-23,2357,"2,370.07",-0.76%
2023-10-24,2384,"2,371.55",1.12%
2023-10-25,2363,"2,389.23",-0.85%
2023-10-26,2299,"2,325.82",-2.71%
2023-10-27,2303,"2,311.59",0.16%
2023-10-30,2311,"2,292.34",0.34%
2023-10-31,2278,"2,318.39",-1.41%
2023-11-01,2302,"2,292.89",1.03%
2023-11-02,2343,"2,334.96",1.81%
2023-11-03,2368,"2,365.59",1.08%
2023-11-06,2502,"2,399.80",5.66%
2023-11-07,2444,"2,476.35",-2.33%
2023-11-08,2422,"2,460.22",-0.91%
2023-11-09,2427,"2,425.93",0.23%
2023-11-10,2410,"2,406.40",-0.72%
2023-11-13,2404,"2,431.24",-0.24%
2023-11-14,2433,"2,424.93",1.23%
2023-11-15,2487,"2,482.21",2.20%
2023-11-16,2488,"2,483.48",0.06%
2023-11-17,2470,"2,477.43",-0.74%
2023-11-20,2491,"2,464.72",0.86%
2023-11-21,2510,"2,504.70",0.77%
2023-11-22,2512,"2,493.17",0.05%
2023-11-23,2515,"2,515.83",0.13%
2023-11-24,2497,"2,517.88",-0.73%
2023-11-27,2496,"2,501.83",-0.04%
2023-11-28,2522,"2,506.14",1.05%
2023-11-29,2520,"2,518.80",-0.08%
2023-11-30,2535,"2,512.11",0.61%
2023-12-01,2505,"2,520.49",-1.19%
2023-12-04,2515,"2,522.22",0.40%
2023-12-05,2494,"2,507.45",-0.82%
2023-12-06,2495,"2,503.57",0.04%
2023-12-07,2492,"2,493.14",-0.13%
2023-12-08,2518,"2,510.24",1.03%
2023-12-11,2525,"2,524.79",0.30%
2023-12-12,2535,"2,535.11",0.39%
2023-12-13,2511,"2,531.23",-0.97%
2023-12-14,2544,"2,547.74",1.34%
2023-12-15,2564,"2,558.44",0.76%
2023-12-18,2567,"2,568.77",0.13%
2023-12-19,2569,"2,564.81",0.07%
2023-12-20,2614,"2,586.99",1.78%
2023-12-21,2600,"2,598.37",-0.55%
2023-12-22,2600,"2,617.72",-0.02%
2023-12-26,2603,"2,609.44",0.12%
2023-12-27,2614,"2,599.35",0.42%
2023-12-28,2655,"2,616.27",1.60%
2024-01-02,2670,"2,645.47",0.55%
2024-01-03,2607,"2,643.54",-2.34%
2024-01-04,2587,"2,592.44",-0.78%
2024-01-05,2578,"2,586.89",-0.35%
2024-01-08,2568,"2,584.23",-0.40%
2024-01-09,2561,"2,598.31",-0.26%
2024-01-10,2542,"2,563.97",-0.75%
2024-01-11,2540,"2,543.03",-0.07%
2024-01-12,2525,"2,536.55",-0.60%
2024-01-15,2526,"2,525.69",0.04%
2024-01-16,2498,"2,516.27",-1.12%
2024-01-17,2436,"2,501.23",-2.47%
2024-01-18,2440,"2,439.96",0.17%
2024-01-19,2473,"2,468.43",1.34%
2024-01-22,2464,"2,489.57",-0.34%
2024-01-23,2479,"2,478.32",0.58%
2024-01-24,2470,"2,476.22",-0.36%
2024-01-25,2470,"2,467.73",0.03%
2024-01-26,2479,"2,458.05",0.33%
2024-01-29,2501,"2,490.93",0.89%
2024-01-30,2499,"2,523.68",-0.07%
2024-01-31,2497,"2,487.90",-0.07%
2024-02-01,2542,"2,491.93",1.82%
2024-02-02,2615,"2,559.40",2.87%
2024-02-05,2591,"2,612.77",-0.92%
2024-02-06,2576,"2,584.20",-0.58%
2024-02-07,2610,"2,592.59",1.30%
2024-02-08,2620,"2,620.26",0.41%
2024-02-13,2650,"2,644.17",1.12%
2024-02-14,2620,"2,609.60",-1.10%
2024-02-15,2614,"2,643.81",-0.25%
2024-02-16,2649,"2,635.63",1.34%
2024-02-19,2680,"2,653.12",1.19%
2024-02-20,2658,"2,671.55",-0.84%
2024-02-21,2653,"2,656.92",-0.17%
2024-02-22,2664,"2,671.69",0.41%
2024-02-23,2668,"2,681.03",0.13%
2024-02-26,2647,"2,657.35",-0.77%
2024-02-27,2625,"2,654.76",-0.83%
2024-02-28,2652,"2,629.11",1.04%
2024-02-29,2642,"2,643.48",-0.37%
2024-03-04,2674,"2,664.52",1.21%
2024-03-05,2649,"2,660.80",-0.93%
2024-03-06,2641,"2,638.84",-0.30%
2024-03-07,2648,"2,653.98",0.23%
2024-03-08,2680,"2,676.79",1.24%
2024-03-11,2660,"2,665.58",-0.77%
2024-03-12,2682,"2,673.47",0.83%
2024-03-13,2694,"2,694.71",0.44%
2024-03-14,2719,"2,698.37",0.94%
2024-03-15,2667,"2,701.91",-1.91%
2024-03-18,2686,"2,678.52",0.71%
2024-03-19,2656,"2,673.57",-1.10%
2024-03-20,2690,"2,680.70",1.28%
2024-03-21,2755,"2,731.18",2.41%
2024-03-22,2749,"2,751.15",-0.23%
2024-03-25,2738,"2,756.59",-0.40%
2024-03-26,2757,"2,756.42",0.71%
2024-03-27,2755,"2,745.00",-0.07%
2024-03-28,2746,"2,753.22",-0.34%
2024-03-29,2747,"2,757.27",0.03%
2024-04-01,2748,"2,766.24",0.04%
2024-04-02,2753,"2,744.15",0.19%
2024-04-03,2707,"2,730.68",-1.68%
2024-04-04,2742,"2,738.24",1.29%
2024-04-05,2714,"2,713.96",-1.01%
2024-04-08,2718,"2,718.76",0.13%
2024-04-09,2705,"2,733.23",-0.46%
2024-04-11,2707,"2,665.40",0.07%
2024-04-12,2682,"2,710.89",-0.93%
2024-04-15,2670,"2,661.36",-0.42%
2024-04-16,2610,"2,644.17",-2.28%
2024-04-17,2584,"2,619.15",-0.98%
2024-04-18,2635,"2,595.46",1.95%
2024-04-19,2592,"2,600.69",-1.63%
2024-04-22,2629,"2,615.72",1.45%
2024-04-23,2623,"2,632.15",-0.24%
2024-04-24,2676,"2,662.84",2.01%
2024-04-25,2629,"2,646.80",-1.76%
2024-04-26,2656,"2,650.94",1.05%
2024-04-29,2687,"2,675.46",1.17%
2024-04-30,2692,"2,693.22",0.17%
2024-05-01,2692,"2,693.22",0.00%
2024-05-02,2684,"2,679.04",-0.31%
2024-05-03,2677,"2,704.31",-0.26%
2024-05-07,2734,"2,718.17",2.16%
2024-05-08,2745,"2,732.11",0.39%
2024-05-09,2712,"2,743.29",-1.20%
2024-05-10,2728,"2,737.95",0.57%
2024-05-13,2727,"2,735.20",-0.02%
2024-05-14,2730,"2,732.98",0.11%
2024-05-16,2753,"2,770.27",0.83%
2024-05-17,2725,"2,751.47",-1.03%
2024-05-20,2742,"2,741.24",0.64%
2024-05-21,2724,"2,733.03",-0.65%
2024-05-22,2723,"2,723.46",-0.03%
2024-05-23,2722,"2,719.03",-0.06%
2024-05-24,2688,"2,693.65",-1.26%
2024-05-27,2723,"2,697.16",1.32%
2024-05-28,2723,"2,715.52",-0.01%
2024-05-29,2677,"2,719.56",-1.67%
2024-05-30,2635,"2,666.63",-1.56%
2024-05-31,2637,"2,657.87",0.04%
2024-06-03,2683,"2,657.81",1.74%
2024-06-04,2662,"2,668.73",-0.76%
2024-06-05,2690,"2,681.11",1.03%
2024-06-07,2723,"2,718.25",1.23%
2024-06-10,2701,"2,698.71",-0.79%
2024-06-11,2705,"2,716.72",0.15%
2024-06-12,2728,"2,709.65",0.84%
2024-06-13,2755,"2,764.18",0.98%
2024-06-14,2758,"2,759.22",0.13%
2024-06-17,2744,"2,754.83",-0.52%
2024-06-18,2764,"2,765.70",0.72%
2024-06-19,2797,"2,786.16",1.21%
2024-06-20,2808,"2,802.10",0.37%
2024-06-21,2784,"2,794.87",-0.83%
2024-06-24,2765,"2,772.85",-0.70%
2024-06-25,2774,"2,765.76",0.35%
2024-06-26,2792,"2,767.43",0.64%
2024-06-27,2784,"2,767.62",-0.29%
2024-06-28,2798,"2,792.79",0.49%
2024-07-01,2804,"2,792.96",0.23%
2024-07-02,2781,"2,798.65",-0.84%
2024-07-03,2794,"2,797.14",0.47%
2024-07-04,2825,"2,817.06",1.11%
2024-07-05,2862,"2,836.21",1.32%
2024-07-08,2858,"2,862.58",-0.16%
2024-07-09,2867,"2,872.63",0.34%
2024-07-10,2868,"2,863.05",0.02%
2024-07-11,2891,"2,888.76",0.81%
2024-07-12,2857,"2,867.75",-1.19%
2024-07-15,2861,"2,869.15",0.14%
2024-07-16,2866,"2,861.71",0.18%
2024-07-17,2843,"2,865.90",-0.80%
2024-07-18,2824,"2,805.64",-0.67%
2024-07-19,2795,"2,800.21",-1.02%
2024-07-22,2764,"2,790.99",-1.14%
2024-07-23,2774,"2,788.83",0.39%
2024-07-24,2759,"2,755.50",-0.56%
2024-07-25,2711,"2,721.29",-1.74%
2024-07-26,2732,"2,724.99",0.78%
2024-07-29,2766,"2,748.32",1.23%
2024-07-30,2738,"2,744.40",-0.99%
2024-07-31,2771,"2,745.58",1.19%
2024-08-01,2778,"2,787.27",0.25%
2024-08-02,2676,"2,719.39",-3.65%
2024-08-05,2442,"2,611.30",-8.77%
2024-08-06,2522,"2,533.34",3.30%
2024-08-07,2568,"2,515.27",1.83%
2024-08-08,2557,"2,530.21",-0.45%
2024-08-09,2588,"2,603.08",1.24%
2024-08-12,2618,"2,602.16",1.15%
2024-08-13,2622,"2,624.50",0.12%
2024-08-14,2645,"2,649.11",0.88%
2024-08-16,2697,"2,695.49",1.99%
2024-08-19,2674,"2,697.97",-0.85%
2024-08-20,2697,"2,699.74",0.83%
2024-08-21,2701,"2,687.20",0.17%
2024-08-22,2708,"2,710.95",0.24%
2024-08-23,2702,"2,690.80",-0.22%
2024-08-26,2698,"2,716.88",-0.14%
2024-08-27,2689,"2,696.24",-0.32%
2024-08-28,2690,"2,690.59",0.02%
2024-08-29,2662,"2,657.18",-1.02%
2024-08-30,2674,"2,676.72",0.45%
2024-09-02,2681,"2,683.80",0.25%
2024-09-03,2665,"2,683.12",-0.61%
2024-09-04,2581,"2,589.94",-3.15%
2024-09-05,2576,"2,598.36",-0.21%
2024-09-06,2544,"2,576.66",-1.21%
2024-09-09,2536,"2,498.67",-0.33%
2024-09-10,2523,"2,542.69",-0.49%
2024-09-11,2513,"2,524.86",-0.40%
2024-09-12,2572,"2,547.50",2.34%
2024-09-13,2575,"2,571.81",0.13%
2024-09-19,2581,"2,594.67",0.21%
2024-09-20,2593,"2,603.83",0.49%
2024-09-23,2602,"2,596.47",0.33%
2024-09-24,2632,"2,612.45",1.14%
2024-09-25,2596,"2,652.71",-1.34%
2024-09-26,2672,"2,630.91",2.90%
2024-09-27,2650,"2,674.58",-0.82%
2024-09-30,2593,"2,665.24",-2.13%
2024-10-02,2562,"2,566.55",-1.22%
2024-10-04,2570,"2,563.70",0.31%
2024-10-07,2610,"2,579.20",1.58%
2024-10-08,2594,"2,592.65",-0.61%
2024-10-10,2599,"2,611.65",0.19%
2024-10-11,2597,"2,612.02",-0.09%
2024-10-14,2623,"2,602.63",1.02%
2024-10-15,2633,"2,632.37",0.39%
2024-10-16,2610,"2,606.70",-0.88%
2024-10-17,2609,"2,620.74",-0.04%
2024-10-18,2594,"2,616.04",-0.59%
2024-10-21,2605,"2,600.77",0.43%
2024-10-22,2571,"2,600.87",-1.31%
2024-10-23,2600,"2,575.25",1.12%
2024-10-24,2581,"2,591.69",-0.72%
2024-10-25,2583,"2,597.44",0.09%
2024-10-28,2612,"2,588.45",1.13%
2024-10-29,2618,"2,606.94",0.21%
2024-10-30,2594,"2,606.99",-0.92%
2024-10-31,2556,"2,575.24",-1.45%
2024-11-01,2542,"2,542.96",-0.54%
2024-11-04,2589,"2,549.04",1.83%
2024-11-05,2577,"2,570.24",-0.47%
2024-11-06,2564,"2,591.90",-0.52%
2024-11-07,2565,"2,557.23",0.04%
2024-11-08,2561,"2,586.70",-0.14%
