Date,NewHigh,NewLow,NumOfStocks,Intensity
2013-08-06,29,4,748,0.03342246
2013-08-07,14,7,748,0.009358289
2013-08-08,17,6,748,0.014705882
2013-08-09,16,7,748,0.012032086
2013-08-12,15,8,748,0.009358289
2013-08-13,21,9,748,0.016042781
2013-08-14,21,8,748,0.017379679
2013-08-16,19,9,748,0.013368984
2013-08-19,23,9,748,0.018716578
2013-08-20,10,18,748,-0.010695187
2013-08-21,5,27,748,-0.029411765
2013-08-22,5,49,748,-0.058823529
2013-08-23,10,13,748,-0.004010695
2013-08-26,18,11,748,0.009358289
2013-08-27,6,24,748,-0.024064171
2013-08-28,5,42,748,-0.049465241
2013-08-29,15,15,748,0
2013-08-30,12,14,748,-0.002673797
2013-09-02,10,12,748,-0.002673797
2013-09-03,18,5,748,0.017379679
2013-09-04,13,7,748,0.00802139
2013-09-05,26,6,748,0.026737968
2013-09-06,28,6,748,0.029411765
2013-09-09,23,8,748,0.020053476
2013-09-10,37,8,748,0.038770053
2013-09-11,29,6,748,0.030748663
2013-09-12,21,5,748,0.021390374
2013-09-13,8,5,748,0.004010695
2013-09-16,14,7,748,0.009358289
2013-09-17,13,5,748,0.010695187
2013-09-23,29,12,748,0.022727273
2013-09-24,21,10,748,0.014705882
2013-09-25,31,8,748,0.030748663
2013-09-26,41,7,748,0.045454545
2013-09-27,36,3,748,0.044117647
2013-09-30,28,12,748,0.021390374
2013-10-01,21,20,748,0.001336898
2013-10-02,14,14,748,0
2013-10-04,16,17,748,-0.001336898
2013-10-07,14,20,748,-0.00802139
2013-10-08,18,28,748,-0.013368984
2013-10-10,20,20,748,0
2013-10-11,30,13,748,0.022727273
2013-10-14,26,17,748,0.012032086
2013-10-15,18,21,748,-0.004010695
2013-10-16,24,22,748,0.002673797
2013-10-17,32,35,748,-0.004010695
2013-10-18,25,23,748,0.002673797
2013-10-21,21,19,748,0.002673797
2013-10-22,28,10,748,0.024064171
2013-10-23,15,12,748,0.004010695
2013-10-24,24,8,748,0.021390374
2013-10-25,20,11,748,0.012032086
2013-10-28,19,14,748,0.006684492
2013-10-29,19,11,748,0.010695187
2013-10-30,29,12,748,0.022727273
2013-10-31,19,12,748,0.009358289
2013-11-01,22,16,748,0.00802139
2013-11-04,17,17,748,0
2013-11-05,14,24,748,-0.013368984
2013-11-06,22,24,748,-0.002673797
2013-11-07,17,33,748,-0.021390374
2013-11-08,12,46,748,-0.045454545
2013-11-11,12,66,748,-0.072192513
2013-11-12,15,29,748,-0.018716578
2013-11-13,7,46,748,-0.052139037
2013-11-14,10,47,748,-0.049465241
2013-11-15,17,25,748,-0.010695187
2013-11-18,20,38,748,-0.024064171
2013-11-19,29,26,748,0.004010695
2013-11-20,21,33,748,-0.016042781
2013-11-21,10,44,748,-0.045454545
2013-11-22,24,27,748,-0.004010695
2013-11-25,24,15,748,0.012032086
2013-11-26,23,17,748,0.00802139
2013-11-27,21,11,748,0.013368984
2013-11-28,36,7,748,0.038770053
2013-11-29,26,5,748,0.028074866
2013-12-02,21,12,748,0.012032086
2013-12-03,17,22,748,-0.006684492
2013-12-04,12,32,748,-0.026737968
2013-12-05,19,26,748,-0.009358289
2013-12-06,19,22,748,-0.004010695
2013-12-09,20,34,748,-0.018716578
2013-12-10,14,38,748,-0.032085561
2013-12-11,13,39,748,-0.034759358
2013-12-12,15,34,748,-0.02540107
2013-12-13,16,36,748,-0.026737968
2013-12-16,9,54,748,-0.060160428
2013-12-17,6,52,748,-0.061497326
2013-12-18,8,47,748,-0.052139037
2013-12-19,15,55,748,-0.053475936
2013-12-20,14,38,748,-0.032085561
2013-12-23,7,17,748,-0.013368984
2013-12-24,13,12,748,0.001336898
2013-12-26,10,15,748,-0.006684492
2013-12-27,7,18,748,-0.014705882
2013-12-30,15,15,748,0
2014-01-02,16,21,748,-0.006684492
2014-01-03,13,17,748,-0.005347594
2014-01-06,15,28,748,-0.017379679
2014-01-07,15,16,748,-0.001336898
2014-01-08,17,20,748,-0.004010695
2014-01-09,18,13,748,0.006684492
2014-01-10,13,20,748,-0.009358289
2014-01-13,15,14,748,0.001336898
2014-01-14,10,13,748,-0.004010695
2014-01-15,14,7,748,0.009358289
2014-01-16,19,5,748,0.018716578
2014-01-17,17,8,748,0.012032086
2014-01-20,19,11,748,0.010695187
2014-01-21,16,9,748,0.009358289
2014-01-22,14,4,748,0.013368984
2014-01-23,16,7,748,0.012032086
2014-01-24,12,11,748,0.001336898
2014-01-27,7,31,748,-0.032085561
2014-01-28,12,28,748,-0.021390374
2014-01-29,24,8,748,0.021390374
2014-02-03,23,27,748,-0.005347594
2014-02-04,13,45,748,-0.042780749
2014-02-05,17,27,748,-0.013368984
2014-02-06,24,23,748,0.001336898
2014-02-07,37,25,748,0.016042781
2014-02-10,25,17,748,0.010695187
2014-02-11,30,14,748,0.021390374
2014-02-12,42,7,748,0.046791444
2014-02-13,37,8,748,0.038770053
2014-02-14,40,7,748,0.044117647
2014-02-17,42,10,748,0.042780749
2014-02-18,32,9,748,0.030748663
2014-02-19,43,14,748,0.038770053
2014-02-20,50,19,748,0.04144385
2014-02-21,40,9,748,0.04144385
2014-02-24,34,14,748,0.026737968
2014-02-25,39,12,748,0.036096257
2014-02-26,45,11,748,0.045454545
2014-02-27,46,9,748,0.049465241
2014-02-28,50,11,748,0.052139037
2014-03-03,34,13,748,0.028074866
2014-03-04,33,14,748,0.02540107
2014-03-05,64,7,748,0.076203209
2014-03-06,74,10,748,0.085561497
2014-03-07,56,10,748,0.061497326
2014-03-10,48,15,748,0.044117647
2014-03-11,51,9,748,0.056149733
2014-03-12,23,18,748,0.006684492
2014-03-13,42,17,748,0.03342246
2014-03-14,31,24,748,0.009358289
2014-03-17,28,19,748,0.012032086
2014-03-18,32,11,748,0.028074866
2014-03-19,34,12,748,0.029411765
2014-03-20,29,24,748,0.006684492
2014-03-21,42,9,748,0.044117647
2014-03-24,34,6,748,0.037433155
2014-03-25,25,7,748,0.024064171
2014-03-26,29,6,748,0.030748663
2014-03-27,35,8,748,0.036096257
2014-03-28,43,6,748,0.049465241
2014-03-31,40,8,748,0.042780749
2014-04-01,34,9,748,0.03342246
2014-04-02,36,7,748,0.038770053
2014-04-03,38,8,748,0.040106952
2014-04-04,45,9,748,0.048128342
2014-04-07,37,10,748,0.036096257
2014-04-08,33,7,748,0.034759358
2014-04-09,35,8,748,0.036096257
2014-04-10,38,5,748,0.044117647
2014-04-11,35,5,748,0.040106952
2014-04-14,41,6,748,0.046791444
2014-04-15,49,8,748,0.054812834
2014-04-16,53,7,748,0.061497326
2014-04-17,37,7,748,0.040106952
2014-04-18,35,8,748,0.036096257
2014-04-21,39,8,748,0.04144385
2014-04-22,36,7,748,0.038770053
2014-04-23,27,11,748,0.021390374
2014-04-24,31,15,748,0.021390374
2014-04-25,21,17,748,0.005347594
2014-04-28,14,12,748,0.002673797
2014-04-29,25,14,748,0.014705882
2014-04-30,41,8,748,0.044117647
2014-05-02,30,13,748,0.022727273
2014-05-07,27,27,748,0
2014-05-08,37,23,748,0.018716578
2014-05-09,46,16,748,0.040106952
2014-05-12,54,27,748,0.036096257
2014-05-13,52,8,748,0.058823529
2014-05-14,64,7,748,0.076203209
2014-05-15,59,8,748,0.068181818
2014-05-16,58,14,748,0.058823529
2014-05-19,46,25,748,0.028074866
2014-05-20,35,27,748,0.010695187
2014-05-21,53,11,748,0.056149733
2014-05-22,47,11,748,0.048128342
2014-05-23,58,11,748,0.062834225
2014-05-26,63,16,748,0.062834225
2014-05-27,56,18,748,0.050802139
2014-05-28,66,13,748,0.070855615
2014-05-29,53,27,748,0.034759358
2014-05-30,61,35,748,0.034759358
2014-06-02,44,46,748,-0.002673797
2014-06-03,42,52,748,-0.013368984
2014-06-05,52,60,748,-0.010695187
2014-06-09,47,36,748,0.014705882
2014-06-10,45,10,748,0.046791444
2014-06-11,59,14,748,0.060160428
2014-06-12,68,17,748,0.068181818
2014-06-13,42,18,748,0.032085561
2014-06-16,50,21,748,0.038770053
2014-06-17,52,15,748,0.049465241
2014-06-18,33,13,748,0.026737968
2014-06-19,48,11,748,0.049465241
2014-06-20,38,27,748,0.014705882
2014-06-23,38,34,748,0.005347594
2014-06-24,35,30,748,0.006684492
2014-06-25,22,35,748,-0.017379679
2014-06-26,28,23,748,0.006684492
2014-06-27,21,24,748,-0.004010695
2014-06-30,40,9,748,0.04144385
2014-07-01,47,6,748,0.054812834
2014-07-02,71,4,748,0.089572193
2014-07-03,76,4,748,0.096256684
2014-07-04,84,4,748,0.106951872
2014-07-07,79,6,748,0.097593583
2014-07-08,86,5,748,0.10828877
2014-07-09,86,13,748,0.097593583
2014-07-10,69,12,748,0.076203209
2014-07-11,86,13,748,0.097593583
2014-07-14,98,10,748,0.117647059
2014-07-15,68,8,748,0.080213904
2014-07-16,53,5,748,0.064171123
2014-07-17,65,6,748,0.078877005
2014-07-18,61,8,748,0.070855615
2014-07-21,70,4,748,0.088235294
2014-07-22,66,5,748,0.081550802
2014-07-23,67,6,748,0.081550802
2014-07-24,27,6,748,0.028074866
2014-07-25,51,3,748,0.064171123
2014-07-28,51,6,748,0.060160428
2014-07-29,20,6,748,0.018716578
2014-07-30,44,9,748,0.046791444
2014-07-31,46,14,748,0.042780749
2014-08-01,50,15,748,0.046791444
2014-08-04,59,6,748,0.070855615
2014-08-05,42,13,748,0.038770053
2014-08-06,61,22,748,0.052139037
2014-08-07,48,20,748,0.037433155
2014-08-08,30,24,748,0.00802139
2014-08-11,34,16,748,0.024064171
2014-08-12,52,16,748,0.048128342
2014-08-13,72,16,748,0.07486631
2014-08-14,48,10,748,0.050802139
2014-08-18,54,8,748,0.061497326
2014-08-19,63,16,748,0.062834225
2014-08-20,64,23,748,0.054812834
2014-08-21,48,27,748,0.028074866
2014-08-22,56,20,748,0.048128342
2014-08-25,59,32,748,0.036096257
2014-08-26,55,19,748,0.048128342
2014-08-27,66,8,748,0.077540107
2014-08-28,45,10,748,0.046791444
2014-08-29,36,8,748,0.037433155
2014-09-01,38,19,748,0.02540107
2014-09-02,35,25,748,0.013368984
2014-09-03,53,33,748,0.026737968
2014-09-04,51,24,748,0.036096257
2014-09-05,54,16,748,0.050802139
2014-09-11,57,16,748,0.054812834
2014-09-12,40,14,748,0.034759358
2014-09-15,35,11,748,0.032085561
2014-09-16,37,10,748,0.036096257
2014-09-17,43,7,748,0.048128342
2014-09-18,34,6,748,0.037433155
2014-09-19,47,4,748,0.057486631
2014-09-22,48,8,748,0.053475936
2014-09-23,42,18,748,0.032085561
2014-09-24,60,16,748,0.058823529
2014-09-25,55,19,748,0.048128342
2014-09-26,60,25,748,0.046791444
2014-09-29,49,45,748,0.005347594
2014-09-30,39,42,748,-0.004010695
2014-10-01,29,61,748,-0.042780749
2014-10-02,42,54,748,-0.016042781
2014-10-06,29,37,748,-0.010695187
2014-10-07,26,41,748,-0.020053476
2014-10-08,34,36,748,-0.002673797
2014-10-10,29,67,748,-0.050802139
2014-10-13,14,90,748,-0.101604278
2014-10-14,17,40,748,-0.030748663
2014-10-15,24,38,748,-0.018716578
2014-10-16,27,57,748,-0.040106952
2014-10-17,28,51,748,-0.030748663
2014-10-20,29,17,748,0.016042781
2014-10-21,50,39,748,0.014705882
2014-10-22,70,27,748,0.057486631
2014-10-23,60,37,748,0.030748663
2014-10-24,34,56,748,-0.029411765
2014-10-27,33,25,748,0.010695187
2014-10-28,24,33,748,-0.012032086
2014-10-29,14,8,748,0.00802139
2014-10-30,10,21,748,-0.014705882
2014-10-31,15,27,748,-0.016042781
2014-11-03,25,54,748,-0.038770053
2014-11-04,17,83,748,-0.088235294
2014-11-05,14,61,748,-0.062834225
2014-11-06,6,42,748,-0.048128342
2014-11-07,14,19,748,-0.006684492
2014-11-10,12,10,748,0.002673797
2014-11-11,14,10,748,0.005347594
2014-11-12,17,2,748,0.020053476
2014-11-13,16,4,748,0.016042781
2014-11-14,12,9,748,0.004010695
2014-11-17,13,11,748,0.002673797
2014-11-18,10,6,748,0.005347594
2014-11-19,13,12,748,0.001336898
2014-11-20,12,16,748,-0.005347594
2014-11-21,9,12,748,-0.004010695
2014-11-24,3,6,748,-0.004010695
2014-11-25,13,8,748,0.006684492
2014-11-26,8,8,748,0
2014-11-27,6,7,748,-0.001336898
2014-11-28,10,20,748,-0.013368984
2014-12-01,17,42,748,-0.03342246
2014-12-02,16,25,748,-0.012032086
2014-12-03,17,21,748,-0.005347594
2014-12-04,14,12,748,0.002673797
2014-12-05,14,11,748,0.004010695
2014-12-08,16,11,748,0.006684492
2014-12-09,12,23,748,-0.014705882
2014-12-10,6,34,748,-0.037433155
2014-12-11,6,40,748,-0.045454545
2014-12-12,7,41,748,-0.045454545
2014-12-15,5,27,748,-0.029411765
2014-12-16,8,40,748,-0.042780749
2014-12-17,3,31,748,-0.037433155
2014-12-18,2,44,748,-0.056149733
2014-12-19,3,32,748,-0.038770053
2014-12-22,2,13,748,-0.014705882
2014-12-23,4,13,748,-0.012032086
2014-12-24,3,12,748,-0.012032086
2014-12-26,6,11,748,-0.006684492
2014-12-29,7,19,748,-0.016042781
2014-12-30,7,23,748,-0.021390374
2015-01-02,13,33,748,-0.026737968
2015-01-05,16,41,748,-0.03342246
2015-01-06,7,60,748,-0.070855615
2015-01-07,8,58,748,-0.06684492
2015-01-08,10,38,748,-0.037433155
2015-01-09,12,16,748,-0.005347594
2015-01-12,16,13,748,0.004010695
2015-01-13,13,23,748,-0.013368984
2015-01-14,15,24,748,-0.012032086
2015-01-15,14,16,748,-0.002673797
2015-01-16,15,44,748,-0.038770053
2015-01-19,7,22,748,-0.020053476
2015-01-20,12,20,748,-0.010695187
2015-01-21,24,32,748,-0.010695187
2015-01-22,21,24,748,-0.004010695
2015-01-23,16,20,748,-0.005347594
2015-01-26,26,22,748,0.005347594
2015-01-27,19,13,748,0.00802139
2015-01-28,20,6,748,0.018716578
2015-01-29,23,5,748,0.024064171
2015-01-30,30,11,748,0.02540107
2015-02-02,25,5,748,0.026737968
2015-02-03,23,11,748,0.016042781
2015-02-04,27,6,748,0.028074866
2015-02-05,30,9,748,0.028074866
2015-02-06,21,10,748,0.014705882
2015-02-09,25,14,748,0.014705882
2015-02-10,18,14,748,0.005347594
2015-02-11,30,10,748,0.026737968
2015-02-12,31,9,748,0.029411765
2015-02-13,32,8,748,0.032085561
2015-02-16,39,10,748,0.038770053
2015-02-17,34,8,748,0.034759358
2015-02-23,41,6,748,0.046791444
2015-02-24,44,5,748,0.052139037
2015-02-25,33,5,748,0.037433155
2015-02-26,39,6,748,0.044117647
2015-02-27,25,3,748,0.029411765
2015-03-02,38,2,748,0.048128342
2015-03-03,36,1,748,0.046791444
2015-03-04,30,1,748,0.038770053
2015-03-05,41,1,748,0.053475936
2015-03-06,31,3,748,0.037433155
2015-03-09,33,6,748,0.036096257
2015-03-10,29,2,748,0.036096257
2015-03-11,32,5,748,0.036096257
2015-03-12,31,7,748,0.032085561
2015-03-13,42,4,748,0.050802139
2015-03-16,47,5,748,0.056149733
2015-03-17,48,6,748,0.056149733
2015-03-18,38,4,748,0.045454545
2015-03-19,48,3,748,0.060160428
2015-03-20,52,4,748,0.064171123
2015-03-23,41,3,748,0.050802139
2015-03-24,49,6,748,0.057486631
2015-03-25,76,9,748,0.089572193
2015-03-26,52,5,748,0.062834225
2015-03-27,41,8,748,0.044117647
2015-03-30,76,9,748,0.089572193
2015-03-31,87,5,748,0.109625668
2015-04-01,92,9,748,0.110962567
2015-04-02,75,13,748,0.082887701
2015-04-03,94,7,748,0.11631016
2015-04-06,91,10,748,0.10828877
2015-04-07,73,8,748,0.086898396
2015-04-08,96,8,748,0.117647059
2015-04-09,93,9,748,0.112299465
2015-04-10,103,3,748,0.13368984
2015-04-13,100,4,748,0.128342246
2015-04-14,35,3,748,0.042780749
2015-04-15,53,3,748,0.06684492
2015-04-16,65,3,748,0.082887701
2015-04-17,80,3,748,0.102941176
2015-04-20,89,3,748,0.114973262
2015-04-21,60,3,748,0.076203209
2015-04-22,38,4,748,0.045454545
2015-04-23,42,4,748,0.050802139
2015-04-24,29,2,748,0.036096257
2015-04-27,39,2,748,0.049465241
2015-04-28,36,4,748,0.042780749
2015-04-29,37,4,748,0.044117647
2015-04-30,31,2,748,0.038770053
2015-05-04,40,5,748,0.046791444
2015-05-06,29,6,748,0.030748663
2015-05-07,16,7,748,0.012032086
2015-05-08,29,3,748,0.034759358
2015-05-11,49,3,748,0.061497326
2015-05-12,38,3,748,0.046791444
2015-05-13,64,5,748,0.078877005
2015-05-14,61,3,748,0.077540107
2015-05-15,60,1,748,0.078877005
2015-05-18,65,9,748,0.07486631
2015-05-19,60,9,748,0.068181818
2015-05-20,69,9,748,0.080213904
2015-05-21,67,14,748,0.070855615
2015-05-22,46,6,748,0.053475936
2015-05-26,30,8,748,0.029411765
2015-05-27,22,17,748,0.006684492
2015-05-28,38,8,748,0.040106952
2015-05-29,38,8,748,0.040106952
2015-06-01,36,13,748,0.030748663
2015-06-02,32,27,748,0.006684492
2015-06-03,13,22,748,-0.012032086
2015-06-04,17,24,748,-0.009358289
2015-06-05,18,25,748,-0.009358289
2015-06-08,28,27,748,0.001336898
2015-06-09,48,14,748,0.045454545
2015-06-10,36,22,748,0.018716578
2015-06-11,39,12,748,0.036096257
2015-06-12,47,19,748,0.037433155
2015-06-15,39,22,748,0.022727273
2015-06-16,35,34,748,0.001336898
2015-06-17,43,13,748,0.040106952
2015-06-18,49,20,748,0.038770053
2015-06-19,41,15,748,0.034759358
2015-06-22,34,6,748,0.037433155
2015-06-23,49,8,748,0.054812834
2015-06-24,69,1,748,0.090909091
2015-06-25,61,6,748,0.073529412
2015-06-26,46,6,748,0.053475936
2015-06-29,35,26,748,0.012032086
2015-06-30,39,11,748,0.037433155
2015-07-01,60,6,748,0.072192513
2015-07-02,76,11,748,0.086898396
2015-07-03,77,15,748,0.082887701
2015-07-06,44,33,748,0.014705882
2015-07-07,25,22,748,0.004010695
2015-07-08,25,23,748,0.002673797
2015-07-09,21,32,748,-0.014705882
2015-07-10,34,23,748,0.014705882
2015-07-13,49,10,748,0.052139037
2015-07-14,70,9,748,0.081550802
2015-07-15,68,6,748,0.082887701
2015-07-16,65,4,748,0.081550802
2015-07-17,41,26,748,0.020053476
2015-07-20,62,26,748,0.048128342
2015-07-21,52,5,748,0.062834225
2015-07-22,37,13,748,0.032085561
2015-07-23,38,20,748,0.024064171
2015-07-24,31,28,748,0.004010695
2015-07-27,17,21,748,-0.005347594
2015-07-28,20,25,748,-0.006684492
2015-07-29,11,21,748,-0.013368984
2015-07-30,8,27,748,-0.02540107
2015-07-31,12,17,748,-0.006684492
2015-08-03,17,30,748,-0.017379679
2015-08-04,15,13,748,0.002673797
2015-08-05,18,5,748,0.017379679
2015-08-06,33,12,748,0.028074866
2015-08-07,18,13,748,0.006684492
2015-08-10,26,29,748,-0.004010695
2015-08-11,12,24,748,-0.016042781
2015-08-12,11,23,748,-0.016042781
2015-08-13,11,6,748,0.006684492
2015-08-17,15,18,748,-0.004010695
2015-08-18,12,27,748,-0.020053476
2015-08-19,7,55,748,-0.064171123
2015-08-20,6,69,748,-0.084224599
2015-08-21,2,126,748,-0.165775401
2015-08-24,0,121,748,-0.161764706
2015-08-25,0,25,748,-0.03342246
2015-08-26,1,10,748,-0.012032086
2015-08-27,3,8,748,-0.006684492
2015-08-28,7,4,748,0.004010695
2015-08-31,6,4,748,0.002673797
2015-09-01,3,6,748,-0.004010695
2015-09-02,4,7,748,-0.004010695
2015-09-03,6,10,748,-0.005347594
2015-09-04,0,13,748,-0.017379679
2015-09-07,5,13,748,-0.010695187
2015-09-08,2,16,748,-0.018716578
2015-09-09,4,1,748,0.004010695
2015-09-10,11,2,748,0.012032086
2015-09-11,6,1,748,0.006684492
2015-09-14,4,2,748,0.002673797
2015-09-15,5,2,748,0.004010695
2015-09-16,4,1,748,0.004010695
2015-09-17,3,3,748,0
2015-09-18,4,1,748,0.004010695
2015-09-21,6,1,748,0.006684492
2015-09-22,11,1,748,0.013368984
2015-09-23,8,4,748,0.005347594
2015-09-24,6,4,748,0.002673797
2015-09-25,2,3,748,-0.001336898
2015-09-30,8,4,748,0.005347594
2015-10-01,11,5,748,0.00802139
2015-10-02,7,5,748,0.002673797
2015-10-05,11,4,748,0.009358289
2015-10-06,10,3,748,0.009358289
2015-10-07,9,2,748,0.009358289
2015-10-08,11,1,748,0.013368984
2015-10-12,6,0,748,0.00802139
2015-10-13,7,2,748,0.006684492
2015-10-14,7,5,748,0.002673797
2015-10-15,7,1,748,0.00802139
2015-10-16,6,2,748,0.005347594
2015-10-19,14,2,748,0.016042781
2015-10-20,14,2,748,0.016042781
2015-10-21,11,1,748,0.013368984
2015-10-22,9,3,748,0.00802139
2015-10-23,15,4,748,0.014705882
2015-10-26,11,3,748,0.010695187
2015-10-27,7,1,748,0.00802139
2015-10-28,9,3,748,0.00802139
2015-10-29,12,6,748,0.00802139
2015-10-30,11,13,748,-0.002673797
2015-11-02,14,17,748,-0.004010695
2015-11-03,12,12,748,0
2015-11-04,14,4,748,0.013368984
2015-11-05,10,6,748,0.005347594
2015-11-06,4,13,748,-0.012032086
2015-11-09,6,26,748,-0.026737968
2015-11-10,0,38,748,-0.050802139
2015-11-11,4,23,748,-0.02540107
2015-11-12,6,16,748,-0.013368984
2015-11-13,3,31,748,-0.037433155
2015-11-16,7,55,748,-0.064171123
2015-11-17,9,24,748,-0.020053476
2015-11-18,8,29,748,-0.028074866
2015-11-19,13,14,748,-0.001336898
2015-11-20,10,9,748,0.001336898
2015-11-23,8,12,748,-0.005347594
2015-11-24,17,9,748,0.010695187
2015-11-25,10,11,748,-0.001336898
2015-11-26,15,6,748,0.012032086
2015-11-27,15,8,748,0.009358289
2015-11-30,13,14,748,-0.001336898
2015-12-01,12,7,748,0.006684492
2015-12-02,12,14,748,-0.002673797
2015-12-03,11,15,748,-0.005347594
2015-12-04,13,22,748,-0.012032086
2015-12-07,9,33,748,-0.032085561
2015-12-08,9,50,748,-0.054812834
2015-12-09,5,53,748,-0.064171123
2015-12-10,3,37,748,-0.045454545
2015-12-11,5,39,748,-0.045454545
2015-12-14,6,71,748,-0.086898396
2015-12-15,6,41,748,-0.046791444
2015-12-16,5,13,748,-0.010695187
2015-12-17,7,10,748,-0.004010695
2015-12-18,12,8,748,0.005347594
2015-12-21,12,8,748,0.005347594
2015-12-22,19,10,748,0.012032086
2015-12-23,15,4,748,0.014705882
2015-12-24,9,6,748,0.004010695
2015-12-28,5,11,748,-0.00802139
2015-12-29,8,16,748,-0.010695187
2015-12-30,7,18,748,-0.014705882
2016-01-04,15,41,748,-0.034759358
2016-01-05,12,26,748,-0.018716578
2016-01-06,9,43,748,-0.045454545
2016-01-07,8,61,748,-0.070855615
2016-01-08,8,59,748,-0.068181818
2016-01-11,3,77,748,-0.098930481
2016-01-12,6,73,748,-0.089572193
2016-01-13,5,19,748,-0.018716578
2016-01-14,2,61,748,-0.078877005
2016-01-15,3,76,748,-0.097593583
2016-01-18,9,64,748,-0.073529412
2016-01-19,7,77,748,-0.093582888
2016-01-20,7,147,748,-0.187165775
2016-01-21,5,92,748,-0.11631016
2016-01-22,5,19,748,-0.018716578
2016-01-25,6,11,748,-0.006684492
2016-01-26,6,36,748,-0.040106952
2016-01-27,5,17,748,-0.016042781
2016-01-28,7,9,748,-0.002673797
2016-01-29,8,9,748,-0.001336898
2016-02-01,13,16,748,-0.004010695
2016-02-02,11,22,748,-0.014705882
2016-02-03,6,30,748,-0.032085561
2016-02-04,10,13,748,-0.004010695
2016-02-05,7,12,748,-0.006684492
2016-02-11,2,54,748,-0.069518717
2016-02-12,2,101,748,-0.132352941
2016-02-15,4,23,748,-0.02540107
2016-02-16,5,17,748,-0.016042781
2016-02-17,6,26,748,-0.026737968
2016-02-18,8,13,748,-0.006684492
2016-02-19,10,13,748,-0.004010695
2016-02-22,13,10,748,0.004010695
2016-02-23,14,10,748,0.005347594
2016-02-24,14,16,748,-0.002673797
2016-02-25,13,13,748,0
2016-02-26,9,9,748,0
2016-02-29,10,15,748,-0.006684492
2016-03-02,14,8,748,0.00802139
2016-03-03,16,6,748,0.013368984
2016-03-04,14,7,748,0.009358289
2016-03-07,15,5,748,0.013368984
2016-03-08,9,5,748,0.005347594
2016-03-09,8,4,748,0.005347594
2016-03-10,14,5,748,0.012032086
2016-03-11,5,4,748,0.001336898
2016-03-14,11,4,748,0.009358289
2016-03-15,8,6,748,0.002673797
2016-03-16,7,4,748,0.004010695
2016-03-17,9,4,748,0.006684492
2016-03-18,14,5,748,0.012032086
2016-03-21,13,7,748,0.00802139
2016-03-22,7,7,748,0
2016-03-23,9,8,748,0.001336898
2016-03-24,9,8,748,0.001336898
2016-03-25,13,10,748,0.004010695
2016-03-28,19,10,748,0.012032086
2016-03-29,23,8,748,0.020053476
2016-03-30,22,10,748,0.016042781
2016-03-31,19,14,748,0.006684492
2016-04-01,13,9,748,0.005347594
2016-04-04,19,11,748,0.010695187
2016-04-05,16,7,748,0.012032086
2016-04-06,17,8,748,0.012032086
2016-04-07,13,5,748,0.010695187
2016-04-08,11,7,748,0.005347594
2016-04-11,14,8,748,0.00802139
2016-04-12,10,9,748,0.001336898
2016-04-14,23,12,748,0.014705882
2016-04-15,14,9,748,0.006684492
2016-04-18,8,9,748,-0.001336898
2016-04-19,13,6,748,0.009358289
2016-04-20,15,5,748,0.013368984
2016-04-21,18,5,748,0.017379679
2016-04-22,14,8,748,0.00802139
2016-04-25,17,7,748,0.013368984
2016-04-26,14,9,748,0.006684492
2016-04-27,13,11,748,0.002673797
2016-04-28,11,7,748,0.005347594
2016-04-29,12,8,748,0.005347594
2016-05-02,9,14,748,-0.006684492
2016-05-03,11,6,748,0.006684492
2016-05-04,11,13,748,-0.002673797
2016-05-09,12,19,748,-0.009358289
2016-05-10,14,7,748,0.009358289
2016-05-11,15,10,748,0.006684492
2016-05-12,20,11,748,0.012032086
2016-05-13,17,10,748,0.009358289
2016-05-16,18,10,748,0.010695187
2016-05-17,21,18,748,0.004010695
2016-05-18,24,19,748,0.006684492
2016-05-19,16,28,748,-0.016042781
2016-05-20,16,19,748,-0.004010695
2016-05-23,20,17,748,0.004010695
2016-05-24,12,24,748,-0.016042781
2016-05-25,14,16,748,-0.002673797
2016-05-26,13,23,748,-0.013368984
2016-05-27,22,7,748,0.020053476
2016-05-30,17,13,748,0.005347594
2016-05-31,18,7,748,0.014705882
2016-06-01,23,9,748,0.018716578
2016-06-02,19,4,748,0.020053476
2016-06-03,18,6,748,0.016042781
2016-06-07,24,5,748,0.02540107
2016-06-08,25,9,748,0.021390374
2016-06-09,19,13,748,0.00802139
2016-06-10,12,6,748,0.00802139
2016-06-13,9,18,748,-0.012032086
2016-06-14,8,30,748,-0.029411765
2016-06-15,10,30,748,-0.026737968
2016-06-16,7,45,748,-0.050802139
2016-06-17,9,26,748,-0.022727273
2016-06-20,16,11,748,0.006684492
2016-06-21,12,15,748,-0.004010695
2016-06-22,11,10,748,0.001336898
2016-06-23,7,23,748,-0.021390374
2016-06-24,3,83,748,-0.106951872
2016-06-27,3,63,748,-0.080213904
2016-06-28,7,26,748,-0.02540107
2016-06-29,9,10,748,-0.001336898
2016-06-30,12,5,748,0.009358289
2016-07-01,19,6,748,0.017379679
2016-07-04,15,13,748,0.002673797
2016-07-05,17,18,748,-0.001336898
2016-07-06,12,30,748,-0.024064171
2016-07-07,17,17,748,0
2016-07-08,14,30,748,-0.021390374
2016-07-11,22,16,748,0.00802139
2016-07-12,21,15,748,0.00802139
2016-07-13,22,12,748,0.013368984
2016-07-14,19,17,748,0.002673797
2016-07-15,11,18,748,-0.009358289
2016-07-18,15,17,748,-0.002673797
2016-07-19,10,16,748,-0.00802139
2016-07-20,15,21,748,-0.00802139
2016-07-21,13,16,748,-0.004010695
2016-07-22,11,15,748,-0.005347594
2016-07-25,10,12,748,-0.002673797
2016-07-26,10,9,748,0.001336898
2016-07-27,12,11,748,0.001336898
2016-07-28,12,12,748,0
2016-07-29,16,18,748,-0.002673797
2016-08-01,22,19,748,0.004010695
2016-08-02,14,13,748,0.001336898
2016-08-03,17,18,748,-0.001336898
2016-08-04,11,13,748,-0.002673797
2016-08-05,15,15,748,0
2016-08-08,12,9,748,0.004010695
2016-08-09,18,8,748,0.013368984
2016-08-10,8,9,748,-0.001336898
2016-08-11,16,3,748,0.017379679
2016-08-12,21,4,748,0.022727273
2016-08-16,18,9,748,0.012032086
2016-08-17,21,20,748,0.001336898
2016-08-18,21,24,748,-0.004010695
2016-08-19,20,28,748,-0.010695187
2016-08-22,15,39,748,-0.032085561
2016-08-23,16,29,748,-0.017379679
2016-08-24,15,24,748,-0.012032086
2016-08-25,15,25,748,-0.013368984
2016-08-26,14,19,748,-0.006684492
2016-08-29,14,45,748,-0.04144385
2016-08-30,21,38,748,-0.022727273
2016-08-31,15,43,748,-0.037433155
2016-09-01,20,24,748,-0.005347594
2016-09-02,19,14,748,0.006684492
2016-09-05,26,10,748,0.021390374
2016-09-06,23,14,748,0.012032086
2016-09-07,26,22,748,0.005347594
2016-09-08,15,32,748,-0.022727273
2016-09-09,14,38,748,-0.032085561
2016-09-12,10,58,748,-0.064171123
2016-09-13,15,34,748,-0.02540107
2016-09-19,30,24,748,0.00802139
2016-09-20,27,15,748,0.016042781
2016-09-21,20,8,748,0.016042781
2016-09-22,19,7,748,0.016042781
2016-09-23,23,5,748,0.024064171
2016-09-26,26,7,748,0.02540107
2016-09-27,29,7,748,0.029411765
2016-09-28,28,7,748,0.028074866
2016-09-29,17,7,748,0.013368984
2016-09-30,9,11,748,-0.002673797
2016-10-04,17,13,748,0.005347594
2016-10-05,16,16,748,0
2016-10-06,15,18,748,-0.004010695
2016-10-07,8,30,748,-0.029411765
2016-10-10,10,18,748,-0.010695187
2016-10-11,16,20,748,-0.005347594
2016-10-12,14,11,748,0.004010695
2016-10-13,4,31,748,-0.036096257
2016-10-14,7,22,748,-0.020053476
2016-10-17,8,27,748,-0.02540107
2016-10-18,11,25,748,-0.018716578
2016-10-19,6,21,748,-0.020053476
2016-10-20,11,25,748,-0.018716578
2016-10-21,10,32,748,-0.029411765
2016-10-24,11,43,748,-0.042780749
2016-10-25,14,60,748,-0.061497326
2016-10-26,5,64,748,-0.078877005
2016-10-27,6,12,748,-0.00802139
2016-10-28,7,36,748,-0.038770053
2016-10-31,6,92,748,-0.114973262
2016-11-01,8,82,748,-0.098930481
2016-11-02,6,157,748,-0.201871658
2016-11-03,2,50,748,-0.064171123
2016-11-04,3,33,748,-0.040106952
2016-11-07,5,18,748,-0.017379679
2016-11-08,6,10,748,-0.005347594
2016-11-09,2,113,748,-0.148395722
2016-11-10,6,17,748,-0.014705882
2016-11-11,9,23,748,-0.018716578
2016-11-14,10,17,748,-0.009358289
2016-11-15,13,18,748,-0.006684492
2016-11-16,12,9,748,0.004010695
2016-11-17,11,10,748,0.001336898
2016-11-18,9,19,748,-0.013368984
2016-11-21,4,37,748,-0.044117647
2016-11-22,4,36,748,-0.042780749
2016-11-23,7,55,748,-0.064171123
2016-11-24,6,78,748,-0.096256684
2016-11-25,7,43,748,-0.048128342
2016-11-28,8,60,748,-0.069518717
2016-11-29,11,34,748,-0.030748663
2016-11-30,8,43,748,-0.046791444
2016-12-01,15,46,748,-0.04144385
2016-12-02,11,55,748,-0.058823529
2016-12-05,14,107,748,-0.124331551
2016-12-06,22,34,748,-0.016042781
2016-12-07,19,58,748,-0.052139037
2016-12-08,23,20,748,0.004010695
2016-12-09,13,9,748,0.005347594
2016-12-12,10,2,748,0.010695187
2016-12-13,4,1,748,0.004010695
2016-12-14,11,1,748,0.013368984
2016-12-15,12,3,748,0.012032086
2016-12-16,21,1,748,0.026737968
2016-12-19,19,3,748,0.021390374
2016-12-20,16,4,748,0.016042781
2016-12-21,11,9,748,0.002673797
2016-12-22,7,10,748,-0.004010695
2016-12-23,7,5,748,0.002673797
2016-12-26,13,14,748,-0.001336898
2016-12-27,12,11,748,0.001336898
2016-12-28,8,13,748,-0.006684492
2016-12-29,8,10,748,-0.002673797
2017-01-02,14,19,748,-0.006684492
2017-01-03,13,13,748,0
2017-01-04,10,17,748,-0.009358289
2017-01-05,10,6,748,0.005347594
2017-01-06,12,7,748,0.006684492
2017-01-09,16,17,748,-0.001336898
2017-01-10,13,30,748,-0.022727273
2017-01-11,18,21,748,-0.004010695
2017-01-12,18,12,748,0.00802139
2017-01-13,14,8,748,0.00802139
2017-01-16,11,10,748,0.001336898
2017-01-17,11,12,748,-0.001336898
2017-01-18,6,17,748,-0.014705882
2017-01-19,9,15,748,-0.00802139
2017-01-20,10,15,748,-0.006684492
2017-01-23,6,27,748,-0.028074866
2017-01-24,3,28,748,-0.03342246
2017-01-25,12,42,748,-0.040106952
2017-01-26,13,23,748,-0.013368984
2017-01-31,9,25,748,-0.021390374
2017-02-01,17,11,748,0.00802139
2017-02-02,9,21,748,-0.016042781
2017-02-03,10,36,748,-0.034759358
2017-02-06,14,29,748,-0.020053476
2017-02-07,9,24,748,-0.020053476
2017-02-08,8,30,748,-0.029411765
2017-02-09,14,17,748,-0.004010695
2017-02-10,13,21,748,-0.010695187
2017-02-13,17,10,748,0.009358289
2017-02-14,11,7,748,0.005347594
2017-02-15,11,3,748,0.010695187
2017-02-16,8,6,748,0.002673797
2017-02-17,19,8,748,0.014705882
2017-02-20,13,7,748,0.00802139
2017-02-21,11,7,748,0.005347594
2017-02-22,15,6,748,0.012032086
2017-02-23,11,15,748,-0.005347594
2017-02-24,3,11,748,-0.010695187
2017-02-27,7,13,748,-0.00802139
2017-02-28,16,11,748,0.006684492
2017-03-02,19,21,748,-0.002673797
2017-03-03,12,40,748,-0.037433155
2017-03-06,17,42,748,-0.03342246
2017-03-07,19,23,748,-0.005347594
2017-03-08,21,25,748,-0.005347594
2017-03-09,14,25,748,-0.014705882
2017-03-10,23,20,748,0.004010695
2017-03-13,30,16,748,0.018716578
2017-03-14,22,27,748,-0.006684492
2017-03-15,19,31,748,-0.016042781
2017-03-16,31,20,748,0.014705882
2017-03-17,24,21,748,0.004010695
2017-03-20,21,36,748,-0.020053476
2017-03-21,19,24,748,-0.006684492
2017-03-22,13,31,748,-0.024064171
2017-03-23,15,31,748,-0.021390374
2017-03-24,11,21,748,-0.013368984
2017-03-27,10,27,748,-0.022727273
2017-03-28,10,8,748,0.002673797
2017-03-29,12,12,748,0
2017-03-30,11,19,748,-0.010695187
2017-03-31,14,6,748,0.010695187
2017-04-03,12,6,748,0.00802139
2017-04-04,7,9,748,-0.002673797
2017-04-05,11,10,748,0.001336898
2017-04-06,8,7,748,0.001336898
2017-04-07,15,13,748,0.002673797
2017-04-10,15,31,748,-0.021390374
2017-04-11,10,26,748,-0.021390374
2017-04-12,15,28,748,-0.017379679
2017-04-13,16,16,748,0
2017-04-14,10,31,748,-0.028074866
2017-04-17,8,6,748,0.002673797
2017-04-18,10,8,748,0.002673797
2017-04-19,15,11,748,0.005347594
2017-04-20,14,5,748,0.012032086
2017-04-21,18,2,748,0.021390374
2017-04-24,17,17,748,0
2017-04-25,29,9,748,0.026737968
2017-04-26,35,5,748,0.040106952
2017-04-27,32,5,748,0.036096257
2017-04-28,19,9,748,0.013368984
2017-05-02,33,19,748,0.018716578
2017-05-04,37,10,748,0.036096257
2017-05-08,51,6,748,0.060160428
2017-05-10,27,8,748,0.02540107
2017-05-11,49,8,748,0.054812834
2017-05-12,38,5,748,0.044117647
2017-05-15,32,11,748,0.028074866
2017-05-16,42,27,748,0.020053476
2017-05-17,33,24,748,0.012032086
2017-05-18,22,27,748,-0.006684492
2017-05-19,39,7,748,0.042780749
2017-05-22,50,6,748,0.058823529
2017-05-23,50,4,748,0.061497326
2017-05-24,53,3,748,0.06684492
2017-05-25,69,6,748,0.084224599
2017-05-26,70,5,748,0.086898396
2017-05-29,53,8,748,0.060160428
2017-05-30,40,2,748,0.050802139
2017-05-31,55,0,748,0.073529412
2017-06-01,45,0,748,0.060160428
2017-06-02,65,0,748,0.086898396
2017-06-05,40,4,748,0.048128342
2017-06-07,48,6,748,0.056149733
2017-06-08,45,8,748,0.049465241
2017-06-09,72,5,748,0.089572193
2017-06-12,36,9,748,0.036096257
2017-06-13,75,2,748,0.097593583
2017-06-14,55,4,748,0.068181818
2017-06-15,34,6,748,0.037433155
2017-06-16,37,4,748,0.044117647
2017-06-19,38,5,748,0.044117647
2017-06-20,24,11,748,0.017379679
2017-06-21,21,12,748,0.012032086
2017-06-22,28,15,748,0.017379679
2017-06-23,24,4,748,0.026737968
2017-06-26,30,16,748,0.018716578
2017-06-27,32,14,748,0.024064171
2017-06-28,29,18,748,0.014705882
2017-06-29,40,12,748,0.037433155
2017-06-30,36,12,748,0.032085561
2017-07-03,29,17,748,0.016042781
2017-07-04,14,21,748,-0.009358289
2017-07-05,15,10,748,0.006684492
2017-07-06,14,9,748,0.006684492
2017-07-07,12,13,748,-0.001336898
2017-07-10,18,27,748,-0.012032086
2017-07-11,31,27,748,0.005347594
2017-07-12,25,28,748,-0.004010695
2017-07-13,30,30,748,0
2017-07-14,23,39,748,-0.021390374
2017-07-17,35,24,748,0.014705882
2017-07-18,25,23,748,0.002673797
2017-07-19,25,8,748,0.022727273
2017-07-20,38,7,748,0.04144385
2017-07-21,42,6,748,0.048128342
2017-07-24,41,16,748,0.03342246
2017-07-25,25,19,748,0.00802139
2017-07-26,32,21,748,0.014705882
2017-07-27,31,22,748,0.012032086
2017-07-28,11,31,748,-0.026737968
2017-07-31,28,56,748,-0.037433155
2017-08-01,46,17,748,0.038770053
2017-08-02,37,11,748,0.034759358
2017-08-03,11,51,748,-0.053475936
2017-08-04,24,33,748,-0.012032086
2017-08-07,17,19,748,-0.002673797
2017-08-08,15,12,748,0.004010695
2017-08-09,13,37,748,-0.032085561
2017-08-10,12,52,748,-0.053475936
2017-08-11,7,90,748,-0.110962567
2017-08-14,7,69,748,-0.082887701
2017-08-16,8,43,748,-0.046791444
2017-08-17,15,27,748,-0.016042781
2017-08-18,17,24,748,-0.009358289
2017-08-21,17,30,748,-0.017379679
2017-08-22,16,28,748,-0.016042781
2017-08-23,21,30,748,-0.012032086
2017-08-24,21,30,748,-0.012032086
2017-08-25,22,19,748,0.004010695
2017-08-28,21,14,748,0.009358289
2017-08-29,27,17,748,0.013368984
2017-08-30,30,14,748,0.021390374
2017-08-31,28,17,748,0.014705882
2017-09-01,23,18,748,0.006684492
2017-09-04,12,42,748,-0.040106952
2017-09-05,10,51,748,-0.054812834
2017-09-06,10,51,748,-0.054812834
2017-09-07,14,23,748,-0.012032086
2017-09-08,10,64,748,-0.072192513
2017-09-11,22,65,748,-0.057486631
2017-09-12,23,40,748,-0.022727273
2017-09-13,29,70,748,-0.054812834
2017-09-14,23,67,748,-0.058823529
2017-09-15,25,64,748,-0.052139037
2017-09-18,21,55,748,-0.045454545
2017-09-19,11,40,748,-0.038770053
2017-09-20,10,67,748,-0.076203209
2017-09-21,6,103,748,-0.129679144
2017-09-22,5,144,748,-0.185828877
2017-09-25,4,207,748,-0.271390374
2017-09-26,2,69,748,-0.089572193
2017-09-27,4,31,748,-0.036096257
2017-09-28,8,28,748,-0.026737968
2017-09-29,9,11,748,-0.002673797
2017-10-10,16,24,748,-0.010695187
2017-10-11,14,14,748,0
2017-10-12,16,18,748,-0.002673797
2017-10-13,14,28,748,-0.018716578
2017-10-16,19,34,748,-0.020053476
2017-10-17,11,28,748,-0.022727273
2017-10-18,12,47,748,-0.046791444
2017-10-19,12,27,748,-0.020053476
2017-10-20,11,22,748,-0.014705882
2017-10-23,8,26,748,-0.024064171
2017-10-24,11,20,748,-0.012032086
2017-10-25,12,15,748,-0.004010695
2017-10-26,14,15,748,-0.001336898
2017-10-27,14,6,748,0.010695187
2017-10-30,10,5,748,0.006684492
2017-10-31,14,9,748,0.006684492
2017-11-01,18,9,748,0.012032086
2017-11-02,13,10,748,0.004010695
2017-11-03,10,6,748,0.005347594
2017-11-06,14,10,748,0.005347594
2017-11-07,9,8,748,0.001336898
2017-11-08,16,8,748,0.010695187
2017-11-09,24,8,748,0.021390374
2017-11-10,17,8,748,0.012032086
2017-11-13,20,12,748,0.010695187
2017-11-14,24,14,748,0.013368984
2017-11-15,19,29,748,-0.013368984
2017-11-16,21,13,748,0.010695187
2017-11-17,19,21,748,-0.002673797
2017-11-20,40,18,748,0.029411765
2017-11-21,34,28,748,0.00802139
2017-11-22,17,31,748,-0.018716578
2017-11-23,27,18,748,0.012032086
2017-11-24,27,14,748,0.017379679
2017-11-27,26,15,748,0.014705882
2017-11-28,16,16,748,0
2017-11-29,17,23,748,-0.00802139
2017-11-30,13,19,748,-0.00802139
2017-12-01,11,21,748,-0.013368984
2017-12-04,19,16,748,0.004010695
2017-12-05,16,12,748,0.005347594
2017-12-06,8,7,748,0.001336898
2017-12-07,4,18,748,-0.018716578
2017-12-08,4,39,748,-0.046791444
2017-12-11,5,29,748,-0.032085561
2017-12-12,7,34,748,-0.036096257
2017-12-13,10,18,748,-0.010695187
2017-12-14,17,23,748,-0.00802139
2017-12-15,22,17,748,0.006684492
2017-12-18,11,22,748,-0.014705882
2017-12-19,8,56,748,-0.064171123
2017-12-20,14,48,748,-0.045454545
2017-12-21,5,86,748,-0.10828877
2017-12-22,10,35,748,-0.03342246
2017-12-26,9,30,748,-0.028074866
2017-12-27,20,33,748,-0.017379679
2017-12-28,23,22,748,0.001336898
2018-01-02,30,21,748,0.012032086
2018-01-03,19,19,748,0
2018-01-04,8,38,748,-0.040106952
2018-01-05,23,23,748,0
2018-01-08,22,36,748,-0.018716578
2018-01-09,17,37,748,-0.026737968
2018-01-10,20,27,748,-0.009358289
2018-01-11,22,24,748,-0.002673797
2018-01-12,30,27,748,0.004010695
2018-01-15,28,40,748,-0.016042781
2018-01-16,16,43,748,-0.036096257
2018-01-17,16,44,748,-0.037433155
2018-01-18,15,23,748,-0.010695187
2018-01-19,23,12,748,0.014705882
2018-01-22,18,9,748,0.012032086
2018-01-23,36,4,748,0.042780749
2018-01-24,29,4,748,0.03342246
2018-01-25,45,4,748,0.054812834
2018-01-26,57,3,748,0.072192513
2018-01-29,56,1,748,0.073529412
2018-01-30,28,1,748,0.036096257
2018-01-31,24,1,748,0.030748663
2018-02-01,27,4,748,0.030748663
2018-02-02,20,4,748,0.021390374
2018-02-05,10,10,748,0
2018-02-06,6,19,748,-0.017379679
2018-02-07,7,28,748,-0.028074866
2018-02-08,5,19,748,-0.018716578
2018-02-09,7,39,748,-0.042780749
2018-02-12,8,40,748,-0.042780749
2018-02-13,4,40,748,-0.048128342
2018-02-14,6,34,748,-0.037433155
2018-02-19,12,13,748,-0.001336898
2018-02-20,11,14,748,-0.004010695
2018-02-21,13,7,748,0.00802139
2018-02-22,8,13,748,-0.006684492
2018-02-23,16,16,748,0
2018-02-26,15,15,748,0
2018-02-27,10,24,748,-0.018716578
2018-02-28,12,31,748,-0.02540107
2018-03-02,14,52,748,-0.050802139
2018-03-05,8,76,748,-0.090909091
2018-03-06,9,44,748,-0.046791444
2018-03-07,14,67,748,-0.070855615
2018-03-08,15,38,748,-0.030748663
2018-03-09,13,10,748,0.004010695
2018-03-12,18,7,748,0.014705882
2018-03-13,15,13,748,0.002673797
2018-03-14,14,17,748,-0.004010695
2018-03-15,15,15,748,0
2018-03-16,15,17,748,-0.002673797
2018-03-19,22,25,748,-0.004010695
2018-03-20,20,30,748,-0.013368984
2018-03-21,21,26,748,-0.006684492
2018-03-22,11,34,748,-0.030748663
2018-03-23,6,112,748,-0.14171123
2018-03-26,9,66,748,-0.076203209
2018-03-27,12,16,748,-0.005347594
2018-03-28,14,45,748,-0.04144385
2018-03-29,15,41,748,-0.034759358
2018-03-30,19,17,748,0.002673797
2018-04-02,19,23,748,-0.005347594
2018-04-03,20,34,748,-0.018716578
2018-04-04,12,54,748,-0.056149733
2018-04-05,8,27,748,-0.02540107
2018-04-06,15,40,748,-0.03342246
2018-04-09,21,55,748,-0.045454545
2018-04-10,24,59,748,-0.046791444
2018-04-11,22,44,748,-0.029411765
2018-04-12,14,22,748,-0.010695187
2018-04-13,18,32,748,-0.018716578
2018-04-16,26,33,748,-0.009358289
2018-04-17,23,26,748,-0.004010695
2018-04-18,31,10,748,0.028074866
2018-04-19,40,12,748,0.037433155
2018-04-20,27,7,748,0.026737968
2018-04-23,33,7,748,0.034759358
2018-04-24,27,8,748,0.02540107
2018-04-25,22,8,748,0.018716578
2018-04-26,18,10,748,0.010695187
2018-04-27,15,10,748,0.006684492
2018-04-30,53,9,748,0.058823529
2018-05-02,74,8,748,0.088235294
2018-05-03,21,11,748,0.013368984
2018-05-04,41,12,748,0.038770053
2018-05-08,23,18,748,0.006684492
2018-05-09,20,18,748,0.002673797
2018-05-10,34,17,748,0.022727273
2018-05-11,45,9,748,0.048128342
2018-05-14,79,8,748,0.094919786
2018-05-15,57,15,748,0.056149733
2018-05-16,14,25,748,-0.014705882
2018-05-17,27,21,748,0.00802139
2018-05-18,38,14,748,0.032085561
2018-05-21,40,14,748,0.034759358
2018-05-23,27,27,748,0
2018-05-24,17,24,748,-0.009358289
2018-05-25,10,53,748,-0.057486631
2018-05-28,31,24,748,0.009358289
2018-05-29,14,32,748,-0.024064171
2018-05-30,21,52,748,-0.04144385
2018-05-31,23,32,748,-0.012032086
2018-06-01,17,14,748,0.004010695
2018-06-04,20,14,748,0.00802139
2018-06-05,14,14,748,0
2018-06-07,26,6,748,0.026737968
2018-06-08,11,6,748,0.006684492
2018-06-11,17,4,748,0.017379679
2018-06-12,18,5,748,0.017379679
2018-06-14,20,17,748,0.004010695
2018-06-15,18,21,748,-0.004010695
2018-06-18,12,67,748,-0.073529412
2018-06-19,6,104,748,-0.131016043
2018-06-20,15,56,748,-0.054812834
2018-06-21,17,97,748,-0.106951872
2018-06-22,10,74,748,-0.085561497
2018-06-25,8,31,748,-0.030748663
2018-06-26,5,49,748,-0.058823529
2018-06-27,5,75,748,-0.093582888
2018-06-28,3,95,748,-0.122994652
2018-06-29,4,77,748,-0.097593583
2018-07-02,7,191,748,-0.245989305
2018-07-03,6,138,748,-0.176470588
2018-07-04,3,97,748,-0.125668449
2018-07-05,3,119,748,-0.155080214
2018-07-06,3,33,748,-0.040106952
2018-07-09,11,59,748,-0.064171123
2018-07-10,8,17,748,-0.012032086
2018-07-11,5,40,748,-0.046791444
2018-07-12,8,18,748,-0.013368984
2018-07-13,6,14,748,-0.010695187
2018-07-16,6,13,748,-0.009358289
2018-07-17,5,17,748,-0.016042781
2018-07-18,3,46,748,-0.057486631
2018-07-19,3,79,748,-0.101604278
2018-07-20,1,55,748,-0.072192513
2018-07-23,1,112,748,-0.148395722
2018-07-24,0,48,748,-0.064171123
2018-07-25,0,82,748,-0.109625668
2018-07-26,6,33,748,-0.036096257
2018-07-27,4,21,748,-0.022727273
2018-07-30,0,24,748,-0.032085561
2018-07-31,3,14,748,-0.014705882
2018-08-01,4,7,748,-0.004010695
2018-08-02,3,15,748,-0.016042781
2018-08-03,2,4,748,-0.002673797
2018-08-06,2,2,748,0
2018-08-07,4,6,748,-0.002673797
2018-08-08,3,7,748,-0.005347594
2018-08-09,4,15,748,-0.014705882
2018-08-10,4,13,748,-0.012032086
2018-08-13,2,46,748,-0.058823529
2018-08-14,4,27,748,-0.030748663
2018-08-16,6,66,748,-0.080213904
2018-08-17,6,36,748,-0.040106952
2018-08-20,4,29,748,-0.03342246
2018-08-21,3,12,748,-0.012032086
2018-08-22,7,28,748,-0.028074866
2018-08-23,6,40,748,-0.045454545
2018-08-24,7,31,748,-0.032085561
2018-08-27,5,38,748,-0.044117647
2018-08-28,6,14,748,-0.010695187
2018-08-29,5,15,748,-0.013368984
2018-08-30,1,17,748,-0.021390374
2018-08-31,5,14,748,-0.012032086
2018-09-03,7,24,748,-0.022727273
2018-09-04,15,28,748,-0.017379679
2018-09-05,12,22,748,-0.013368984
2018-09-06,8,26,748,-0.024064171
2018-09-07,6,21,748,-0.020053476
2018-09-10,7,32,748,-0.03342246
2018-09-11,9,34,748,-0.03342246
2018-09-12,17,26,748,-0.012032086
2018-09-13,14,16,748,-0.002673797
2018-09-14,10,8,748,0.002673797
2018-09-17,9,21,748,-0.016042781
2018-09-18,7,24,748,-0.022727273
2018-09-19,7,46,748,-0.052139037
2018-09-20,3,50,748,-0.062834225
2018-09-21,4,21,748,-0.022727273
2018-09-27,12,12,748,0
2018-09-28,12,13,748,-0.001336898
2018-10-01,12,28,748,-0.021390374
2018-10-02,8,43,748,-0.046791444
2018-10-04,5,80,748,-0.10026738
2018-10-05,1,86,748,-0.113636364
2018-10-08,1,90,748,-0.118983957
2018-10-10,2,175,748,-0.231283422
2018-10-11,1,316,748,-0.421122995
2018-10-12,1,95,748,-0.125668449
2018-10-15,1,119,748,-0.157754011
2018-10-16,2,55,748,-0.070855615
2018-10-17,1,22,748,-0.028074866
2018-10-18,1,58,748,-0.076203209
2018-10-19,2,63,748,-0.081550802
2018-10-22,7,55,748,-0.064171123
2018-10-23,2,181,748,-0.239304813
2018-10-24,2,165,748,-0.217914439
2018-10-25,2,269,748,-0.356951872
2018-10-26,4,307,748,-0.405080214
2018-10-29,0,430,748,-0.57486631
2018-10-30,0,170,748,-0.227272727
2018-10-31,3,65,748,-0.082887701
2018-11-01,2,39,748,-0.049465241
2018-11-02,2,8,748,-0.00802139
2018-11-05,4,33,748,-0.038770053
2018-11-06,6,14,748,-0.010695187
2018-11-07,5,40,748,-0.046791444
2018-11-08,4,8,748,-0.005347594
2018-11-09,4,14,748,-0.013368984
2018-11-12,7,30,748,-0.030748663
2018-11-13,4,43,748,-0.052139037
2018-11-14,5,35,748,-0.040106952
2018-11-15,3,24,748,-0.028074866
2018-11-16,3,9,748,-0.00802139
2018-11-19,2,8,748,-0.00802139
2018-11-20,1,15,748,-0.018716578
2018-11-21,2,20,748,-0.024064171
2018-11-22,4,24,748,-0.026737968
2018-11-23,2,40,748,-0.050802139
2018-11-26,6,19,748,-0.017379679
2018-11-27,2,13,748,-0.014705882
2018-11-28,7,13,748,-0.00802139
2018-11-29,4,14,748,-0.013368984
2018-11-30,7,16,748,-0.012032086
2018-12-03,10,3,748,0.009358289
2018-12-04,7,9,748,-0.002673797
2018-12-05,13,16,748,-0.004010695
2018-12-06,6,29,748,-0.030748663
2018-12-07,5,18,748,-0.017379679
2018-12-10,5,50,748,-0.060160428
2018-12-11,3,51,748,-0.064171123
2018-12-12,6,14,748,-0.010695187
2018-12-13,11,10,748,0.001336898
2018-12-14,10,17,748,-0.009358289
2018-12-17,9,20,748,-0.014705882
2018-12-18,3,35,748,-0.042780749
2018-12-19,1,14,748,-0.017379679
2018-12-20,3,26,748,-0.030748663
2018-12-21,2,20,748,-0.024064171
2018-12-24,1,34,748,-0.044117647
2018-12-26,1,63,748,-0.082887701
2018-12-27,1,33,748,-0.042780749
2018-12-28,4,20,748,-0.021390374
2019-01-02,4,58,748,-0.072192513
2019-01-03,1,75,748,-0.098930481
2019-01-04,1,67,748,-0.088235294
2019-01-07,2,25,748,-0.030748663
2019-01-08,2,26,748,-0.032085561
2019-01-09,1,11,748,-0.013368984
2019-01-10,1,22,748,-0.028074866
2019-01-11,3,13,748,-0.013368984
2019-01-14,7,20,748,-0.017379679
2019-01-15,9,10,748,-0.001336898
2019-01-16,9,11,748,-0.002673797
2019-01-17,4,10,748,-0.00802139
2019-01-18,9,4,748,0.006684492
2019-01-21,13,5,748,0.010695187
2019-01-22,8,5,748,0.004010695
2019-01-23,7,5,748,0.002673797
2019-01-24,9,4,748,0.006684492
2019-01-25,11,2,748,0.012032086
2019-01-28,9,3,748,0.00802139
2019-01-29,5,4,748,0.001336898
2019-01-30,7,6,748,0.001336898
2019-01-31,3,2,748,0.001336898
2019-02-01,1,6,748,-0.006684492
2019-02-07,7,4,748,0.004010695
2019-02-08,7,3,748,0.005347594
2019-02-11,6,4,748,0.002673797
2019-02-12,7,5,748,0.002673797
2019-02-13,8,3,748,0.006684492
2019-02-14,12,4,748,0.010695187
2019-02-15,2,4,748,-0.002673797
2019-02-18,5,4,748,0.001336898
2019-02-19,6,1,748,0.006684492
2019-02-20,5,2,748,0.004010695
2019-02-21,8,3,748,0.006684492
2019-02-22,7,4,748,0.004010695
2019-02-25,8,4,748,0.005347594
2019-02-26,3,4,748,-0.001336898
2019-02-27,8,2,748,0.00802139
2019-02-28,4,8,748,-0.005347594
2019-03-04,7,4,748,0.004010695
2019-03-05,3,5,748,-0.002673797
2019-03-06,4,6,748,-0.002673797
2019-03-07,2,9,748,-0.009358289
2019-03-08,1,12,748,-0.014705882
2019-03-11,4,17,748,-0.017379679
2019-03-12,8,5,748,0.004010695
2019-03-13,8,7,748,0.001336898
2019-03-14,8,4,748,0.005347594
2019-03-15,12,9,748,0.004010695
2019-03-18,16,5,748,0.014705882
2019-03-19,9,5,748,0.005347594
2019-03-20,16,10,748,0.00802139
2019-03-21,5,12,748,-0.009358289
2019-03-22,9,13,748,-0.005347594
2019-03-25,5,24,748,-0.02540107
2019-03-26,9,13,748,-0.005347594
2019-03-27,11,14,748,-0.004010695
2019-03-28,5,32,748,-0.036096257
2019-03-29,4,17,748,-0.017379679
2019-04-01,7,9,748,-0.002673797
2019-04-02,3,8,748,-0.006684492
2019-04-03,3,5,748,-0.002673797
2019-04-04,9,5,748,0.005347594
2019-04-05,7,4,748,0.004010695
2019-04-08,12,3,748,0.012032086
2019-04-09,9,7,748,0.002673797
2019-04-10,16,4,748,0.016042781
2019-04-11,20,5,748,0.020053476
2019-04-12,22,2,748,0.026737968
2019-04-15,15,3,748,0.016042781
2019-04-16,19,4,748,0.020053476
2019-04-17,18,5,748,0.017379679
2019-04-18,8,9,748,-0.001336898
2019-04-19,9,5,748,0.005347594
2019-04-22,17,6,748,0.014705882
2019-04-23,15,6,748,0.012032086
2019-04-24,12,8,748,0.005347594
2019-04-25,8,13,748,-0.006684492
2019-04-26,6,11,748,-0.006684492
2019-04-29,8,7,748,0.001336898
2019-04-30,7,7,748,0
2019-05-02,8,6,748,0.002673797
2019-05-03,11,8,748,0.004010695
2019-05-07,11,23,748,-0.016042781
2019-05-08,15,21,748,-0.00802139
2019-05-09,5,44,748,-0.052139037
2019-05-10,7,36,748,-0.038770053
2019-05-13,6,60,748,-0.072192513
2019-05-14,7,34,748,-0.036096257
2019-05-15,7,12,748,-0.006684492
2019-05-16,8,22,748,-0.018716578
2019-05-17,9,31,748,-0.029411765
2019-05-20,8,49,748,-0.054812834
2019-05-21,6,37,748,-0.04144385
2019-05-22,6,29,748,-0.030748663
2019-05-23,9,56,748,-0.062834225
2019-05-24,5,55,748,-0.06684492
2019-05-27,4,47,748,-0.057486631
2019-05-28,5,25,748,-0.026737968
2019-05-29,4,64,748,-0.080213904
2019-05-30,3,42,748,-0.052139037
2019-05-31,3,21,748,-0.024064171
2019-06-03,6,29,748,-0.030748663
2019-06-04,6,16,748,-0.013368984
2019-06-05,9,11,748,-0.002673797
2019-06-07,13,10,748,0.004010695
2019-06-10,21,6,748,0.020053476
2019-06-11,17,3,748,0.018716578
2019-06-12,16,3,748,0.017379679
2019-06-13,23,6,748,0.022727273
2019-06-14,18,10,748,0.010695187
2019-06-17,13,9,748,0.005347594
2019-06-18,10,9,748,0.001336898
2019-06-19,15,3,748,0.016042781
2019-06-20,11,4,748,0.009358289
2019-06-21,13,4,748,0.012032086
2019-06-24,20,6,748,0.018716578
2019-06-25,9,10,748,-0.001336898
2019-06-26,10,15,748,-0.006684492
2019-06-27,13,15,748,-0.002673797
2019-06-28,9,18,748,-0.012032086
2019-07-01,9,4,748,0.006684492
2019-07-02,13,11,748,0.002673797
2019-07-03,6,22,748,-0.021390374
2019-07-04,9,29,748,-0.026737968
2019-07-05,8,7,748,0.001336898
2019-07-08,9,49,748,-0.053475936
2019-07-09,2,80,748,-0.104278075
2019-07-10,3,43,748,-0.053475936
2019-07-11,3,15,748,-0.016042781
2019-07-12,4,12,748,-0.010695187
2019-07-15,3,29,748,-0.034759358
2019-07-16,6,26,748,-0.026737968
2019-07-17,1,49,748,-0.064171123
2019-07-18,1,52,748,-0.068181818
2019-07-19,3,10,748,-0.009358289
2019-07-22,2,18,748,-0.021390374
2019-07-23,5,24,748,-0.02540107
2019-07-24,2,48,748,-0.061497326
2019-07-25,2,79,748,-0.102941176
2019-07-26,8,103,748,-0.127005348
2019-07-29,6,194,748,-0.251336898
2019-07-30,9,58,748,-0.065508021
2019-07-31,4,58,748,-0.072192513
2019-08-01,2,81,748,-0.105614973
2019-08-02,2,120,748,-0.157754011
2019-08-05,9,290,748,-0.375668449
2019-08-06,7,295,748,-0.385026738
2019-08-07,5,131,748,-0.168449198
2019-08-08,4,27,748,-0.030748663
2019-08-09,2,28,748,-0.034759358
2019-08-12,1,47,748,-0.061497326
2019-08-13,2,55,748,-0.070855615
2019-08-14,5,46,748,-0.054812834
2019-08-16,4,76,748,-0.096256684
2019-08-19,6,15,748,-0.012032086
2019-08-20,3,6,748,-0.004010695
2019-08-21,3,5,748,-0.002673797
2019-08-22,1,10,748,-0.012032086
2019-08-23,1,24,748,-0.030748663
2019-08-26,0,79,748,-0.105614973
2019-08-27,2,61,748,-0.078877005
2019-08-28,5,24,748,-0.02540107
2019-08-29,0,21,748,-0.028074866
2019-08-30,2,5,748,-0.004010695
2019-09-02,8,5,748,0.004010695
2019-09-03,6,11,748,-0.006684492
2019-09-04,8,9,748,-0.001336898
2019-09-05,8,8,748,0
2019-09-06,8,10,748,-0.002673797
2019-09-09,11,12,748,-0.001336898
2019-09-10,7,8,748,-0.001336898
2019-09-11,10,6,748,0.005347594
2019-09-16,12,2,748,0.013368984
2019-09-17,8,2,748,0.00802139
2019-09-18,11,1,748,0.013368984
2019-09-19,12,2,748,0.013368984
2019-09-20,12,3,748,0.012032086
2019-09-23,12,3,748,0.012032086
2019-09-24,11,4,748,0.009358289
2019-09-25,5,8,748,-0.004010695
2019-09-26,3,14,748,-0.014705882
2019-09-27,1,16,748,-0.020053476
2019-09-30,4,26,748,-0.029411765
2019-10-01,6,11,748,-0.006684492
2019-10-02,5,27,748,-0.029411765
2019-10-04,4,38,748,-0.045454545
2019-10-07,2,36,748,-0.045454545
2019-10-08,2,17,748,-0.020053476
2019-10-10,3,27,748,-0.032085561
2019-10-11,3,24,748,-0.028074866
2019-10-14,5,7,748,-0.002673797
2019-10-15,4,9,748,-0.006684492
2019-10-16,8,3,748,0.006684492
2019-10-17,2,8,748,-0.00802139
2019-10-18,3,9,748,-0.00802139
2019-10-21,5,13,748,-0.010695187
2019-10-22,10,12,748,-0.002673797
2019-10-23,5,22,748,-0.022727273
2019-10-24,8,25,748,-0.022727273
2019-10-25,8,22,748,-0.018716578
2019-10-28,9,17,748,-0.010695187
2019-10-29,4,25,748,-0.028074866
2019-10-30,6,29,748,-0.030748663
2019-10-31,11,22,748,-0.014705882
2019-11-01,13,21,748,-0.010695187
2019-11-04,14,7,748,0.009358289
2019-11-05,11,5,748,0.00802139
2019-11-06,10,5,748,0.006684492
2019-11-07,6,4,748,0.002673797
2019-11-08,9,6,748,0.004010695
2019-11-11,13,8,748,0.006684492
2019-11-12,13,6,748,0.009358289
2019-11-13,8,7,748,0.001336898
2019-11-14,6,6,748,0
2019-11-15,14,5,748,0.012032086
2019-11-18,15,10,748,0.006684492
2019-11-19,17,13,748,0.005347594
2019-11-20,10,28,748,-0.024064171
2019-11-21,3,54,748,-0.068181818
2019-11-22,4,37,748,-0.044117647
2019-11-25,4,10,748,-0.00802139
2019-11-26,8,10,748,-0.002673797
2019-11-27,9,10,748,-0.001336898
2019-11-28,11,19,748,-0.010695187
2019-11-29,7,30,748,-0.030748663
2019-12-02,7,34,748,-0.036096257
2019-12-03,10,37,748,-0.036096257
2019-12-04,5,61,748,-0.07486631
2019-12-05,5,69,748,-0.085561497
2019-12-06,6,32,748,-0.034759358
2019-12-09,5,37,748,-0.042780749
2019-12-10,8,33,748,-0.03342246
2019-12-11,7,26,748,-0.02540107
2019-12-12,14,14,748,0
2019-12-13,19,10,748,0.012032086
2019-12-16,14,5,748,0.012032086
2019-12-17,22,4,748,0.024064171
2019-12-18,15,6,748,0.012032086
2019-12-19,9,8,748,0.001336898
2019-12-20,11,7,748,0.005347594
2019-12-23,10,7,748,0.004010695
2019-12-24,13,17,748,-0.005347594
2019-12-26,16,2,748,0.018716578
2019-12-27,14,9,748,0.006684492
2019-12-30,11,12,748,-0.001336898
2020-01-02,11,13,748,-0.002673797
2020-01-03,11,14,748,-0.004010695
2020-01-06,6,47,748,-0.054812834
2020-01-07,11,33,748,-0.029411765
2020-01-08,9,124,748,-0.153743316
2020-01-09,17,30,748,-0.017379679
2020-01-10,20,32,748,-0.016042781
2020-01-13,23,20,748,0.004010695
2020-01-14,19,14,748,0.006684492
2020-01-15,17,11,748,0.00802139
2020-01-16,18,22,748,-0.005347594
2020-01-17,16,17,748,-0.001336898
2020-01-20,11,26,748,-0.020053476
2020-01-21,10,32,748,-0.029411765
2020-01-22,20,24,748,-0.005347594
2020-01-23,11,35,748,-0.032085561
2020-01-28,10,128,748,-0.157754011
2020-01-29,9,70,748,-0.081550802
2020-01-30,4,145,748,-0.188502674
2020-01-31,4,172,748,-0.22459893
2020-02-03,1,188,748,-0.25
2020-02-04,9,61,748,-0.069518717
2020-02-05,8,49,748,-0.054812834
2020-02-06,11,4,748,0.009358289
2020-02-07,13,9,748,0.005347594
2020-02-10,13,21,748,-0.010695187
2020-02-11,17,9,748,0.010695187
2020-02-12,14,12,748,0.002673797
2020-02-13,11,26,748,-0.020053476
2020-02-14,12,38,748,-0.034759358
2020-02-17,12,41,748,-0.038770053
2020-02-18,4,57,748,-0.070855615
2020-02-19,9,76,748,-0.089572193
2020-02-20,6,102,748,-0.128342246
2020-02-21,4,168,748,-0.219251337
2020-02-24,5,273,748,-0.35828877
2020-02-25,5,61,748,-0.07486631
2020-02-26,6,109,748,-0.137700535
2020-02-27,2,159,748,-0.209893048
2020-02-28,0,336,748,-0.449197861
2020-03-02,1,164,748,-0.217914439
2020-03-03,0,86,748,-0.114973262
2020-03-04,4,37,748,-0.044117647
2020-03-05,2,13,748,-0.014705882
2020-03-06,4,73,748,-0.092245989
2020-03-09,1,258,748,-0.343582888
2020-03-10,1,226,748,-0.300802139
2020-03-11,0,334,748,-0.446524064
2020-03-12,0,477,748,-0.637700535
2020-03-13,0,568,748,-0.759358289
2020-03-16,3,511,748,-0.679144385
2020-03-17,0,456,748,-0.609625668
2020-03-18,1,532,748,-0.709893048
2020-03-19,0,655,748,-0.875668449
2020-03-20,1,59,748,-0.077540107
2020-03-23,0,374,748,-0.5
2020-03-24,1,24,748,-0.030748663
2020-03-25,1,11,748,-0.013368984
2020-03-26,5,6,748,-0.001336898
2020-03-27,3,5,748,-0.002673797
2020-03-30,4,5,748,-0.001336898
2020-03-31,4,1,748,0.004010695
2020-04-01,3,3,748,0
2020-04-02,2,2,748,0
2020-04-03,6,2,748,0.005347594
2020-04-06,9,1,748,0.010695187
2020-04-07,5,1,748,0.005347594
2020-04-08,4,1,748,0.004010695
2020-04-09,5,1,748,0.005347594
2020-04-10,6,1,748,0.006684492
2020-04-13,3,1,748,0.002673797
2020-04-14,4,1,748,0.004010695
2020-04-16,2,1,748,0.001336898
2020-04-17,3,2,748,0.001336898
2020-04-20,3,2,748,0.001336898
2020-04-21,4,2,748,0.002673797
2020-04-22,5,3,748,0.002673797
2020-04-23,10,2,748,0.010695187
2020-04-24,6,2,748,0.005347594
2020-04-27,6,2,748,0.005347594
2020-04-28,6,1,748,0.006684492
2020-04-29,7,1,748,0.00802139
2020-05-04,10,1,748,0.012032086
2020-05-06,10,1,748,0.012032086
2020-05-07,11,1,748,0.013368984
2020-05-08,9,1,748,0.010695187
2020-05-11,9,1,748,0.010695187
2020-05-12,8,1,748,0.009358289
2020-05-13,9,1,748,0.010695187
2020-05-14,15,2,748,0.017379679
2020-05-15,12,2,748,0.013368984
2020-05-18,14,2,748,0.016042781
2020-05-19,8,1,748,0.009358289
2020-05-20,11,1,748,0.013368984
2020-05-21,10,1,748,0.012032086
2020-05-22,14,1,748,0.017379679
2020-05-25,17,1,748,0.021390374
2020-05-26,14,1,748,0.017379679
2020-05-27,15,1,748,0.018716578
2020-05-28,8,1,748,0.009358289
2020-05-29,10,1,748,0.012032086
2020-06-01,14,1,748,0.017379679
2020-06-02,18,1,748,0.022727273
2020-06-03,12,1,748,0.014705882
2020-06-04,11,1,748,0.013368984
2020-06-05,16,1,748,0.020053476
2020-06-08,18,1,748,0.022727273
2020-06-09,26,1,748,0.03342246
2020-06-10,40,1,748,0.052139037
2020-06-11,24,1,748,0.030748663
2020-06-12,25,1,748,0.032085561
2020-06-15,11,2,748,0.012032086
2020-06-16,29,1,748,0.037433155
2020-06-17,44,1,748,0.057486631
2020-06-18,54,2,748,0.069518717
2020-06-19,27,1,748,0.034759358
2020-06-22,20,2,748,0.024064171
2020-06-23,21,1,748,0.026737968
2020-06-24,17,2,748,0.020053476
2020-06-25,13,4,748,0.012032086
2020-06-26,8,2,748,0.00802139
2020-06-29,8,3,748,0.006684492
2020-06-30,9,2,748,0.009358289
2020-07-01,12,3,748,0.012032086
2020-07-02,14,2,748,0.016042781
2020-07-03,12,1,748,0.014705882
2020-07-06,22,1,748,0.028074866
2020-07-07,20,2,748,0.024064171
2020-07-08,19,2,748,0.022727273
2020-07-09,31,1,748,0.040106952
2020-07-10,22,3,748,0.02540107
2020-07-13,32,3,748,0.038770053
2020-07-14,20,2,748,0.024064171
2020-07-15,13,1,748,0.016042781
2020-07-16,13,1,748,0.016042781
2020-07-17,16,1,748,0.020053476
2020-07-20,23,2,748,0.028074866
2020-07-21,30,2,748,0.037433155
2020-07-22,37,2,748,0.046791444
2020-07-23,40,2,748,0.050802139
2020-07-24,27,4,748,0.030748663
2020-07-27,29,3,748,0.034759358
2020-07-28,17,3,748,0.018716578
2020-07-29,23,3,748,0.026737968
2020-07-30,17,3,748,0.018716578
2020-07-31,18,4,748,0.018716578
2020-08-03,29,4,748,0.03342246
2020-08-04,41,3,748,0.050802139
2020-08-05,49,2,748,0.062834225
2020-08-06,51,3,748,0.064171123
2020-08-07,49,3,748,0.061497326
2020-08-10,60,4,748,0.07486631
2020-08-11,51,3,748,0.064171123
2020-08-12,36,4,748,0.042780749
2020-08-13,32,3,748,0.038770053
2020-08-14,32,4,748,0.037433155
2020-08-18,13,5,748,0.010695187
2020-08-19,24,3,748,0.028074866
2020-08-20,11,6,748,0.006684492
2020-08-21,10,5,748,0.006684492
2020-08-24,14,5,748,0.012032086
2020-08-25,21,3,748,0.024064171
2020-08-26,18,3,748,0.020053476
2020-08-27,18,6,748,0.016042781
2020-08-28,21,4,748,0.022727273
2020-08-31,23,5,748,0.024064171
2020-09-01,21,3,748,0.024064171
2020-09-02,26,3,748,0.030748663
2020-09-03,31,3,748,0.037433155
2020-09-04,31,3,748,0.037433155
2020-09-07,43,3,748,0.053475936
2020-09-08,12,3,748,0.012032086
2020-09-09,16,3,748,0.017379679
2020-09-10,27,3,748,0.032085561
2020-09-11,29,3,748,0.034759358
2020-09-14,29,3,748,0.034759358
2020-09-15,27,3,748,0.032085561
2020-09-16,20,3,748,0.022727273
2020-09-17,19,3,748,0.021390374
2020-09-18,19,3,748,0.021390374
2020-09-21,20,3,748,0.022727273
2020-09-22,10,4,748,0.00802139
2020-09-23,10,4,748,0.00802139
2020-09-24,9,6,748,0.004010695
2020-09-25,5,4,748,0.001336898
2020-09-28,7,3,748,0.005347594
2020-09-29,6,3,748,0.004010695
2020-10-05,20,3,748,0.022727273
2020-10-06,20,3,748,0.022727273
2020-10-07,17,3,748,0.018716578
2020-10-08,23,3,748,0.026737968
2020-10-12,23,3,748,0.026737968
2020-10-13,21,3,748,0.024064171
2020-10-14,21,3,748,0.024064171
2020-10-15,17,3,748,0.018716578
2020-10-16,9,3,748,0.00802139
2020-10-19,11,3,748,0.010695187
2020-10-20,9,3,748,0.00802139
2020-10-21,21,3,748,0.024064171
2020-10-22,19,4,748,0.020053476
2020-10-23,15,3,748,0.016042781
2020-10-26,12,3,748,0.012032086
2020-10-27,9,4,748,0.006684492
2020-10-28,9,4,748,0.006684492
2020-10-29,8,3,748,0.006684492
2020-10-30,5,5,748,0
2020-11-02,8,3,748,0.006684492
2020-11-03,11,3,748,0.010695187
2020-11-04,14,3,748,0.014705882
2020-11-05,15,3,748,0.016042781
2020-11-06,16,3,748,0.017379679
2020-11-09,30,3,748,0.036096257
2020-11-10,30,3,748,0.036096257
2020-11-11,43,3,748,0.053475936
2020-11-12,38,3,748,0.046791444
2020-11-13,32,3,748,0.038770053
2020-11-16,44,3,748,0.054812834
2020-11-17,31,3,748,0.037433155
2020-11-18,33,3,748,0.040106952
2020-11-19,28,3,748,0.03342246
2020-11-20,25,3,748,0.029411765
2020-11-23,37,3,748,0.045454545
2020-11-24,46,3,748,0.057486631
2020-11-25,28,3,748,0.03342246
2020-11-26,33,3,748,0.040106952
2020-11-27,36,3,748,0.044117647
2020-11-30,32,3,748,0.038770053
2020-12-01,42,3,748,0.052139037
2020-12-02,50,3,748,0.062834225
2020-12-03,48,3,748,0.060160428
2020-12-04,53,3,748,0.06684492
2020-12-07,40,3,748,0.049465241
2020-12-08,17,3,748,0.018716578
2020-12-09,34,3,748,0.04144385
2020-12-10,30,3,748,0.036096257
2020-12-11,49,3,748,0.061497326
2020-12-14,31,4,748,0.036096257
2020-12-15,33,4,748,0.038770053
2020-12-16,45,3,748,0.056149733
2020-12-17,44,3,748,0.054812834
2020-12-18,39,3,748,0.048128342
2020-12-21,52,3,748,0.065508021
2020-12-22,16,4,748,0.016042781
2020-12-23,27,3,748,0.032085561
2020-12-24,36,4,748,0.042780749
2020-12-28,38,4,748,0.045454545
2020-12-29,35,3,748,0.042780749
2020-12-30,50,3,748,0.062834225
2021-01-04,85,3,748,0.109625668
2021-01-05,77,3,748,0.098930481
2021-01-06,54,3,748,0.068181818
2021-01-07,91,3,748,0.117647059
2021-01-08,81,3,748,0.104278075
2021-01-11,53,4,748,0.065508021
2021-01-12,40,3,748,0.049465241
2021-01-13,47,3,748,0.058823529
2021-01-14,52,3,748,0.065508021
2021-01-15,38,3,748,0.046791444
2021-01-18,27,3,748,0.032085561
2021-01-19,54,3,748,0.068181818
2021-01-20,58,3,748,0.073529412
2021-01-21,94,3,748,0.121657754
2021-01-22,64,3,748,0.081550802
2021-01-25,77,3,748,0.098930481
2021-01-26,55,3,748,0.069518717
2021-01-27,39,3,748,0.048128342
2021-01-28,23,3,748,0.026737968
2021-01-29,10,3,748,0.009358289
2021-02-01,17,3,748,0.018716578
2021-02-02,23,3,748,0.026737968
2021-02-03,46,3,748,0.057486631
2021-02-04,39,3,748,0.048128342
2021-02-05,39,3,748,0.048128342
2021-02-08,39,3,748,0.048128342
2021-02-09,19,3,748,0.021390374
2021-02-10,30,3,748,0.036096257
2021-02-15,46,3,748,0.057486631
2021-02-16,47,4,748,0.057486631
2021-02-17,48,4,748,0.058823529
2021-02-18,36,4,748,0.042780749
2021-02-19,32,3,748,0.038770053
2021-02-22,36,3,748,0.044117647
2021-02-23,41,3,748,0.050802139
2021-02-24,14,4,748,0.013368984
2021-02-25,28,4,748,0.032085561
2021-02-26,22,4,748,0.024064171
2021-03-02,16,3,748,0.017379679
2021-03-03,29,3,748,0.034759358
2021-03-04,33,3,748,0.040106952
2021-03-05,32,3,748,0.038770053
2021-03-08,33,3,748,0.040106952
2021-03-09,24,5,748,0.02540107
2021-03-10,20,5,748,0.020053476
2021-03-11,19,3,748,0.021390374
2021-03-12,19,3,748,0.021390374
2021-03-15,26,3,748,0.030748663
2021-03-16,34,3,748,0.04144385
2021-03-17,37,3,748,0.045454545
2021-03-18,39,3,748,0.048128342
2021-03-19,42,3,748,0.052139037
2021-03-22,45,3,748,0.056149733
2021-03-23,35,3,748,0.042780749
2021-03-24,41,4,748,0.049465241
2021-03-25,45,5,748,0.053475936
2021-03-26,57,3,748,0.072192513
2021-03-29,68,8,748,0.080213904
2021-03-30,60,7,748,0.070855615
2021-03-31,74,6,748,0.090909091
2021-04-01,51,7,748,0.058823529
2021-04-02,49,7,748,0.056149733
2021-04-05,78,6,748,0.096256684
2021-04-06,76,9,748,0.089572193
2021-04-07,93,6,748,0.11631016
2021-04-08,92,6,748,0.114973262
2021-04-09,92,6,748,0.114973262
2021-04-12,97,6,748,0.121657754
2021-04-13,66,6,748,0.080213904
2021-04-14,66,6,748,0.080213904
2021-04-15,68,6,748,0.082887701
2021-04-16,71,6,748,0.086898396
2021-04-19,73,6,748,0.089572193
2021-04-20,114,6,748,0.144385027
2021-04-21,74,6,748,0.090909091
2021-04-22,79,6,748,0.097593583
2021-04-23,93,6,748,0.11631016
2021-04-26,117,6,748,0.148395722
2021-04-27,126,6,748,0.160427807
2021-04-28,56,7,748,0.065508021
2021-04-29,76,7,748,0.092245989
2021-04-30,63,7,748,0.07486631
2021-05-03,50,8,748,0.056149733
2021-05-04,46,8,748,0.050802139
2021-05-06,107,7,748,0.13368984
2021-05-07,118,7,748,0.148395722
2021-05-10,151,6,748,0.193850267
2021-05-11,156,8,748,0.197860963
2021-05-12,52,8,748,0.058823529
2021-05-13,45,9,748,0.048128342
2021-05-14,44,7,748,0.049465241
2021-05-17,41,10,748,0.04144385
2021-05-18,55,6,748,0.065508021
2021-05-20,47,7,748,0.053475936
2021-05-21,15,8,748,0.009358289
2021-05-24,26,11,748,0.020053476
2021-05-25,36,6,748,0.040106952
2021-05-26,51,7,748,0.058823529
2021-05-27,51,8,748,0.057486631
2021-05-28,46,5,748,0.054812834
2021-05-31,76,6,748,0.093582888
2021-06-01,63,5,748,0.077540107
2021-06-02,81,5,748,0.101604278
2021-06-03,55,7,748,0.064171123
2021-06-04,48,7,748,0.054812834
2021-06-07,57,7,748,0.06684492
2021-06-08,55,8,748,0.062834225
2021-06-09,41,8,748,0.044117647
2021-06-10,32,6,748,0.034759358
2021-06-11,40,7,748,0.044117647
2021-06-14,41,6,748,0.046791444
2021-06-15,38,6,748,0.042780749
2021-06-16,44,6,748,0.050802139
2021-06-17,38,6,748,0.042780749
2021-06-18,40,7,748,0.044117647
2021-06-21,23,9,748,0.018716578
2021-06-22,37,10,748,0.036096257
2021-06-23,25,8,748,0.022727273
2021-06-24,25,9,748,0.021390374
2021-06-25,35,8,748,0.036096257
2021-06-28,42,8,748,0.045454545
2021-06-29,29,7,748,0.029411765
2021-06-30,37,8,748,0.038770053
2021-07-01,31,8,748,0.030748663
2021-07-02,33,7,748,0.034759358
2021-07-05,30,7,748,0.030748663
2021-07-06,36,7,748,0.038770053
2021-07-07,24,7,748,0.022727273
2021-07-08,12,8,748,0.005347594
2021-07-09,9,14,748,-0.006684492
2021-07-12,14,8,748,0.00802139
2021-07-13,21,7,748,0.018716578
2021-07-14,29,8,748,0.028074866
2021-07-15,33,7,748,0.034759358
2021-07-16,32,9,748,0.030748663
2021-07-19,25,9,748,0.021390374
2021-07-20,18,10,748,0.010695187
2021-07-21,17,11,748,0.00802139
2021-07-22,20,12,748,0.010695187
2021-07-23,26,11,748,0.020053476
2021-07-26,22,13,748,0.012032086
2021-07-27,21,11,748,0.013368984
2021-07-28,11,13,748,-0.002673797
2021-07-29,16,11,748,0.006684492
2021-07-30,15,12,748,0.004010695
2021-08-02,12,13,748,-0.001336898
2021-08-03,11,13,748,-0.002673797
2021-08-04,14,7,748,0.009358289
2021-08-05,13,7,748,0.00802139
2021-08-06,15,7,748,0.010695187
2021-08-09,16,8,748,0.010695187
2021-08-10,16,11,748,0.006684492
2021-08-11,10,14,748,-0.005347594
2021-08-12,15,13,748,0.002673797
2021-08-13,14,17,748,-0.004010695
2021-08-17,13,27,748,-0.018716578
2021-08-18,12,12,748,0
2021-08-19,9,38,748,-0.038770053
2021-08-20,9,55,748,-0.061497326
2021-08-23,12,9,748,0.004010695
2021-08-24,14,8,748,0.00802139
2021-08-25,17,9,748,0.010695187
2021-08-26,19,12,748,0.009358289
2021-08-27,15,11,748,0.005347594
2021-08-30,20,10,748,0.013368984
2021-08-31,20,8,748,0.016042781
2021-09-01,21,9,748,0.016042781
2021-09-02,20,9,748,0.014705882
2021-09-03,21,9,748,0.016042781
2021-09-06,28,8,748,0.026737968
2021-09-07,28,10,748,0.024064171
2021-09-08,36,10,748,0.034759358
2021-09-09,31,11,748,0.026737968
2021-09-10,38,10,748,0.037433155
2021-09-13,32,12,748,0.026737968
2021-09-14,30,8,748,0.029411765
2021-09-15,21,6,748,0.020053476
2021-09-16,31,9,748,0.029411765
2021-09-17,21,13,748,0.010695187
2021-09-23,24,17,748,0.009358289
2021-09-24,14,16,748,-0.002673797
2021-09-27,19,14,748,0.006684492
2021-09-28,27,24,748,0.004010695
2021-09-29,20,38,748,-0.024064171
2021-09-30,20,20,748,0
2021-10-01,14,44,748,-0.040106952
2021-10-05,20,63,748,-0.057486631
2021-10-06,14,77,748,-0.084224599
2021-10-07,10,9,748,0.001336898
2021-10-08,14,17,748,-0.004010695
2021-10-12,19,25,748,-0.00802139
2021-10-13,16,12,748,0.005347594
2021-10-14,13,6,748,0.009358289
2021-10-15,18,6,748,0.016042781
2021-10-18,20,7,748,0.017379679
2021-10-19,15,7,748,0.010695187
2021-10-20,23,8,748,0.020053476
2021-10-21,16,6,748,0.013368984
2021-10-22,16,6,748,0.013368984
2021-10-25,19,7,748,0.016042781
2021-10-26,16,6,748,0.013368984
2021-10-27,14,8,748,0.00802139
2021-10-28,7,12,748,-0.006684492
2021-10-29,8,18,748,-0.013368984
2021-11-01,10,16,748,-0.00802139
2021-11-02,10,9,748,0.001336898
2021-11-03,10,19,748,-0.012032086
2021-11-04,13,24,748,-0.014705882
2021-11-05,13,31,748,-0.024064171
2021-11-08,11,29,748,-0.024064171
2021-11-09,15,27,748,-0.016042781
2021-11-10,12,54,748,-0.056149733
2021-11-11,13,67,748,-0.072192513
2021-11-12,15,12,748,0.004010695
2021-11-15,17,9,748,0.010695187
2021-11-16,15,14,748,0.001336898
2021-11-17,17,41,748,-0.032085561
2021-11-18,15,53,748,-0.050802139
2021-11-19,12,40,748,-0.037433155
2021-11-22,7,42,748,-0.046791444
2021-11-23,9,40,748,-0.04144385
2021-11-24,12,57,748,-0.060160428
2021-11-25,13,71,748,-0.077540107
2021-11-26,10,110,748,-0.13368984
2021-11-29,8,145,748,-0.18315508
2021-11-30,6,206,748,-0.267379679
2021-12-01,6,26,748,-0.026737968
2021-12-02,7,6,748,0.001336898
2021-12-03,7,7,748,0
2021-12-06,8,7,748,0.001336898
2021-12-07,6,7,748,-0.001336898
2021-12-08,7,7,748,0
2021-12-09,8,6,748,0.002673797
2021-12-10,12,7,748,0.006684492
2021-12-13,7,7,748,0
2021-12-14,8,7,748,0.001336898
2021-12-15,10,7,748,0.004010695
2021-12-16,8,9,748,-0.001336898
2021-12-17,11,10,748,0.001336898
2021-12-20,7,18,748,-0.014705882
2021-12-21,11,24,748,-0.017379679
2021-12-22,12,16,748,-0.005347594
2021-12-23,14,13,748,0.001336898
2021-12-24,11,11,748,0
2021-12-27,10,10,748,0
2021-12-28,12,12,748,0
2021-12-29,12,5,748,0.009358289
2021-12-30,13,8,748,0.006684492
2022-01-03,14,7,748,0.009358289
2022-01-04,16,8,748,0.010695187
2022-01-05,13,13,748,0
2022-01-06,12,17,748,-0.006684492
2022-01-07,18,6,748,0.016042781
2022-01-10,10,23,748,-0.017379679
2022-01-11,10,33,748,-0.030748663
2022-01-12,10,10,748,0
2022-01-13,11,13,748,-0.002673797
2022-01-14,14,29,748,-0.020053476
2022-01-17,9,50,748,-0.054812834
2022-01-18,8,63,748,-0.073529412
2022-01-19,12,84,748,-0.096256684
2022-01-20,9,16,748,-0.009358289
2022-01-21,8,41,748,-0.044117647
2022-01-24,6,107,748,-0.135026738
2022-01-25,6,200,748,-0.259358289
2022-01-26,6,101,748,-0.127005348
2022-01-27,5,271,748,-0.355614973
2022-01-28,5,10,748,-0.006684492
2022-02-03,6,8,748,-0.002673797
2022-02-04,9,7,748,0.002673797
2022-02-07,9,10,748,-0.001336898
2022-02-08,6,7,748,-0.001336898
2022-02-09,10,8,748,0.002673797
2022-02-10,12,8,748,0.005347594
2022-02-11,12,13,748,-0.001336898
2022-02-14,8,26,748,-0.024064171
2022-02-15,9,45,748,-0.048128342
2022-02-16,10,7,748,0.004010695
2022-02-17,11,8,748,0.004010695
2022-02-18,9,9,748,0
2022-02-21,8,9,748,-0.001336898
2022-02-22,7,23,748,-0.021390374
2022-02-23,9,13,748,-0.005347594
2022-02-24,12,57,748,-0.060160428
2022-02-25,7,14,748,-0.009358289
2022-02-28,5,15,748,-0.013368984
2022-03-02,8,19,748,-0.014705882
2022-03-03,14,9,748,0.006684492
2022-03-04,15,13,748,0.002673797
2022-03-07,8,31,748,-0.030748663
2022-03-08,8,42,748,-0.045454545
2022-03-10,9,19,748,-0.013368984
2022-03-11,11,19,748,-0.010695187
2022-03-14,14,40,748,-0.034759358
2022-03-15,12,39,748,-0.036096257
2022-03-16,14,10,748,0.005347594
2022-03-17,13,6,748,0.009358289
2022-03-18,14,7,748,0.009358289
2022-03-21,13,7,748,0.00802139
2022-03-22,16,8,748,0.010695187
2022-03-23,19,8,748,0.014705882
2022-03-24,18,7,748,0.014705882
2022-03-25,15,8,748,0.009358289
2022-03-28,18,9,748,0.012032086
2022-03-29,10,11,748,-0.001336898
2022-03-30,10,9,748,0.001336898
2022-03-31,14,11,748,0.004010695
2022-04-01,13,12,748,0.001336898
2022-04-04,22,12,748,0.013368984
2022-04-05,21,12,748,0.012032086
2022-04-06,19,13,748,0.00802139
2022-04-07,12,13,748,-0.001336898
2022-04-08,16,11,748,0.006684492
2022-04-11,12,11,748,0.001336898
2022-04-12,12,13,748,-0.001336898
2022-04-13,9,9,748,0
2022-04-14,15,11,748,0.005347594
2022-04-15,22,15,748,0.009358289
2022-04-18,17,13,748,0.005347594
2022-04-19,26,9,748,0.022727273
2022-04-20,24,9,748,0.020053476
2022-04-21,17,10,748,0.009358289
2022-04-22,28,15,748,0.017379679
2022-04-25,18,30,748,-0.016042781
2022-04-26,17,22,748,-0.006684492
2022-04-27,11,44,748,-0.044117647
2022-04-28,10,28,748,-0.024064171
2022-04-29,15,12,748,0.004010695
2022-05-02,19,14,748,0.006684492
2022-05-03,19,15,748,0.005347594
2022-05-04,16,17,748,-0.001336898
2022-05-06,22,27,748,-0.006684492
2022-05-09,11,52,748,-0.054812834
2022-05-10,9,57,748,-0.064171123
2022-05-11,9,48,748,-0.052139037
2022-05-12,8,91,748,-0.110962567
2022-05-13,10,23,748,-0.017379679
2022-05-16,8,17,748,-0.012032086
2022-05-17,11,20,748,-0.012032086
2022-05-18,11,23,748,-0.016042781
2022-05-19,9,54,748,-0.060160428
2022-05-20,11,21,748,-0.013368984
2022-05-23,11,28,748,-0.022727273
2022-05-24,7,44,748,-0.049465241
2022-05-25,8,38,748,-0.040106952
2022-05-26,11,31,748,-0.026737968
2022-05-27,11,16,748,-0.006684492
2022-05-30,14,9,748,0.006684492
2022-05-31,12,10,748,0.002673797
2022-06-02,12,14,748,-0.002673797
2022-06-03,13,11,748,0.002673797
2022-06-07,17,24,748,-0.009358289
2022-06-08,18,22,748,-0.005347594
2022-06-09,14,34,748,-0.026737968
2022-06-10,13,46,748,-0.044117647
2022-06-13,9,146,748,-0.18315508
2022-06-14,7,171,748,-0.219251337
2022-06-15,6,240,748,-0.312834225
2022-06-16,8,151,748,-0.191176471
2022-06-17,6,188,748,-0.243315508
2022-06-20,7,341,748,-0.446524064
2022-06-21,8,85,748,-0.102941176
2022-06-22,5,353,748,-0.465240642
2022-06-23,6,438,748,-0.577540107
2022-06-24,7,21,748,-0.018716578
2022-06-27,8,10,748,-0.002673797
2022-06-28,9,12,748,-0.004010695
2022-06-29,8,21,748,-0.017379679
2022-06-30,8,43,748,-0.046791444
2022-07-01,7,61,748,-0.072192513
2022-07-04,8,103,748,-0.127005348
2022-07-05,7,10,748,-0.004010695
2022-07-06,5,61,748,-0.07486631
2022-07-07,5,20,748,-0.020053476
2022-07-08,6,11,748,-0.006684492
2022-07-11,7,31,748,-0.032085561
2022-07-12,6,89,748,-0.110962567
2022-07-13,7,41,748,-0.045454545
2022-07-14,6,50,748,-0.058823529
2022-07-15,5,73,748,-0.090909091
2022-07-18,5,12,748,-0.009358289
2022-07-19,7,14,748,-0.009358289
2022-07-20,8,9,748,-0.001336898
2022-07-21,6,11,748,-0.006684492
2022-07-22,7,12,748,-0.006684492
2022-07-25,8,11,748,-0.004010695
2022-07-26,8,10,748,-0.002673797
2022-07-27,8,10,748,-0.002673797
2022-07-28,7,10,748,-0.004010695
2022-07-29,6,6,748,0
2022-08-01,14,9,748,0.006684492
2022-08-02,12,9,748,0.004010695
2022-08-03,12,7,748,0.006684492
2022-08-04,8,8,748,0
2022-08-05,8,7,748,0.001336898
2022-08-08,14,10,748,0.005347594
2022-08-09,14,9,748,0.006684492
2022-08-10,14,11,748,0.004010695
2022-08-11,14,7,748,0.009358289
2022-08-12,13,7,748,0.00802139
2022-08-16,16,7,748,0.012032086
2022-08-17,12,10,748,0.002673797
2022-08-18,10,12,748,-0.002673797
2022-08-19,17,14,748,0.004010695
2022-08-22,10,20,748,-0.013368984
2022-08-23,16,38,748,-0.029411765
2022-08-24,19,27,748,-0.010695187
2022-08-25,20,9,748,0.014705882
2022-08-26,19,10,748,0.012032086
2022-08-29,16,43,748,-0.036096257
2022-08-30,19,14,748,0.006684492
2022-08-31,21,12,748,0.012032086
2022-09-01,13,45,748,-0.042780749
2022-09-02,13,45,748,-0.042780749
2022-09-05,13,59,748,-0.061497326
2022-09-06,19,36,748,-0.022727273
2022-09-07,13,81,748,-0.090909091
2022-09-08,13,36,748,-0.030748663
2022-09-13,12,9,748,0.004010695
2022-09-14,15,32,748,-0.022727273
2022-09-15,16,35,748,-0.02540107
2022-09-16,9,67,748,-0.077540107
2022-09-19,9,121,748,-0.14973262
2022-09-20,11,49,748,-0.050802139
2022-09-21,10,74,748,-0.085561497
2022-09-22,12,128,748,-0.155080214
2022-09-23,12,179,748,-0.223262032
2022-09-26,6,323,748,-0.423796791
2022-09-27,6,224,748,-0.29144385
2022-09-28,7,366,748,-0.479946524
2022-09-29,11,209,748,-0.264705882
2022-09-30,7,222,748,-0.287433155
2022-10-04,8,23,748,-0.020053476
2022-10-05,10,70,748,-0.080213904
2022-10-06,10,13,748,-0.004010695
2022-10-07,9,26,748,-0.022727273
2022-10-11,9,198,748,-0.252673797
2022-10-12,8,145,748,-0.18315508
2022-10-13,7,340,748,-0.445187166
2022-10-14,11,17,748,-0.00802139
2022-10-17,10,27,748,-0.022727273
2022-10-18,7,16,748,-0.012032086
2022-10-19,7,19,748,-0.016042781
2022-10-20,8,41,748,-0.044117647
2022-10-21,9,78,748,-0.092245989
2022-10-24,11,40,748,-0.038770053
2022-10-25,10,71,748,-0.081550802
2022-10-26,8,103,748,-0.127005348
2022-10-27,8,14,748,-0.00802139
2022-10-28,9,23,748,-0.018716578
2022-10-31,10,28,748,-0.024064171
2022-11-01,14,11,748,0.004010695
2022-11-02,10,20,748,-0.013368984
2022-11-03,11,32,748,-0.028074866
2022-11-04,10,21,748,-0.014705882
2022-11-07,13,15,748,-0.002673797
2022-11-08,6,10,748,-0.005347594
2022-11-09,9,8,748,0.001336898
2022-11-10,11,12,748,-0.001336898
2022-11-11,14,6,748,0.010695187
2022-11-14,17,6,748,0.014705882
2022-11-15,14,7,748,0.009358289
2022-11-16,12,7,748,0.006684492
2022-11-17,12,7,748,0.006684492
2022-11-18,8,7,748,0.001336898
2022-11-21,10,12,748,-0.002673797
2022-11-22,11,12,748,-0.001336898
2022-11-23,8,7,748,0.001336898
2022-11-24,10,5,748,0.006684492
2022-11-25,19,7,748,0.016042781
2022-11-28,11,10,748,0.001336898
2022-11-29,15,7,748,0.010695187
2022-11-30,15,6,748,0.012032086
2022-12-01,11,5,748,0.00802139
2022-12-02,11,6,748,0.006684492
2022-12-05,9,7,748,0.002673797
2022-12-06,5,9,748,-0.005347594
2022-12-07,9,12,748,-0.004010695
2022-12-08,6,14,748,-0.010695187
2022-12-09,10,6,748,0.005347594
2022-12-12,10,9,748,0.001336898
2022-12-13,12,9,748,0.004010695
2022-12-14,6,7,748,-0.001336898
2022-12-15,8,7,748,0.001336898
2022-12-16,10,12,748,-0.002673797
2022-12-19,6,17,748,-0.014705882
2022-12-20,7,26,748,-0.02540107
2022-12-21,8,26,748,-0.024064171
2022-12-22,10,13,748,-0.004010695
2022-12-23,7,45,748,-0.050802139
2022-12-26,8,47,748,-0.052139037
2022-12-27,10,22,748,-0.016042781
2022-12-28,11,52,748,-0.054812834
2022-12-29,6,94,748,-0.117647059
2023-01-02,7,130,748,-0.164438503
2023-01-03,8,100,748,-0.122994652
2023-01-04,6,21,748,-0.020053476
2023-01-05,7,16,748,-0.012032086
2023-01-06,6,12,748,-0.00802139
2023-01-09,7,6,748,0.001336898
2023-01-10,9,8,748,0.001336898
2023-01-11,6,7,748,-0.001336898
2023-01-12,7,7,748,0
2023-01-13,7,5,748,0.002673797
2023-01-16,12,5,748,0.009358289
2023-01-17,9,7,748,0.002673797
2023-01-18,9,9,748,0
2023-01-19,7,14,748,-0.009358289
2023-01-20,8,7,748,0.001336898
2023-01-25,8,6,748,0.002673797
2023-01-26,11,5,748,0.00802139
2023-01-27,16,7,748,0.012032086
2023-01-30,12,7,748,0.006684492
2023-01-31,16,8,748,0.010695187
2023-02-01,13,7,748,0.00802139
2023-02-02,9,6,748,0.004010695
2023-02-03,7,6,748,0.001336898
2023-02-06,8,9,748,-0.001336898
2023-02-07,9,9,748,0
2023-02-08,14,6,748,0.010695187
2023-02-09,7,9,748,-0.002673797
2023-02-10,14,9,748,0.006684492
2023-02-13,12,6,748,0.00802139
2023-02-14,11,9,748,0.002673797
2023-02-15,11,15,748,-0.005347594
2023-02-16,21,12,748,0.012032086
2023-02-17,15,14,748,0.001336898
2023-02-20,18,10,748,0.010695187
2023-02-21,15,8,748,0.009358289
2023-02-22,11,13,748,-0.002673797
2023-02-23,14,11,748,0.004010695
2023-02-24,15,18,748,-0.004010695
2023-02-27,14,27,748,-0.017379679
2023-02-28,14,18,748,-0.005347594
2023-03-02,16,15,748,0.001336898
2023-03-03,14,12,748,0.002673797
2023-03-06,16,21,748,-0.006684492
2023-03-07,19,22,748,-0.004010695
2023-03-08,14,38,748,-0.032085561
2023-03-09,15,33,748,-0.024064171
2023-03-10,9,47,748,-0.050802139
2023-03-13,7,62,748,-0.073529412
2023-03-14,5,124,748,-0.159090909
2023-03-15,10,43,748,-0.044117647
2023-03-16,9,75,748,-0.088235294
2023-03-17,8,16,748,-0.010695187
2023-03-20,12,21,748,-0.012032086
2023-03-21,16,20,748,-0.005347594
2023-03-22,18,36,748,-0.024064171
2023-03-23,16,61,748,-0.060160428
2023-03-24,21,35,748,-0.018716578
2023-03-27,18,52,748,-0.045454545
2023-03-28,17,21,748,-0.005347594
2023-03-29,18,23,748,-0.006684492
2023-03-30,19,16,748,0.004010695
2023-03-31,21,19,748,0.002673797
2023-04-03,31,16,748,0.020053476
2023-04-04,23,9,748,0.018716578
2023-04-05,24,8,748,0.021390374
2023-04-06,22,13,748,0.012032086
2023-04-07,19,9,748,0.013368984
2023-04-10,24,32,748,-0.010695187
2023-04-11,22,16,748,0.00802139
2023-04-12,36,13,748,0.030748663
2023-04-13,30,15,748,0.020053476
2023-04-14,24,10,748,0.018716578
2023-04-17,39,8,748,0.04144385
2023-04-18,35,9,748,0.034759358
2023-04-19,41,9,748,0.042780749
2023-04-20,22,11,748,0.014705882
2023-04-21,11,13,748,-0.002673797
2023-04-24,12,22,748,-0.013368984
2023-04-25,25,32,748,-0.009358289
2023-04-26,14,32,748,-0.024064171
2023-04-27,16,39,748,-0.030748663
2023-04-28,13,26,748,-0.017379679
2023-05-02,22,10,748,0.016042781
2023-05-03,19,15,748,0.005347594
2023-05-04,15,14,748,0.001336898
2023-05-08,17,12,748,0.006684492
2023-05-09,18,15,748,0.004010695
2023-05-10,24,11,748,0.017379679
2023-05-11,17,13,748,0.005347594
2023-05-12,19,21,748,-0.002673797
2023-05-15,16,31,748,-0.020053476
2023-05-16,12,36,748,-0.032085561
2023-05-17,9,31,748,-0.029411765
2023-05-18,15,22,748,-0.009358289
2023-05-19,13,11,748,0.002673797
2023-05-22,15,9,748,0.00802139
2023-05-23,14,12,748,0.002673797
2023-05-24,16,11,748,0.006684492
2023-05-25,11,16,748,-0.006684492
2023-05-26,11,22,748,-0.014705882
2023-05-30,15,23,748,-0.010695187
2023-05-31,11,31,748,-0.026737968
2023-06-01,18,25,748,-0.009358289
2023-06-02,17,20,748,-0.004010695
2023-06-05,25,9,748,0.021390374
2023-06-07,18,10,748,0.010695187
2023-06-08,25,21,748,0.005347594
2023-06-09,25,12,748,0.017379679
2023-06-12,23,25,748,-0.002673797
2023-06-13,23,23,748,0
2023-06-14,21,36,748,-0.020053476
2023-06-15,16,43,748,-0.036096257
2023-06-16,21,28,748,-0.009358289
2023-06-19,27,31,748,-0.005347594
2023-06-20,19,33,748,-0.018716578
2023-06-21,19,65,748,-0.061497326
2023-06-22,14,47,748,-0.044117647
2023-06-23,9,74,748,-0.086898396
2023-06-26,15,50,748,-0.046791444
2023-06-27,16,42,748,-0.034759358
2023-06-28,22,51,748,-0.038770053
2023-06-29,12,72,748,-0.080213904
2023-06-30,18,33,748,-0.020053476
2023-07-03,22,26,748,-0.005347594
2023-07-04,29,46,748,-0.022727273
2023-07-05,23,66,748,-0.057486631
2023-07-06,19,112,748,-0.124331551
2023-07-07,20,122,748,-0.136363636
2023-07-10,22,62,748,-0.053475936
2023-07-11,28,36,748,-0.010695187
2023-07-12,28,25,748,0.004010695
2023-07-13,23,21,748,0.002673797
2023-07-14,26,25,748,0.001336898
2023-07-17,24,29,748,-0.006684492
2023-07-18,15,56,748,-0.054812834
2023-07-19,13,65,748,-0.069518717
2023-07-20,14,56,748,-0.056149733
2023-07-21,19,57,748,-0.050802139
2023-07-24,23,129,748,-0.14171123
2023-07-25,27,162,748,-0.180481283
2023-07-26,10,239,748,-0.306149733
2023-07-27,17,30,748,-0.017379679
2023-07-28,17,15,748,0.002673797
2023-07-31,30,11,748,0.02540107
2023-08-01,22,7,748,0.020053476
2023-08-02,15,7,748,0.010695187
2023-08-03,17,8,748,0.012032086
2023-08-04,13,9,748,0.005347594
2023-08-07,17,6,748,0.014705882
2023-08-08,15,18,748,-0.004010695
2023-08-09,12,12,748,0
2023-08-10,16,7,748,0.012032086
2023-08-11,21,7,748,0.018716578
2023-08-14,24,13,748,0.014705882
2023-08-16,20,37,748,-0.022727273
2023-08-17,13,44,748,-0.04144385
2023-08-18,13,45,748,-0.042780749
2023-08-21,14,27,748,-0.017379679
2023-08-22,7,35,748,-0.037433155
2023-08-23,16,40,748,-0.032085561
2023-08-24,13,27,748,-0.018716578
2023-08-25,15,27,748,-0.016042781
2023-08-28,18,10,748,0.010695187
2023-08-29,18,8,748,0.013368984
2023-08-30,19,8,748,0.014705882
2023-08-31,17,10,748,0.009358289
2023-09-01,9,11,748,-0.002673797
2023-09-04,10,14,748,-0.005347594
2023-09-05,12,13,748,-0.001336898
2023-09-06,10,17,748,-0.009358289
2023-09-07,6,40,748,-0.045454545
2023-09-08,12,18,748,-0.00802139
2023-09-11,21,15,748,0.00802139
2023-09-12,11,25,748,-0.018716578
2023-09-13,11,35,748,-0.032085561
2023-09-14,13,15,748,-0.002673797
2023-09-15,19,8,748,0.014705882
2023-09-18,19,12,748,0.009358289
2023-09-19,20,25,748,-0.006684492
2023-09-20,19,24,748,-0.006684492
2023-09-21,11,47,748,-0.048128342
2023-09-22,10,48,748,-0.050802139
2023-09-25,9,65,748,-0.07486631
2023-09-26,6,102,748,-0.128342246
2023-09-27,8,34,748,-0.034759358
2023-10-04,6,150,748,-0.192513369
2023-10-05,5,123,748,-0.157754011
2023-10-06,8,49,748,-0.054812834
2023-10-10,8,87,748,-0.105614973
2023-10-11,8,18,748,-0.013368984
2023-10-12,12,10,748,0.002673797
2023-10-13,12,24,748,-0.016042781
2023-10-16,13,58,748,-0.060160428
2023-10-17,8,25,748,-0.022727273
2023-10-18,11,43,748,-0.042780749
2023-10-19,7,113,748,-0.14171123
2023-10-20,7,156,748,-0.199197861
2023-10-23,7,137,748,-0.173796791
2023-10-24,5,51,748,-0.061497326
2023-10-25,6,27,748,-0.028074866
2023-10-26,5,116,748,-0.148395722
2023-10-27,8,79,748,-0.094919786
2023-10-30,8,44,748,-0.048128342
2023-10-31,6,95,748,-0.118983957
2023-11-01,7,36,748,-0.038770053
2023-11-02,6,13,748,-0.009358289
2023-11-03,8,6,748,0.002673797
2023-11-06,10,6,748,0.005347594
2023-11-07,8,10,748,-0.002673797
2023-11-08,8,8,748,0
2023-11-09,8,10,748,-0.002673797
2023-11-10,9,25,748,-0.021390374
2023-11-13,8,36,748,-0.037433155
2023-11-14,10,10,748,0
2023-11-15,11,5,748,0.00802139
2023-11-16,12,5,748,0.009358289
2023-11-17,10,11,748,-0.001336898
2023-11-20,11,8,748,0.004010695
2023-11-21,13,4,748,0.012032086
2023-11-22,15,10,748,0.006684492
2023-11-23,13,11,748,0.002673797
2023-11-24,13,11,748,0.002673797
2023-11-27,17,16,748,0.001336898
2023-11-28,17,12,748,0.006684492
2023-11-29,9,12,748,-0.004010695
2023-11-30,17,15,748,0.002673797
2023-12-01,17,16,748,0.001336898
2023-12-04,19,14,748,0.006684492
2023-12-05,16,14,748,0.002673797
2023-12-06,17,11,748,0.00802139
2023-12-07,23,17,748,0.00802139
2023-12-08,17,10,748,0.009358289
2023-12-11,9,8,748,0.001336898
2023-12-12,9,12,748,-0.004010695
2023-12-13,10,24,748,-0.018716578
2023-12-14,14,19,748,-0.006684492
2023-12-15,10,11,748,-0.001336898
2023-12-18,11,12,748,-0.001336898
2023-12-19,12,15,748,-0.004010695
2023-12-20,20,10,748,0.013368984
2023-12-21,10,16,748,-0.00802139
2023-12-22,13,12,748,0.001336898
2023-12-26,11,17,748,-0.00802139
2023-12-27,10,13,748,-0.004010695
2023-12-28,15,8,748,0.009358289
2024-01-02,16,8,748,0.010695187
2024-01-03,8,13,748,-0.006684492
2024-01-04,6,17,748,-0.014705882
2024-01-05,7,17,748,-0.013368984
2024-01-08,4,21,748,-0.022727273
2024-01-09,6,14,748,-0.010695187
2024-01-10,7,15,748,-0.010695187
2024-01-11,8,14,748,-0.00802139
2024-01-12,10,21,748,-0.014705882
2024-01-15,10,30,748,-0.026737968
2024-01-16,6,42,748,-0.048128342
2024-01-17,4,96,748,-0.122994652
2024-01-18,7,77,748,-0.093582888
2024-01-19,9,44,748,-0.046791444
2024-01-22,9,67,748,-0.077540107
2024-01-23,8,50,748,-0.056149733
2024-01-24,5,61,748,-0.07486631
2024-01-25,9,55,748,-0.061497326
2024-01-26,13,24,748,-0.014705882
2024-01-29,24,19,748,0.006684492
2024-01-30,24,13,748,0.014705882
2024-01-31,21,23,748,-0.002673797
2024-02-01,52,18,748,0.045454545
2024-02-02,51,7,748,0.058823529
2024-02-05,32,11,748,0.028074866
2024-02-06,20,18,748,0.002673797
2024-02-07,44,11,748,0.044117647
2024-02-08,42,7,748,0.046791444
2024-02-13,44,8,748,0.048128342
2024-02-14,26,7,748,0.02540107
2024-02-15,12,10,748,0.002673797
2024-02-16,34,8,748,0.034759358
2024-02-19,60,8,748,0.069518717
2024-02-20,26,11,748,0.020053476
2024-02-21,20,10,748,0.013368984
2024-02-22,20,12,748,0.010695187
2024-02-23,34,12,748,0.029411765
2024-02-26,10,21,748,-0.014705882
2024-02-27,11,29,748,-0.024064171
2024-02-28,10,15,748,-0.006684492
2024-02-29,17,25,748,-0.010695187
2024-03-04,37,29,748,0.010695187
2024-03-05,28,46,748,-0.024064171
2024-03-06,29,45,748,-0.021390374
2024-03-07,25,51,748,-0.034759358
2024-03-08,24,33,748,-0.012032086
2024-03-11,12,29,748,-0.022727273
2024-03-12,12,35,748,-0.030748663
2024-03-13,20,23,748,-0.004010695
2024-03-14,33,20,748,0.017379679
2024-03-15,26,23,748,0.004010695
2024-03-18,17,21,748,-0.005347594
2024-03-19,15,36,748,-0.028074866
2024-03-20,18,29,748,-0.014705882
2024-03-21,25,18,748,0.009358289
2024-03-22,26,21,748,0.006684492
2024-03-25,19,28,748,-0.012032086
2024-03-26,23,23,748,0
2024-03-27,18,26,748,-0.010695187
2024-03-28,18,25,748,-0.009358289
2024-03-29,15,28,748,-0.017379679
2024-04-01,16,15,748,0.001336898
2024-04-02,15,28,748,-0.017379679
2024-04-03,14,42,748,-0.037433155
2024-04-04,24,44,748,-0.026737968
2024-04-05,20,53,748,-0.044117647
2024-04-08,20,69,748,-0.065508021
2024-04-09,20,62,748,-0.056149733
2024-04-11,25,80,748,-0.073529412
2024-04-12,25,62,748,-0.049465241
2024-04-15,25,95,748,-0.093582888
2024-04-16,16,137,748,-0.161764706
2024-04-17,14,86,748,-0.096256684
2024-04-18,23,23,748,0
2024-04-19,22,52,748,-0.040106952
2024-04-22,22,25,748,-0.004010695
2024-04-23,24,25,748,-0.001336898
2024-04-24,21,18,748,0.004010695
2024-04-25,22,28,748,-0.00802139
2024-04-26,30,33,748,-0.004010695
2024-04-29,28,16,748,0.016042781
2024-04-30,27,21,748,0.00802139
2024-05-02,27,21,748,0.00802139
2024-05-03,19,23,748,-0.005347594
2024-05-07,29,19,748,0.013368984
2024-05-08,23,13,748,0.013368984
2024-05-09,23,17,748,0.00802139
2024-05-10,38,16,748,0.029411765
2024-05-13,44,20,748,0.032085561
2024-05-14,25,15,748,0.013368984
2024-05-16,50,17,748,0.044117647
2024-05-17,40,23,748,0.022727273
2024-05-20,43,29,748,0.018716578
2024-05-21,38,37,748,0.001336898
2024-05-22,38,33,748,0.006684492
2024-05-23,25,31,748,-0.00802139
2024-05-24,24,41,748,-0.022727273
2024-05-27,28,40,748,-0.016042781
2024-05-28,32,32,748,0
2024-05-29,20,52,748,-0.042780749
2024-05-30,18,60,748,-0.056149733
2024-05-31,22,46,748,-0.032085561
2024-06-03,27,24,748,0.004010695
2024-06-04,21,31,748,-0.013368984
2024-06-05,19,30,748,-0.014705882
2024-06-07,19,35,748,-0.021390374
2024-06-10,28,44,748,-0.021390374
2024-06-11,21,44,748,-0.030748663
2024-06-12,29,36,748,-0.009358289
2024-06-13,32,41,748,-0.012032086
2024-06-14,44,50,748,-0.00802139
2024-06-17,32,53,748,-0.028074866
2024-06-18,36,53,748,-0.022727273
2024-06-19,23,67,748,-0.058823529
2024-06-20,28,40,748,-0.016042781
2024-06-21,25,60,748,-0.046791444
2024-06-24,22,75,748,-0.070855615
2024-06-25,28,47,748,-0.02540107
2024-06-26,22,57,748,-0.046791444
2024-06-27,21,71,748,-0.06684492
2024-06-28,23,41,748,-0.024064171
2024-07-01,21,33,748,-0.016042781
2024-07-02,13,72,748,-0.078877005
2024-07-03,15,93,748,-0.104278075
2024-07-04,25,73,748,-0.064171123
2024-07-05,25,60,748,-0.046791444
2024-07-08,24,45,748,-0.028074866
2024-07-09,26,35,748,-0.012032086
2024-07-10,26,39,748,-0.017379679
2024-07-11,30,36,748,-0.00802139
2024-07-12,19,29,748,-0.013368984
2024-07-15,27,33,748,-0.00802139
2024-07-16,29,41,748,-0.016042781
2024-07-17,28,43,748,-0.020053476
2024-07-18,17,61,748,-0.058823529
2024-07-19,15,62,748,-0.062834225
2024-07-22,19,90,748,-0.094919786
2024-07-23,20,88,748,-0.090909091
2024-07-24,23,89,748,-0.088235294
2024-07-25,14,113,748,-0.132352941
2024-07-26,31,55,748,-0.032085561
2024-07-29,32,36,748,-0.005347594
2024-07-30,25,83,748,-0.077540107
2024-07-31,27,48,748,-0.028074866
2024-08-01,36,23,748,0.017379679
2024-08-02,12,106,748,-0.125668449
2024-08-05,12,333,748,-0.429144385
2024-08-06,13,43,748,-0.040106952
2024-08-07,17,22,748,-0.006684492
2024-08-08,17,34,748,-0.022727273
2024-08-09,19,18,748,0.001336898
2024-08-12,19,16,748,0.004010695
2024-08-13,18,19,748,-0.001336898
2024-08-14,16,17,748,-0.001336898
2024-08-16,19,20,748,-0.001336898
2024-08-19,26,25,748,0.001336898
2024-08-20,31,18,748,0.017379679
2024-08-21,32,17,748,0.020053476
2024-08-22,19,17,748,0.002673797
2024-08-23,34,18,748,0.021390374
2024-08-26,36,23,748,0.017379679
2024-08-27,25,22,748,0.004010695
2024-08-28,19,25,748,-0.00802139
2024-08-29,18,26,748,-0.010695187
2024-08-30,16,20,748,-0.005347594
2024-09-02,14,23,748,-0.012032086
2024-09-03,20,21,748,-0.001336898
2024-09-04,13,64,748,-0.068181818
2024-09-05,12,57,748,-0.060160428
2024-09-06,15,110,748,-0.127005348
2024-09-09,12,64,748,-0.069518717
2024-09-10,11,70,748,-0.078877005
2024-09-11,11,75,748,-0.085561497
2024-09-12,14,19,748,-0.006684492
2024-09-13,19,21,748,-0.002673797
2024-09-19,20,27,748,-0.009358289
2024-09-20,27,23,748,0.005347594
2024-09-23,19,26,748,-0.009358289
2024-09-24,20,16,748,0.005347594
2024-09-25,13,21,748,-0.010695187
2024-09-26,15,13,748,0.002673797
2024-09-27,16,15,748,0.001336898
2024-09-30,13,23,748,-0.013368984
2024-10-02,16,30,748,-0.018716578
2024-10-04,18,23,748,-0.006684492
2024-10-07,18,17,748,0.001336898
2024-10-08,14,25,748,-0.014705882
2024-10-10,26,29,748,-0.004010695
2024-10-11,24,33,748,-0.012032086
2024-10-14,20,27,748,-0.009358289
2024-10-15,21,28,748,-0.009358289
2024-10-16,25,34,748,-0.012032086
2024-10-17,21,33,748,-0.016042781
2024-10-18,22,47,748,-0.03342246
2024-10-21,24,47,748,-0.030748663
2024-10-22,21,75,748,-0.072192513
2024-10-23,17,64,748,-0.062834225
2024-10-24,16,92,748,-0.101604278
2024-10-25,20,114,748,-0.125668449
2024-10-28,16,38,748,-0.029411765
2024-10-29,16,44,748,-0.037433155
2024-10-30,21,37,748,-0.021390374
2024-10-31,20,36,748,-0.021390374
2024-11-01,11,42,748,-0.04144385
2024-11-04,17,24,748,-0.009358289
2024-11-05,18,21,748,-0.004010695
2024-11-06,16,46,748,-0.040106952
2024-11-07,14,49,748,-0.046791444
2024-11-08,19,49,748,-0.040106952
