Date,Vkospi,MA,Spread
2013-08-06,14.98,14.98,0
2013-08-07,15.35,15.165,0.185
2013-08-08,14.96,15.09666667,-0.13666667
2013-08-09,14.38,14.9175,-0.5375
2013-08-12,14.72,14.878,-0.158
2013-08-13,14.26,14.775,-0.515
2013-08-14,13.78,14.63285714,-0.85285714
2013-08-16,14.23,14.5825,-0.3525
2013-08-19,14.51,14.57444444,-0.06444444
2013-08-20,15.58,14.675,0.905
2013-08-21,16.11,14.80545455,1.30454545
2013-08-22,16.32,14.93166667,1.38833333
2013-08-23,15,14.93692308,0.06307692
2013-08-26,14.61,14.91357143,-0.30357143
2013-08-27,15.3,14.93933333,0.36066667
2013-08-28,15.7,14.986875,0.713125
2013-08-29,15.66,15.02647059,0.63352941
2013-08-30,15.73,15.06555556,0.66444444
2013-09-02,16.12,15.12105263,0.99894737
2013-09-03,16.02,15.166,0.854
2013-09-04,16.26,15.21809524,1.04190476
2013-09-05,16.16,15.26090909,0.89909091
2013-09-06,15.97,15.29173913,0.67826087
2013-09-09,16.41,15.33833333,1.07166667
2013-09-10,15.9,15.3608,0.5392
2013-09-11,15.65,15.37192308,0.27807692
2013-09-12,15.71,15.38444444,0.32555556
2013-09-13,15.76,15.39785714,0.36214286
2013-09-16,15.93,15.4162069,0.5137931
2013-09-17,16.37,15.448,0.922
2013-09-23,15.91,15.46290323,0.44709677
2013-09-24,15.43,15.461875,-0.031875
2013-09-25,15.01,15.44818182,-0.43818182
2013-09-26,14.62,15.42382353,-0.80382353
2013-09-27,14.45,15.396,-0.946
2013-09-30,15.38,15.39555556,-0.01555556
2013-10-01,15.53,15.39918919,0.13081081
2013-10-02,14.72,15.38131579,-0.66131579
2013-10-04,15.1,15.37410256,-0.27410256
2013-10-07,15.38,15.37425,0.00575
2013-10-08,15.39,15.37463415,0.01536585
2013-10-10,15.51,15.37785714,0.13214286
2013-10-11,13.92,15.34395349,-1.42395349
2013-10-14,14.19,15.31772727,-1.12772727
2013-10-15,13.52,15.27777778,-1.75777778
2013-10-16,14.61,15.26326087,-0.65326087
2013-10-17,14.01,15.23659574,-1.22659574
2013-10-18,13.43,15.19895833,-1.76895833
2013-10-21,13.82,15.17081633,-1.35081633
2013-10-22,13.81,15.1436,-1.3336
2013-10-23,14.22,15.1284,-0.9084
2013-10-24,13.54,15.0922,-1.5522
2013-10-25,13.56,15.0642,-1.5042
2013-10-28,13.62,15.049,-1.429
2013-10-29,13.48,15.0242,-1.5442
2013-10-30,13.55,15.01,-1.46
2013-10-31,14.41,15.0226,-0.6126
2013-11-01,13.76,15.0132,-1.2532
2013-11-04,14.03,15.0036,-0.9736
2013-11-05,13.53,14.9626,-1.4326
2013-11-06,13.61,14.9126,-1.3026
2013-11-07,13.47,14.8556,-1.3856
2013-11-08,13.63,14.8282,-1.1982
2013-11-11,13.92,14.8144,-0.8944
2013-11-12,13.56,14.7796,-1.2196
2013-11-13,14.75,14.7606,-0.0106
2013-11-14,14.22,14.7318,-0.5118
2013-11-15,13.78,14.6928,-0.9128
2013-11-18,13.99,14.6502,-0.6602
2013-11-19,13.84,14.6066,-0.7666
2013-11-20,14.13,14.564,-0.434
2013-11-21,15.15,14.5438,0.6062
2013-11-22,14.41,14.5126,-0.1026
2013-11-25,14.48,14.474,0.006
2013-11-26,14.47,14.4454,0.0246
2013-11-27,14.65,14.4254,0.2246
2013-11-28,14.69,14.405,0.285
2013-11-29,14.42,14.3782,0.0418
2013-12-02,14.62,14.352,0.268
2013-12-03,14.62,14.317,0.303
2013-12-04,14.62,14.2912,0.3288
2013-12-05,14.89,14.2804,0.6096
2013-12-06,14.93,14.2788,0.6512
2013-12-09,14.79,14.2822,0.5078
2013-12-10,14.15,14.2762,-0.1262
2013-12-11,14.31,14.2548,0.0552
2013-12-12,15.13,14.2468,0.8832
2013-12-13,14.92,14.2508,0.6692
2013-12-16,15.41,14.257,1.153
2013-12-17,14.88,14.247,0.633
2013-12-18,15.08,14.2408,0.8392
2013-12-19,14.08,14.2122,-0.1322
2013-12-20,13.3,14.1998,-0.8998
2013-12-23,13.15,14.179,-1.029
2013-12-24,12.64,14.1614,-1.5214
2013-12-26,12.91,14.1274,-1.2174
2013-12-27,12.6,14.0992,-1.4992
2013-12-30,12.84,14.0874,-1.2474
2014-01-02,13.99,14.0908,-0.1008
2014-01-03,14.11,14.0968,0.0132
2014-01-06,14.29,14.0982,0.1918
2014-01-07,13.85,14.1044,-0.2544
2014-01-08,13.62,14.1056,-0.4856
2014-01-09,13.4,14.1012,-0.7012
2014-01-10,13.75,14.1066,-0.3566
2014-01-13,13.39,14.1034,-0.7134
2014-01-14,13.29,14.081,-0.791
2014-01-15,13.06,14.067,-1.007
2014-01-16,12.82,14.0428,-1.2228
2014-01-17,13.11,14.0344,-0.9244
2014-01-20,13.14,14.025,-0.885
2014-01-21,12.97,14.015,-1.045
2014-01-22,12.9,14.0004,-1.1004
2014-01-23,13.22,13.9864,-0.7664
2014-01-24,13.29,13.981,-0.691
2014-01-27,15.07,13.9874,1.0826
2014-01-28,14.89,14.0008,0.8892
2014-01-29,14.43,14.0138,0.4162
2014-02-03,15.88,14.0516,1.8284
2014-02-04,17.67,14.1282,3.5418
2014-02-05,17.11,14.1878,2.9222
2014-02-06,16.52,14.2152,2.3048
2014-02-07,15.39,14.2348,1.1552
2014-02-10,15.29,14.251,1.039
2014-02-11,14.78,14.2572,0.5228
2014-02-12,14.46,14.2534,0.2066
2014-02-13,14.99,14.2594,0.7306
2014-02-14,14.14,14.2538,-0.1138
2014-02-17,14.27,14.2468,0.0232
2014-02-18,14.29,14.2402,0.0498
2014-02-19,14.54,14.2386,0.3014
2014-02-20,14.75,14.2358,0.5142
2014-02-21,14.14,14.22,-0.08
2014-02-24,14.36,14.2114,0.1486
2014-02-25,13.62,14.2008,-0.5808
2014-02-26,13.6,14.1866,-0.5866
2014-02-27,13.44,14.1528,-0.7128
2014-02-28,13.49,14.1242,-0.6342
2014-03-03,14.51,14.1062,0.4038
2014-03-04,14.45,14.0976,0.3524
2014-03-05,13.82,14.0724,-0.2524
2014-03-06,13.57,14.0622,-0.4922
2014-03-07,13.17,14.0596,-0.8896
2014-03-10,13.96,14.0758,-0.1158
2014-03-11,13.4,14.091,-0.691
2014-03-12,14.49,14.1226,0.3674
2014-03-13,13.78,14.1462,-0.3662
2014-03-14,14.52,14.1798,0.3402
2014-03-17,14.34,14.1868,0.1532
2014-03-18,13.43,14.1732,-0.7432
2014-03-19,13.45,14.1564,-0.7064
2014-03-20,13.76,14.1546,-0.3946
2014-03-21,12.76,14.1374,-1.3774
2014-03-24,12.84,14.1262,-1.2862
2014-03-25,12.96,14.1104,-1.1504
2014-03-26,12.59,14.0944,-1.5044
2014-03-27,12.97,14.088,-1.118
2014-03-28,13.23,14.0914,-0.8614
2014-03-31,13.82,14.1114,-0.2914
2014-04-01,13.61,14.1214,-0.5114
2014-04-02,13.34,14.1254,-0.7854
2014-04-03,13.1,14.128,-1.028
2014-04-04,12.75,14.125,-1.375
2014-04-07,12.92,14.119,-1.199
2014-04-08,12.97,14.1126,-1.1426
2014-04-09,12.68,14.0648,-1.3848
2014-04-10,12.59,14.0188,-1.4288
2014-04-11,12.42,13.9786,-1.5586
2014-04-14,12.22,13.9054,-1.6854
2014-04-15,12.15,13.795,-1.645
2014-04-16,12.15,13.6958,-1.5458
2014-04-17,12.11,13.6076,-1.4976
2014-04-18,11.47,13.5292,-2.0592
2014-04-21,11.96,13.4626,-1.5026
2014-04-22,11.89,13.4048,-1.5148
2014-04-23,11.79,13.3514,-1.5614
2014-04-24,12.07,13.293,-1.223
2014-04-25,12.2,13.2542,-1.0542
2014-04-28,12.18,13.2124,-1.0324
2014-04-29,11.66,13.1598,-1.4998
2014-04-30,11.6,13.101,-1.501
2014-05-02,10.76,13.0212,-2.2612
2014-05-07,12,12.9784,-0.9784
2014-05-08,11.36,12.9184,-1.5584
2014-05-09,10.71,12.8602,-2.1502
2014-05-12,10.38,12.7958,-2.4158
2014-05-13,10.21,12.7312,-2.5212
2014-05-14,11.17,12.6848,-1.5148
2014-05-15,11.37,12.622,-1.252
2014-05-16,11.4,12.561,-1.161
2014-05-19,11.93,12.5232,-0.5932
2014-05-20,11.99,12.4916,-0.5016
2014-05-21,11.87,12.4656,-0.5956
2014-05-22,11.29,12.4122,-1.1222
2014-05-23,11.09,12.366,-1.276
2014-05-26,11.13,12.2988,-1.1688
2014-05-27,11.11,12.2454,-1.1354
2014-05-28,10.8,12.171,-1.371
2014-05-29,10.49,12.094,-1.604
2014-05-30,10.86,12.0426,-1.1826
2014-06-02,10.89,11.9914,-1.1014
2014-06-03,10.88,11.9338,-1.0538
2014-06-05,11.46,11.9078,-0.4478
2014-06-09,11.63,11.8836,-0.2536
2014-06-10,11.52,11.8548,-0.3348
2014-06-11,11.45,11.832,-0.382
2014-06-12,11.6,11.8046,-0.2046
2014-06-13,12.09,11.7818,0.3082
2014-06-16,11.7,11.7394,-0.0394
2014-06-17,11.37,11.6946,-0.3246
2014-06-18,11.47,11.6572,-0.1872
2014-06-19,10.95,11.6142,-0.6642
2014-06-20,11.48,11.5888,-0.1088
2014-06-23,11.01,11.5506,-0.5406
2014-06-24,10.77,11.5066,-0.7366
2014-06-25,10.95,11.472,-0.522
2014-06-26,10.86,11.4374,-0.5774
2014-06-27,11.08,11.4106,-0.3306
2014-06-30,11.48,11.3958,0.0842
2014-07-01,11.25,11.3778,-0.1278
2014-07-02,10.98,11.3544,-0.3744
2014-07-03,10.85,11.3292,-0.4792
2014-07-04,10.66,11.313,-0.653
2014-07-07,10.78,11.2894,-0.5094
2014-07-08,10.61,11.2638,-0.6538
2014-07-09,10.99,11.2478,-0.2578
2014-07-10,11.1,11.2284,-0.1284
2014-07-11,11.3,11.2104,0.0896
2014-07-14,10.93,11.1854,-0.2554
2014-07-15,10.39,11.16,-0.77
2014-07-16,10.47,11.1374,-0.6674
2014-07-17,10.47,11.1316,-0.6616
2014-07-18,10.76,11.1068,-0.3468
2014-07-21,10.95,11.0986,-0.1486
2014-07-22,10.82,11.1008,-0.2808
2014-07-23,10.86,11.1104,-0.2504
2014-07-24,10.85,11.1232,-0.2732
2014-07-25,10.88,11.1174,-0.2374
2014-07-28,11.69,11.1238,0.5662
2014-07-29,12.18,11.1394,1.0406
2014-07-30,13.49,11.1706,2.3194
2014-07-31,12.69,11.1846,1.5054
2014-08-01,13.08,11.2088,1.8712
2014-08-04,13.19,11.2468,1.9432
2014-08-05,12.42,11.2734,1.1466
2014-08-06,12.09,11.2926,0.7974
2014-08-07,11.54,11.3012,0.2388
2014-08-08,12.9,11.3432,1.5568
2014-08-11,12.39,11.3812,1.0088
2014-08-12,12.51,11.4142,1.0958
2014-08-13,12.92,11.4548,1.4652
2014-08-14,12.57,11.4886,1.0814
2014-08-18,12.27,11.5048,0.7652
2014-08-19,11.47,11.5016,-0.0316
2014-08-20,11.45,11.5002,-0.0502
2014-08-21,12.05,11.5122,0.5378
2014-08-22,11.3,11.5062,-0.2062
2014-08-25,11.53,11.495,0.035
2014-08-26,10.99,11.4808,-0.4908
2014-08-27,10.84,11.4702,-0.6302
2014-08-28,10.79,11.4566,-0.6666
2014-08-29,10.86,11.4548,-0.5948
2014-09-01,11.19,11.449,-0.259
2014-09-02,11.25,11.4538,-0.2038
2014-09-03,11.17,11.4618,-0.2918
2014-09-04,11.24,11.4676,-0.2276
2014-09-05,11.65,11.4834,0.1666
2014-09-11,11.99,11.5016,0.4884
2014-09-12,11.17,11.4954,-0.3254
2014-09-15,11.93,11.509,0.421
2014-09-16,12.05,11.5304,0.5196
2014-09-17,12.15,11.5564,0.5936
2014-09-18,12.2,11.5872,0.6128
2014-09-19,11.65,11.6046,0.0454
2014-09-22,12.34,11.6392,0.7008
2014-09-23,12.14,11.6622,0.4778
2014-09-24,12.13,11.6828,0.4472
2014-09-25,12.15,11.6998,0.4502
2014-09-26,12.3,11.7272,0.5728
2014-09-29,12.62,11.7718,0.8482
2014-09-30,12.69,11.8162,0.8738
2014-10-01,13.16,11.87,1.29
2014-10-02,14.25,11.9398,2.3102
2014-10-06,13.21,11.985,1.225
2014-10-07,12.98,12.0282,0.9518
2014-10-08,13.37,12.0784,1.2916
2014-10-10,15.35,12.1684,3.1816
2014-10-13,15.74,12.2656,3.4744
2014-10-14,16.38,12.3594,4.0206
2014-10-15,15.71,12.43,3.28
2014-10-16,17.07,12.5016,4.5684
2014-10-17,18.65,12.6208,6.0292
2014-10-20,16.17,12.6826,3.4874
2014-10-21,15.99,12.7386,3.2514
2014-10-22,14.89,12.788,2.102
2014-10-23,14.55,12.8372,1.7128
2014-10-24,14.7,12.9004,1.7996
2014-10-27,14.32,12.9288,1.3912
2014-10-28,14.01,12.9612,1.0488
2014-10-29,13.51,12.9812,0.5288
2014-10-30,13.41,12.991,0.419
2014-10-31,13.99,13.0194,0.9706
2014-11-03,14.45,13.063,1.387
2014-11-04,14.86,13.1308,1.7292
2014-11-05,14.44,13.1906,1.2494
2014-11-06,14.35,13.2366,1.1134
2014-11-07,14.29,13.2964,0.9936
2014-11-10,13.98,13.3454,0.6346
2014-11-11,13.73,13.4002,0.3298
2014-11-12,13.73,13.458,0.272
2014-11-13,14.23,13.5268,0.7032
2014-11-14,13.55,13.5806,-0.0306
2014-11-17,13.57,13.6282,-0.0582
2014-11-18,13.01,13.6634,-0.6534
2014-11-19,13,13.7,-0.7
2014-11-20,12.89,13.733,-0.843
2014-11-21,12.63,13.7526,-1.1226
2014-11-24,12.32,13.7592,-1.4392
2014-11-25,12.03,13.7764,-1.7464
2014-11-26,12.02,13.7782,-1.7582
2014-11-27,11.7,13.7712,-2.0712
2014-11-28,11.59,13.76,-2.17
2014-12-01,12.07,13.7574,-1.6874
2014-12-02,11.83,13.761,-1.931
2014-12-03,11.49,13.744,-2.254
2014-12-04,12.16,13.7444,-1.5844
2014-12-05,12.29,13.7476,-1.4576
2014-12-08,12.67,13.758,-1.088
2014-12-09,12.33,13.7586,-1.4286
2014-12-10,13.65,13.7792,-0.1292
2014-12-11,14.43,13.814,0.616
2014-12-12,13.39,13.8186,-0.4286
2014-12-15,13.92,13.812,0.108
2014-12-16,14.96,13.847,1.113
2014-12-17,15.86,13.9046,1.9554
2014-12-18,15.21,13.9414,1.2686
2014-12-19,13.47,13.9038,-0.4338
2014-12-22,12.9,13.847,-0.947
2014-12-23,12.77,13.7748,-1.0048
2014-12-24,12.43,13.7092,-1.2792
2014-12-26,12.32,13.6142,-1.2942
2014-12-29,12.91,13.4994,-0.5894
2014-12-30,12.97,13.4354,-0.4654
2015-01-02,12.5,13.3656,-0.8656
2015-01-05,12.41,13.316,-0.906
2015-01-06,13.88,13.3026,0.5774
2015-01-07,13.72,13.283,0.437
2015-01-08,13.36,13.2638,0.0962
2015-01-09,12.87,13.241,-0.371
2015-01-12,13.36,13.238,0.122
2015-01-13,13.34,13.2366,0.1034
2015-01-14,13.86,13.234,0.626
2015-01-15,13.61,13.2172,0.3928
2015-01-16,14.61,13.2122,1.3978
2015-01-19,14.08,13.205,0.875
2015-01-20,13.85,13.195,0.655
2015-01-21,13.85,13.1862,0.6638
2015-01-22,13.9,13.1846,0.7154
2015-01-23,13.2,13.174,0.026
2015-01-26,13.77,13.1748,0.5952
2015-01-27,13.25,13.1552,0.0948
2015-01-28,13.5,13.1542,0.3458
2015-01-29,13.84,13.1596,0.6804
2015-01-30,13.67,13.1728,0.4972
2015-02-02,14.11,13.195,0.915
2015-02-03,13.67,13.2106,0.4594
2015-02-04,13.14,13.2208,-0.0808
2015-02-05,13.34,13.2412,0.0988
2015-02-06,13.06,13.2618,-0.2018
2015-02-09,12.98,13.281,-0.301
2015-02-10,13.12,13.3094,-0.1894
2015-02-11,12.98,13.3372,-0.3572
2015-02-12,12.74,13.3506,-0.6106
2015-02-13,11.58,13.3456,-1.7656
2015-02-16,11.64,13.3486,-1.7086
2015-02-17,11.69,13.3392,-1.6492
2015-02-23,11.86,13.3306,-1.4706
2015-02-24,11.78,13.3128,-1.5328
2015-02-25,11.43,13.2948,-1.8648
2015-02-26,11.35,13.2488,-1.8988
2015-02-27,11.11,13.1824,-2.0724
2015-03-02,11.13,13.1372,-2.0072
2015-03-03,10.82,13.0752,-2.2552
2015-03-04,10.84,12.9928,-2.1528
2015-03-05,10.9,12.8936,-1.9936
2015-03-06,10.78,12.805,-2.025
2015-03-09,11.68,12.7692,-1.0892
2015-03-10,11.83,12.7478,-0.9178
2015-03-11,12.37,12.7398,-0.3698
2015-03-12,12.73,12.7458,-0.0158
2015-03-13,11.45,12.7284,-1.2784
2015-03-16,11.56,12.7014,-1.1414
2015-03-17,11.56,12.6732,-1.1132
2015-03-18,12.22,12.6676,-0.4476
2015-03-19,11.38,12.647,-1.267
2015-03-20,11.17,12.5928,-1.4228
2015-03-23,11.67,12.5518,-0.8818
2015-03-24,11.6,12.5166,-0.9166
2015-03-25,11.71,12.4934,-0.7834
2015-03-26,11.76,12.4614,-0.7014
2015-03-27,11.31,12.4208,-1.1108
2015-03-30,11.34,12.3704,-1.0304
2015-03-31,11.09,12.32,-1.23
2015-04-01,11.36,12.255,-0.895
2015-04-02,11.28,12.199,-0.919
2015-04-03,11.02,12.1424,-1.1224
2015-04-06,10.92,12.0838,-1.1638
2015-04-07,10.95,12.0248,-1.0748
2015-04-08,11.29,11.9866,-0.6966
2015-04-09,11.12,11.9336,-0.8136
2015-04-10,11.37,11.896,-0.526
2015-04-13,12.05,11.867,0.183
2015-04-14,12.09,11.832,0.258
2015-04-15,11.96,11.7978,0.1622
2015-04-16,12.5,11.7656,0.7344
2015-04-17,12.29,11.738,0.552
2015-04-20,12.61,11.7274,0.8826
2015-04-21,12.03,11.7012,0.3288
2015-04-22,12.32,11.6864,0.6336
2015-04-23,13.52,11.6972,1.8228
2015-04-24,13.1,11.6968,1.4032
2015-04-27,13.21,11.7014,1.5086
2015-04-28,12.48,11.6962,0.7838
2015-04-29,12.26,11.7098,0.5502
2015-04-30,11.76,11.7122,0.0478
2015-05-04,12.1,11.7204,0.3796
2015-05-06,12.4,11.7312,0.6688
2015-05-07,12.13,11.7382,0.3918
2015-05-08,12.54,11.7604,0.7796
2015-05-11,12.71,11.7876,0.9224
2015-05-12,12.72,11.8198,0.9002
2015-05-13,13.06,11.8584,1.2016
2015-05-14,12.76,11.8972,0.8628
2015-05-15,12.14,11.9232,0.2168
2015-05-18,11.62,11.9376,-0.3176
2015-05-19,11.39,11.9498,-0.5598
2015-05-20,11.59,11.948,-0.358
2015-05-21,11.64,11.9442,-0.3042
2015-05-22,11.62,11.9292,-0.3092
2015-05-26,12.36,11.9218,0.4382
2015-05-27,13.1,11.9548,1.1452
2015-05-28,12.84,11.9804,0.8596
2015-05-29,12.59,12.001,0.589
2015-06-01,13.3,12.0226,1.2774
2015-06-02,13.38,12.0626,1.3174
2015-06-03,13.9,12.1172,1.7828
2015-06-04,14.52,12.1742,2.3458
2015-06-05,14.44,12.231,2.209
2015-06-08,15,12.2968,2.7032
2015-06-09,15.54,12.3724,3.1676
2015-06-10,15.26,12.4514,2.8086
2015-06-11,13.82,12.501,1.319
2015-06-12,13.3,12.5452,0.7548
2015-06-15,13.96,12.5972,1.3628
2015-06-16,14.24,12.6564,1.5836
2015-06-17,14.36,12.7232,1.6368
2015-06-18,14.2,12.7888,1.4112
2015-06-19,13.9,12.8478,1.0522
2015-06-22,14.24,12.9068,1.3332
2015-06-23,13.1,12.9464,0.1536
2015-06-24,12.72,12.9734,-0.2534
2015-06-25,12.83,12.989,-0.159
2015-06-26,12.66,13.0004,-0.3404
2015-06-29,14.69,13.055,1.635
2015-06-30,14.45,13.094,1.356
2015-07-01,13.6,13.1202,0.4798
2015-07-02,13.13,13.1306,-0.0006
2015-07-03,13.75,13.165,0.585
2015-07-06,15.4,13.2266,2.1734
2015-07-07,14.51,13.2464,1.2636
2015-07-08,15.65,13.2974,2.3526
2015-07-09,14.92,13.3316,1.5884
2015-07-10,15.41,13.3902,2.0198
2015-07-13,14.92,13.4434,1.4766
2015-07-14,14.18,13.4918,0.6882
2015-07-15,13.4,13.5178,-0.1178
2015-07-16,12.68,13.5234,-0.8434
2015-07-17,12.88,13.5384,-0.6584
2015-07-20,13.24,13.5524,-0.3124
2015-07-21,13.17,13.5616,-0.3916
2015-07-22,13.47,13.5766,-0.1066
2015-07-23,13.13,13.578,-0.448
2015-07-24,13.26,13.588,-0.328
2015-07-27,13.78,13.6208,0.1592
2015-07-28,14.09,13.6702,0.4198
2015-07-29,13.65,13.7154,-0.0654
2015-07-30,13.85,13.7606,0.0894
2015-07-31,13.54,13.7986,-0.2586
2015-08-03,14.03,13.8468,0.1832
2015-08-04,13.32,13.866,-0.546
2015-08-05,12.97,13.8634,-0.8934
2015-08-06,13.67,13.88,-0.21
2015-08-07,13.51,13.8984,-0.3884
2015-08-10,13.7,13.9064,-0.2064
2015-08-11,13.85,13.9158,-0.0658
2015-08-12,14.53,13.9284,0.6016
2015-08-13,13.93,13.9166,0.0134
2015-08-17,14.34,13.9146,0.4254
2015-08-18,14.13,13.8972,0.2328
2015-08-19,14.57,13.8778,0.6922
2015-08-20,14.92,13.871,1.049
2015-08-21,18.51,13.9648,4.5452
2015-08-24,28.58,14.2704,14.3096
2015-08-25,28.05,14.5522,13.4978
2015-08-26,22.99,14.7272,8.2628
2015-08-27,20.33,14.8466,5.4834
2015-08-28,18.34,14.9294,3.4106
2015-08-31,19.75,15.0464,4.7036
2015-09-01,22.09,15.2034,6.8866
2015-09-02,22.4,15.3894,7.0106
2015-09-03,20.41,15.5432,4.8668
2015-09-04,22.74,15.7414,6.9986
2015-09-07,24.14,15.971,8.169
2015-09-08,21.34,16.104,5.236
2015-09-09,18.01,16.1752,1.8348
2015-09-10,20.75,16.3182,4.4318
2015-09-11,19.86,16.4528,3.4072
2015-09-14,21.88,16.6154,5.2646
2015-09-15,22.03,16.748,5.282
2015-09-16,21.23,16.8824,4.3476
2015-09-17,20.76,16.9846,3.7754
2015-09-18,17.5,17.0362,0.4638
2015-09-21,19.91,17.1262,2.7838
2015-09-22,18.31,17.194,1.116
2015-09-23,19.71,17.3046,2.4054
2015-09-24,19.52,17.427,2.093
2015-09-25,19.56,17.5646,1.9954
2015-09-30,20.48,17.7166,2.7634
2015-10-01,18.44,17.8206,0.6194
2015-10-02,18.47,17.9266,0.5434
2015-10-05,17.69,18.011,-0.321
2015-10-06,17.06,18.0896,-1.0296
2015-10-07,15.89,18.1422,-2.2522
2015-10-08,15.97,18.186,-2.216
2015-10-12,16.2,18.2282,-2.0282
2015-10-13,15.96,18.2744,-2.3144
2015-10-14,16.49,18.3272,-1.8372
2015-10-15,15.92,18.3748,-2.4548
2015-10-16,15.84,18.411,-2.571
2015-10-19,16.31,18.4708,-2.1608
2015-10-20,15.49,18.5212,-3.0312
2015-10-21,14.41,18.536,-4.126
2015-10-22,14.5,18.5558,-4.0558
2015-10-23,13.94,18.5606,-4.6206
2015-10-26,14.22,18.568,-4.348
2015-10-27,14.3,18.5634,-4.2634
2015-10-28,14.69,18.5786,-3.8886
2015-10-29,14.7,18.5858,-3.8858
2015-10-30,14.22,18.5876,-4.3676
2015-11-02,14.6,18.5882,-3.9882
2015-11-03,13.52,18.5602,-5.0402
2015-11-04,13.68,18.4636,-4.7836
2015-11-05,13.69,18.1658,-4.4758
2015-11-06,13.98,17.8844,-3.9044
2015-11-09,14.04,17.7054,-3.6654
2015-11-10,15.36,17.606,-2.246
2015-11-11,14.68,17.5328,-2.8528
2015-11-12,14.79,17.4336,-2.6436
2015-11-13,14.9,17.2898,-2.3898
2015-11-16,16.77,17.1772,-0.4072
2015-11-17,14.99,17.0688,-2.0788
2015-11-18,14.97,16.9134,-1.9434
2015-11-19,13.68,16.7042,-3.0242
2015-11-20,13.38,16.545,-3.165
2015-11-23,13.09,16.4466,-3.3566
2015-11-24,12.57,16.283,-3.713
2015-11-25,12.58,16.1374,-3.5574
2015-11-26,12.67,15.9532,-3.2832
2015-11-27,12.86,15.7698,-2.9098
2015-11-30,14.37,15.6326,-1.2626
2015-12-01,13.65,15.4904,-1.8404
2015-12-02,13.92,15.4188,-1.4988
2015-12-03,14.86,15.3178,-0.4578
2015-12-04,15.44,15.2604,0.1796
2015-12-07,15.06,15.1674,-0.1074
2015-12-08,15.73,15.0916,0.6384
2015-12-09,15.66,15.0136,0.6464
2015-12-10,15.88,14.9216,0.9584
2015-12-11,15.39,14.8606,0.5294
2015-12-14,17.14,14.834,2.306
2015-12-15,17.59,14.832,2.758
2015-12-16,16.27,14.8162,1.4538
2015-12-17,14.34,14.7852,-0.4452
2015-12-18,14.16,14.749,-0.589
2015-12-21,15.24,14.7298,0.5102
2015-12-22,14.63,14.7032,-0.0732
2015-12-23,13.33,14.64,-1.31
2015-12-24,13.37,14.589,-1.219
2015-12-28,14.54,14.563,-0.023
2015-12-29,13.9,14.5148,-0.6148
2015-12-30,14.18,14.4886,-0.3086
2016-01-04,16.25,14.5254,1.7246
2016-01-05,15.92,14.5538,1.3662
2016-01-06,16.63,14.6076,2.0224
2016-01-07,19.02,14.7036,4.3164
2016-01-08,17.82,14.774,3.046
2016-01-11,20.06,14.8814,5.1786
2016-01-12,20.48,14.997,5.483
2016-01-13,18.05,15.0736,2.9764
2016-01-14,19.06,15.1628,3.8972
2016-01-15,20.7,15.3064,5.3936
2016-01-18,21.22,15.4572,5.7628
2016-01-19,20.01,15.5836,4.4264
2016-01-20,24.04,15.7848,8.2552
2016-01-21,24.15,15.987,8.163
2016-01-22,20.23,16.0844,4.1456
2016-01-25,19.11,16.173,2.937
2016-01-26,20.41,16.2854,4.1246
2016-01-27,19.19,16.3712,2.8188
2016-01-28,18.77,16.4112,2.3588
2016-01-29,17.93,16.47,1.46
2016-02-01,17.41,16.5188,0.8912
2016-02-02,17.38,16.5928,0.7872
2016-02-03,18.43,16.6938,1.7362
2016-02-04,16.74,16.7668,-0.0268
2016-02-05,18.15,16.8784,1.2716
2016-02-11,22.55,17.0778,5.4722
2016-02-12,23.47,17.2938,6.1762
2016-02-15,21.1,17.4586,3.6414
2016-02-16,19.08,17.5528,1.5272
2016-02-17,18.55,17.6508,0.8992
2016-02-18,17.33,17.719,-0.389
2016-02-19,17.12,17.7642,-0.6442
2016-02-22,16.9,17.7934,-0.8934
2016-02-23,16.61,17.8244,-1.2144
2016-02-24,17.13,17.8524,-0.7224
2016-02-25,16.95,17.8782,-0.9282
2016-02-26,16.82,17.897,-1.077
2016-02-29,17.56,17.9404,-0.3804
2016-03-02,15.31,17.9038,-2.5938
2016-03-03,14.33,17.8386,-3.5086
2016-03-04,14.11,17.7954,-3.6854
2016-03-07,13.96,17.7878,-3.8278
2016-03-08,14.08,17.7862,-3.7062
2016-03-09,14.24,17.7662,-3.5262
2016-03-10,13.63,17.7462,-4.1162
2016-03-11,13.52,17.75,-4.23
2016-03-14,13.9,17.7606,-3.8606
2016-03-15,13.97,17.7492,-3.7792
2016-03-16,14.13,17.7538,-3.6238
2016-03-17,13.26,17.7354,-4.4754
2016-03-18,12.94,17.6692,-4.7292
2016-03-21,13.51,17.621,-4.111
2016-03-22,12.68,17.542,-4.862
2016-03-23,12.71,17.4158,-4.7058
2016-03-24,12.64,17.3122,-4.6722
2016-03-25,12.28,17.1566,-4.8766
2016-03-28,12.78,17.0026,-4.2226
2016-03-29,12.3,16.8876,-4.5876
2016-03-30,11.9,16.7444,-4.8444
2016-03-31,12.33,16.577,-4.247
2016-04-01,13.56,16.4238,-2.8638
2016-04-04,13.25,16.2886,-3.0386
2016-04-05,13.83,16.0844,-2.2544
2016-04-06,13.31,15.8676,-2.5576
2016-04-07,13.06,15.7242,-2.6642
2016-04-08,13.07,15.6034,-2.5334
2016-04-11,13.35,15.4622,-2.1122
2016-04-12,12.51,15.3286,-2.8186
2016-04-14,12.48,15.2028,-2.7228
2016-04-15,12.11,15.0864,-2.9764
2016-04-18,12.93,14.9968,-2.0668
2016-04-19,12.42,14.8976,-2.4776
2016-04-20,12.73,14.7836,-2.0536
2016-04-21,12.19,14.6926,-2.5026
2016-04-22,12.33,14.5762,-2.2462
2016-04-25,12.83,14.3818,-1.5518
2016-04-26,12.49,14.1622,-1.6722
2016-04-27,12.74,13.995,-1.255
2016-04-28,12.74,13.8682,-1.1282
2016-04-29,12.42,13.7456,-1.3256
2016-05-02,12.78,13.6546,-0.8746
2016-05-03,12.51,13.5624,-1.0524
2016-05-04,12.82,13.4808,-0.6608
2016-05-09,13.14,13.4114,-0.2714
2016-05-10,12.61,13.321,-0.711
2016-05-11,12.79,13.2378,-0.4478
2016-05-12,12.05,13.1424,-1.0924
2016-05-13,11.93,13.0298,-1.0998
2016-05-16,11.84,12.9604,-1.1204
2016-05-17,11.7,12.9078,-1.2078
2016-05-18,11.99,12.8654,-0.8754
2016-05-19,12.08,12.8278,-0.7478
2016-05-20,12.1,12.7882,-0.6882
2016-05-23,12.46,12.7526,-0.2926
2016-05-24,12.8,12.736,0.064
2016-05-25,11.91,12.7038,-0.7938
2016-05-26,11.71,12.66,-0.95
2016-05-27,11.55,12.6116,-1.0616
2016-05-30,11.92,12.5674,-0.6474
2016-05-31,11.81,12.5384,-0.7284
2016-06-01,11.67,12.513,-0.843
2016-06-02,11.6,12.4748,-0.8748
2016-06-03,11.81,12.4574,-0.6474
2016-06-07,12.3,12.4492,-0.1492
2016-06-08,12.19,12.4402,-0.2502
2016-06-09,12.08,12.4362,-0.3562
2016-06-10,11.87,12.418,-0.548
2016-06-13,15.08,12.4736,2.6064
2016-06-14,16.1,12.5576,3.5424
2016-06-15,16.21,12.6352,3.5748
2016-06-16,17.44,12.7128,4.7272
2016-06-17,17.73,12.8024,4.9276
2016-06-20,16.4,12.8538,3.5462
2016-06-21,16.1,12.9096,3.1904
2016-06-22,16.71,12.9826,3.7274
2016-06-23,18.17,13.0846,5.0854
2016-06-24,22.53,13.2682,9.2618
2016-06-27,19.47,13.4074,6.0626
2016-06-28,17.39,13.5056,3.8844
2016-06-29,14.67,13.5568,1.1132
2016-06-30,13.9,13.5762,0.3238
2016-07-01,12.91,13.586,-0.676
2016-07-04,12.38,13.579,-1.199
2016-07-05,12.8,13.5912,-0.7912
2016-07-06,14.68,13.6382,1.0418
2016-07-07,13.85,13.6586,0.1914
2016-07-08,14.74,13.7036,1.0364
2016-07-11,14.08,13.7304,0.3496
2016-07-12,14.33,13.7622,0.5678
2016-07-13,14.41,13.802,0.608
2016-07-14,13.95,13.8254,0.1246
2016-07-15,13.35,13.8422,-0.4922
2016-07-18,13.43,13.8544,-0.4244
2016-07-19,13.49,13.8614,-0.3714
2016-07-20,13.04,13.87,-0.83
2016-07-21,12.84,13.871,-1.031
2016-07-22,12.85,13.887,-1.037
2016-07-25,13.02,13.9088,-0.8888
2016-07-26,12.64,13.9248,-1.2848
2016-07-27,12.88,13.9484,-1.0684
2016-07-28,12.68,13.9622,-1.2822
2016-07-29,12.6,13.9726,-1.3726
2016-08-01,12.59,13.9824,-1.3924
2016-08-02,12.58,13.9848,-1.4048
2016-08-03,13.14,13.9916,-0.8516
2016-08-04,12.72,14.0078,-1.2878
2016-08-05,12.56,14.0248,-1.4648
2016-08-08,12.24,14.0386,-1.7986
2016-08-09,11.47,14.0296,-2.5596
2016-08-10,11.68,14.027,-2.347
2016-08-11,11.38,14.0212,-2.6412
2016-08-12,11.2,14.0132,-2.8132
2016-08-16,11.9,14.015,-2.115
2016-08-17,11.82,14.0054,-2.1854
2016-08-18,11.64,13.9944,-2.3544
2016-08-19,11.73,13.9874,-2.2574
2016-08-22,12.35,13.997,-1.647
2016-08-23,11.87,13.9328,-2.0628
2016-08-24,12.03,13.8514,-1.8214
2016-08-25,11.92,13.7656,-1.8456
2016-08-26,12.01,13.657,-1.647
2016-08-29,11.98,13.542,-1.562
2016-08-30,11.49,13.4438,-1.9538
2016-08-31,11.56,13.353,-1.793
2016-09-01,11.65,13.2518,-1.6018
2016-09-02,11.75,13.1234,-1.3734
2016-09-05,11.44,12.9016,-1.4616
2016-09-06,10.84,12.729,-1.889
2016-09-07,11.08,12.6028,-1.5228
2016-09-08,11.13,12.532,-1.402
2016-09-09,11.56,12.4852,-0.9252
2016-09-12,16.47,12.5564,3.9136
2016-09-13,15.71,12.623,3.087
2016-09-19,14.01,12.6472,1.3628
2016-09-20,13.96,12.6328,1.3272
2016-09-21,14.04,12.6366,1.4034
2016-09-22,12.23,12.5864,-0.3564
2016-09-23,11.88,12.5424,-0.6624
2016-09-26,12.68,12.5094,0.1706
2016-09-27,12.54,12.472,0.068
2016-09-28,12.79,12.4488,0.3412
2016-09-29,12.33,12.4284,-0.0984
2016-09-30,14.11,12.442,1.668
2016-10-04,13.88,12.4498,1.4302
2016-10-05,13.94,12.4678,1.4722
2016-10-06,13.83,12.4876,1.3424
2016-10-07,14.24,12.5154,1.7246
2016-10-10,14.47,12.5444,1.9256
2016-10-11,15.46,12.6008,2.8592
2016-10-12,14.75,12.6382,2.1118
2016-10-13,15.19,12.6884,2.5016
2016-10-14,14.11,12.7186,1.3914
2016-10-17,14.55,12.7578,1.7922
2016-10-18,13.92,12.7846,1.1354
2016-10-19,13.65,12.7948,0.8552
2016-10-20,13.35,12.8074,0.5426
2016-10-21,13.18,12.8198,0.3602
2016-10-24,12.8,12.831,-0.031
2016-10-25,12.62,12.854,-0.234
2016-10-26,13.39,12.8882,0.5018
2016-10-27,13.08,12.9222,0.1578
2016-10-28,13.23,12.9628,0.2672
2016-10-31,14.61,13.017,1.593
2016-11-01,14.79,13.0764,1.7136
2016-11-02,17.25,13.1886,4.0614
2016-11-03,16.94,13.2928,3.6472
2016-11-04,18.41,13.414,4.996
2016-11-07,17.7,13.5306,4.1694
2016-11-08,16.52,13.6204,2.8996
2016-11-09,19.26,13.7672,5.4928
2016-11-10,14.23,13.8116,0.4184
2016-11-11,15.04,13.8728,1.1672
2016-11-14,16.74,13.9778,2.7622
2016-11-15,16.23,14.0712,2.1588
2016-11-16,14.93,14.1368,0.7932
2016-11-17,14.08,14.1834,-0.1034
2016-11-18,13.71,14.2288,-0.5188
2016-11-21,13.86,14.2892,-0.4292
2016-11-22,12.85,14.3246,-1.4746
2016-11-23,12.25,14.347,-2.097
2016-11-24,12.42,14.3642,-1.9442
2016-11-25,12.51,14.285,-1.775
2016-11-28,12.78,14.2264,-1.4464
2016-11-29,12.96,14.2054,-1.2454
2016-11-30,12.8,14.1822,-1.3822
2016-12-01,12.94,14.1602,-1.2202
2016-12-02,13.49,14.1854,-0.6954
2016-12-05,13.16,14.211,-1.051
2016-12-06,12.29,14.2032,-1.9132
2016-12-07,11.68,14.186,-2.506
2016-12-08,11.68,14.1638,-2.4838
2016-12-09,11.84,14.154,-2.314
2016-12-12,11.85,14.1088,-2.2588
2016-12-13,11.39,14.059,-2.669
2016-12-14,11.31,14.0064,-2.6964
2016-12-15,11.04,13.9506,-2.9106
2016-12-16,10.92,13.8842,-2.9642
2016-12-19,11.28,13.8204,-2.5404
2016-12-20,11.03,13.7318,-2.7018
2016-12-21,11.08,13.6584,-2.5784
2016-12-22,11.09,13.5764,-2.4864
2016-12-23,11.09,13.516,-2.426
2016-12-26,11.37,13.4524,-2.0824
2016-12-27,11.5,13.404,-1.904
2016-12-28,11.22,13.3554,-2.1354
2016-12-29,11.51,13.3186,-1.8086
2017-01-02,11.68,13.2886,-1.6086
2017-01-03,11.24,13.2574,-2.0174
2017-01-04,10.9,13.223,-2.323
2017-01-05,11.12,13.1776,-2.0576
2017-01-06,11,13.136,-2.136
2017-01-09,11.13,13.094,-1.964
2017-01-10,10.97,13.0212,-2.0512
2017-01-11,11.39,12.9532,-1.5632
2017-01-12,12.03,12.8488,-0.8188
2017-01-13,10.96,12.7292,-1.7692
2017-01-16,11.8,12.597,-0.797
2017-01-17,11.81,12.4792,-0.6692
2017-01-18,12.25,12.3938,-0.1438
2017-01-19,12.56,12.2598,0.3002
2017-01-20,12.72,12.2296,0.4904
2017-01-23,12.91,12.187,0.723
2017-01-24,12.49,12.102,0.388
2017-01-25,12.12,12.0198,0.1002
2017-01-26,11.59,11.953,-0.363
2017-01-31,12.53,11.922,0.608
2017-02-01,12.1,11.8898,0.2102
2017-02-02,12.21,11.8568,0.3532
2017-02-03,11.93,11.8384,0.0916
2017-02-06,11.96,11.8326,0.1274
2017-02-07,11.71,11.8184,-0.1084
2017-02-08,11.31,11.7944,-0.4844
2017-02-09,10.92,11.7572,-0.8372
2017-02-10,10.39,11.7058,-1.3158
2017-02-13,10.49,11.6596,-1.1696
2017-02-14,10.47,11.6102,-1.1402
2017-02-15,10.19,11.5442,-1.3542
2017-02-16,10.14,11.4838,-1.3438
2017-02-17,10.02,11.4384,-1.4184
2017-02-20,10.17,11.4082,-1.2382
2017-02-21,10,11.3746,-1.3746
2017-02-22,9.72,11.3322,-1.6122
2017-02-23,9.79,11.291,-1.501
2017-02-24,10.19,11.267,-1.077
2017-02-27,10.62,11.2532,-0.6332
2017-02-28,10.64,11.2452,-0.6052
2017-03-02,10.55,11.2378,-0.6878
2017-03-03,10.97,11.2316,-0.2616
2017-03-06,11.28,11.2366,0.0434
2017-03-07,11.19,11.2388,-0.0488
2017-03-08,11.3,11.243,0.057
2017-03-09,11.96,11.2604,0.6996
2017-03-10,10.67,11.2464,-0.5764
2017-03-13,10.7,11.2304,-0.5304
2017-03-14,11.11,11.2282,-0.1182
2017-03-15,11.38,11.2256,0.1544
2017-03-16,11.27,11.2174,0.0526
2017-03-17,11.25,11.2176,0.0324
2017-03-20,11.74,11.2344,0.5056
2017-03-21,12.64,11.2648,1.3752
2017-03-22,13.16,11.308,1.852
2017-03-23,12.75,11.3404,1.4096
2017-03-24,12.36,11.3682,0.9918
2017-03-27,12.97,11.3998,1.5702
2017-03-28,12.25,11.4042,0.8458
2017-03-29,11.55,11.416,0.134
2017-03-30,11.2,11.404,-0.204
2017-03-31,11.06,11.389,-0.329
2017-04-03,11.01,11.3642,-0.3542
2017-04-04,10.94,11.3318,-0.3918
2017-04-05,11.1,11.2994,-0.1994
2017-04-06,11.82,11.2776,0.5424
2017-04-07,12.63,11.2804,1.3496
2017-04-10,14.77,11.3334,3.4366
2017-04-11,16.68,11.4352,5.2448
2017-04-12,15.75,11.4996,4.2504
2017-04-13,14.53,11.5482,2.9818
2017-04-14,16.4,11.632,4.768
2017-04-17,15.81,11.7096,4.1004
2017-04-18,15.38,11.778,3.602
2017-04-19,14.87,11.8412,3.0288
2017-04-20,13.3,11.881,1.419
2017-04-21,12.89,11.9204,0.9696
2017-04-24,12.77,11.968,0.802
2017-04-25,12.02,11.9986,0.0214
2017-04-26,12.18,12.0328,0.1472
2017-04-27,11.82,12.0654,-0.2454
2017-04-28,12.27,12.108,0.162
2017-05-02,13.18,12.1712,1.0088
2017-05-04,13.77,12.2432,1.5268
2017-05-08,15.74,12.358,3.382
2017-05-10,16.15,12.4866,3.6634
2017-05-11,14.72,12.5852,2.1348
2017-05-12,12.32,12.6278,-0.3078
2017-05-15,12.89,12.6732,0.2168
2017-05-16,12.51,12.7106,-0.2006
2017-05-17,12.83,12.7562,0.0738
2017-05-18,13.18,12.8004,0.3796
2017-05-19,12.88,12.8324,0.0476
2017-05-22,12.79,12.8644,-0.0744
2017-05-23,12.88,12.896,-0.016
2017-05-24,12.95,12.9158,0.0342
2017-05-25,13.56,12.9736,0.5864
2017-05-26,13.51,13.0298,0.4802
2017-05-29,14.02,13.088,0.932
2017-05-30,13.6,13.1324,0.4676
2017-05-31,13.18,13.1706,0.0094
2017-06-01,12.77,13.201,-0.431
2017-06-02,12.68,13.2198,-0.5398
2017-06-05,12.97,13.2264,-0.2564
2017-06-07,12.89,13.221,-0.331
2017-06-08,12.12,13.2084,-1.0884
2017-06-09,11.43,13.1898,-1.7598
2017-06-12,12.09,13.1722,-1.0822
2017-06-13,11.54,13.158,-1.618
2017-06-14,11.63,13.1596,-1.5296
2017-06-15,11.71,13.1698,-1.4598
2017-06-16,11.46,13.1778,-1.7178
2017-06-19,11.74,13.1924,-1.4524
2017-06-20,11.71,13.2078,-1.4978
2017-06-21,11.63,13.2184,-1.5884
2017-06-22,11.18,13.2056,-2.0256
2017-06-23,11.31,13.1792,-1.8692
2017-06-26,11.87,13.1212,-1.2512
2017-06-27,11.74,13.0224,-1.2824
2017-06-28,11.98,12.947,-0.967
2017-06-29,11.65,12.8894,-1.2394
2017-06-30,12,12.8014,-0.8014
2017-07-03,12.3,12.7312,-0.4312
2017-07-04,14.03,12.7042,1.3258
2017-07-05,13.18,12.6704,0.5096
2017-07-06,12.99,12.6642,0.3258
2017-07-07,12.97,12.6658,0.3042
2017-07-10,12.55,12.6614,-0.1114
2017-07-11,12.09,12.6628,-0.5728
2017-07-12,11.73,12.6538,-0.9238
2017-07-13,10.93,12.636,-1.706
2017-07-14,10.43,12.5992,-2.1692
2017-07-17,10.78,12.5512,-1.7712
2017-07-18,10.74,12.4906,-1.7506
2017-07-19,10.62,12.3882,-1.7682
2017-07-20,10.39,12.273,-1.883
2017-07-21,9.82,12.175,-2.355
2017-07-24,10.06,12.1298,-2.0698
2017-07-25,10.36,12.0792,-1.7192
2017-07-26,10.52,12.0394,-1.5194
2017-07-27,10.38,11.9904,-1.6104
2017-07-28,12.93,11.9854,0.9446
2017-07-31,12.79,11.9836,0.8064
2017-08-01,11.66,11.961,-0.301
2017-08-02,11.41,11.9316,-0.5216
2017-08-03,13.48,11.9422,1.5378
2017-08-04,12.78,11.9266,0.8534
2017-08-07,12.62,11.9088,0.7112
2017-08-08,12.54,11.8792,0.6608
2017-08-09,15.7,11.9212,3.7788
2017-08-10,16.55,11.9886,4.5614
2017-08-11,18.96,12.1124,6.8476
2017-08-14,16.75,12.1938,4.5562
2017-08-16,14.09,12.2162,1.8738
2017-08-17,12.19,12.2022,-0.0122
2017-08-18,13.1,12.2218,0.8782
2017-08-21,13.41,12.2614,1.1486
2017-08-22,12.65,12.2726,0.3774
2017-08-23,12.61,12.294,0.316
2017-08-24,12.17,12.3048,-0.1348
2017-08-25,12.18,12.3142,-0.1342
2017-08-28,13.05,12.346,0.704
2017-08-29,13.72,12.3856,1.3344
2017-08-30,12.94,12.4102,0.5298
2017-08-31,13.64,12.4504,1.1896
2017-09-01,13.36,12.494,0.866
2017-09-04,15.23,12.5724,2.6576
2017-09-05,16.12,12.6574,3.4626
2017-09-06,16.29,12.7484,3.5416
2017-09-07,14.66,12.802,1.858
2017-09-08,14.99,12.8688,2.1212
2017-09-11,13.89,12.9066,0.9834
2017-09-12,13.46,12.9298,0.5302
2017-09-13,13.4,12.9172,0.4828
2017-09-14,11.53,12.8842,-1.3542
2017-09-15,11.12,12.8468,-1.7268
2017-09-18,11.34,12.8142,-1.4742
2017-09-19,11.34,12.79,-1.45
2017-09-20,11.69,12.782,-1.092
2017-09-21,11.56,12.7786,-1.2186
2017-09-22,12.32,12.8064,-0.4864
2017-09-25,12.36,12.845,-0.485
2017-09-26,12.65,12.8824,-0.2324
2017-09-27,12.37,12.915,-0.545
2017-09-28,12.65,12.9556,-0.3056
2017-09-29,13.41,13.016,0.394
2017-10-10,13.86,13.0968,0.7632
2017-10-11,13.2,13.1596,0.0404
2017-10-12,12.18,13.196,-1.016
2017-10-13,11.46,13.2148,-1.7548
2017-10-16,11.92,13.2456,-1.3256
2017-10-17,12,13.227,-1.227
2017-10-18,12.08,13.2128,-1.1328
2017-10-19,12.4,13.2276,-0.8276
2017-10-20,11.93,13.238,-1.308
2017-10-23,12.23,13.213,-0.983
2017-10-24,12.29,13.2032,-0.9132
2017-10-25,12.37,13.1982,-0.8282
2017-10-26,12.57,13.1988,-0.6288
2017-10-27,12.21,13.129,-0.919
2017-10-30,12.39,13.0458,-0.6558
2017-10-31,12.06,12.9078,-0.8478
2017-11-01,12.69,12.8266,-0.1366
2017-11-02,12.99,12.8046,0.1854
2017-11-03,13.09,12.8226,0.2674
2017-11-06,13.79,12.8364,0.9536
2017-11-07,13.92,12.8466,1.0734
2017-11-08,13.22,12.858,0.362
2017-11-09,11.97,12.8452,-0.8752
2017-11-10,11.11,12.824,-1.714
2017-11-13,11.81,12.8166,-1.0066
2017-11-14,11.64,12.7884,-1.1484
2017-11-15,12.03,12.7546,-0.7246
2017-11-16,11.33,12.7224,-1.3924
2017-11-17,11.29,12.6754,-1.3854
2017-11-20,11.79,12.644,-0.854
2017-11-21,11.53,12.57,-1.04
2017-11-22,11.47,12.477,-1.007
2017-11-23,11.5,12.3812,-0.8812
2017-11-24,11.49,12.3178,-0.8278
2017-11-27,12.43,12.2666,0.1634
2017-11-28,12,12.2288,-0.2288
2017-11-29,12.23,12.2042,0.0258
2017-11-30,13.2,12.2002,0.9998
2017-12-01,13.26,12.2348,1.0252
2017-12-04,13.23,12.277,0.953
2017-12-05,12.98,12.3098,0.6702
2017-12-06,13.58,12.3546,1.2254
2017-12-07,13.66,12.394,1.266
2017-12-08,13.04,12.4236,0.6164
2017-12-11,12.46,12.4264,0.0336
2017-12-12,12.16,12.4224,-0.2624
2017-12-13,11.18,12.393,-1.213
2017-12-14,11.76,12.3808,-0.6208
2017-12-15,11.06,12.349,-1.289
2017-12-18,11.4,12.3088,-0.9088
2017-12-19,11.75,12.2666,-0.5166
2017-12-20,11.87,12.24,-0.37
2017-12-21,12.72,12.2508,0.4692
2017-12-22,11.92,12.26,-0.34
2017-12-26,12.93,12.2802,0.6498
2017-12-27,12.9,12.2982,0.6018
2017-12-28,12.06,12.2978,-0.2378
2018-01-02,12.66,12.303,0.357
2018-01-03,12.64,12.3172,0.3228
2018-01-04,12.22,12.317,-0.097
2018-01-05,11.92,12.3096,-0.3896
2018-01-08,12.31,12.3084,0.0016
2018-01-09,12.03,12.2976,-0.2676
2018-01-10,12.12,12.2958,-0.1758
2018-01-11,11.19,12.2718,-1.0818
2018-01-12,11,12.2506,-1.2506
2018-01-15,11.78,12.2324,-0.4524
2018-01-16,11.81,12.2088,-0.3988
2018-01-17,12.21,12.1912,0.0188
2018-01-18,12.53,12.166,0.364
2018-01-19,12.67,12.141,0.529
2018-01-22,13.09,12.1384,0.9516
2018-01-23,12.75,12.154,0.596
2018-01-24,12.76,12.187,0.573
2018-01-25,12.48,12.2004,0.2796
2018-01-26,12.52,12.218,0.302
2018-01-29,13.42,12.2458,1.1742
2018-01-30,14.23,12.3038,1.9262
2018-01-31,14.54,12.3688,2.1712
2018-02-01,13.98,12.4126,1.5674
2018-02-02,14.34,12.4688,1.8712
2018-02-05,16.24,12.5642,3.6758
2018-02-06,22.61,12.7864,9.8236
2018-02-07,23.04,13.0174,10.0226
2018-02-08,18.21,13.133,5.077
2018-02-09,23.73,13.3676,10.3624
2018-02-12,21.67,13.5564,8.1136
2018-02-13,20.14,13.6952,6.4448
2018-02-14,18.52,13.8004,4.7196
2018-02-19,16.66,13.869,2.791
2018-02-20,17.1,13.9514,3.1486
2018-02-21,16.56,14.011,2.549
2018-02-22,16.85,14.0748,2.7752
2018-02-23,15.49,14.1238,1.3662
2018-02-26,15.11,14.1768,0.9332
2018-02-27,14.53,14.2242,0.3058
2018-02-28,15.55,14.3116,1.2384
2018-03-02,17.39,14.4242,2.9658
2018-03-05,18.69,14.5768,4.1132
2018-03-06,16.67,14.6822,1.9878
2018-03-07,17.6,14.7992,2.8008
2018-03-08,15.49,14.8716,0.6184
2018-03-09,14.8,14.9132,-0.1132
2018-03-12,15.13,14.9774,0.1526
2018-03-13,15.05,15.0198,0.0302
2018-03-14,15.16,15.065,0.095
2018-03-15,15.52,15.1342,0.3858
2018-03-16,15.52,15.1914,0.3286
2018-03-19,16.3,15.2646,1.0354
2018-03-20,16.47,15.3496,1.1204
2018-03-21,16.73,15.4458,1.2842
2018-03-22,16.24,15.5244,0.7156
2018-03-23,20.21,15.688,4.522
2018-03-26,19.29,15.8314,3.4586
2018-03-27,18.16,15.9708,2.1892
2018-03-28,19.81,16.147,3.663
2018-03-29,18.94,16.2902,2.6498
2018-03-30,17.54,16.4048,1.1352
2018-04-02,18.3,16.5266,1.7734
2018-04-03,18.61,16.6482,1.9618
2018-04-04,18.86,16.772,2.088
2018-04-05,17.03,16.8508,0.1792
2018-04-06,17.35,16.9428,0.4072
2018-04-09,16.5,17.0176,-0.5176
2018-04-10,15.11,17.0702,-1.9602
2018-04-11,15.65,17.1328,-1.4828
2018-04-12,15.24,17.1692,-1.9292
2018-04-13,13.81,17.1608,-3.3508
2018-04-16,13.91,17.1482,-3.2382
2018-04-17,13.35,17.1356,-3.7856
2018-04-18,12.92,17.1072,-4.1872
2018-04-19,12.6,17.0344,-4.4344
2018-04-20,12.91,16.8404,-3.9304
2018-04-23,13.58,16.6512,-3.0712
2018-04-24,14.3,16.573,-2.273
2018-04-25,14.86,16.3956,-1.5356
2018-04-26,14.57,16.2536,-1.6836
2018-04-27,14.05,16.1318,-2.0818
2018-04-30,13.59,16.0332,-2.4432
2018-05-02,13.63,15.9726,-2.3426
2018-05-03,13.66,15.9038,-2.2438
2018-05-04,13.31,15.8388,-2.5288
2018-05-08,13.39,15.7696,-2.3796
2018-05-09,12.73,15.7144,-2.9844
2018-05-10,11.95,15.6512,-3.7012
2018-05-11,11.25,15.5856,-4.3356
2018-05-14,11.71,15.5088,-3.7988
2018-05-15,12.8,15.417,-2.617
2018-05-16,12.69,15.297,-2.607
2018-05-17,13.09,15.2254,-2.1354
2018-05-18,12.69,15.1272,-2.4372
2018-05-21,12.94,15.0762,-2.1362
2018-05-23,12.82,15.0366,-2.2166
2018-05-24,12.84,14.9908,-2.1508
2018-05-25,12.5,14.9398,-2.4398
2018-05-28,12.55,14.8876,-2.3376
2018-05-29,12.93,14.8358,-1.9058
2018-05-30,15.52,14.8358,0.6842
2018-05-31,14.55,14.8008,-0.2508
2018-06-01,13.18,14.735,-1.555
2018-06-04,12.67,14.6538,-1.9838
2018-06-05,12.51,14.5792,-2.0692
2018-06-07,12.35,14.422,-2.072
2018-06-08,12.96,14.2954,-1.3354
2018-06-11,13.25,14.1972,-0.9472
2018-06-12,12.81,14.0572,-1.2472
2018-06-14,13.18,13.942,-0.762
2018-06-15,13.65,13.8642,-0.2142
2018-06-18,15.09,13.8,1.29
2018-06-19,16.74,13.7626,2.9774
2018-06-20,15.38,13.693,1.687
2018-06-21,15.85,13.6694,2.1806
2018-06-22,15.17,13.6258,1.5442
2018-06-25,15.48,13.6054,1.8746
2018-06-26,15.74,13.618,2.122
2018-06-27,16.08,13.6266,2.4534
2018-06-28,16.7,13.6558,3.0442
2018-06-29,16.04,13.7004,2.3396
2018-07-02,18.34,13.789,4.551
2018-07-03,17.76,13.8772,3.8828
2018-07-04,17.49,13.9686,3.5214
2018-07-05,17.34,14.0634,3.2766
2018-07-06,16.28,14.1308,2.1492
2018-07-09,14.81,14.1554,0.6546
2018-07-10,13.89,14.1472,-0.2572
2018-07-11,14.83,14.1466,0.6834
2018-07-12,14.11,14.1374,-0.0274
2018-07-13,13.06,14.1176,-1.0576
2018-07-16,13.57,14.1172,-0.5472
2018-07-17,13.8,14.1206,-0.3206
2018-07-18,14,14.1274,-0.1274
2018-07-19,14.27,14.1466,0.1234
2018-07-20,13.93,14.1574,-0.2274
2018-07-23,14.66,14.196,0.464
2018-07-24,14.09,14.2388,-0.1488
2018-07-25,13.89,14.2916,-0.4016
2018-07-26,13.17,14.3208,-1.1508
2018-07-27,12.67,14.3182,-1.6482
2018-07-30,13.2,14.3284,-1.1284
2018-07-31,13.05,14.3276,-1.2776
2018-08-01,12.51,14.324,-1.814
2018-08-02,13.47,14.3346,-0.8646
2018-08-03,12.4,14.3262,-1.9262
2018-08-06,12.49,14.3192,-1.8292
2018-08-07,12.04,14.31,-2.27
2018-08-08,12.02,14.2994,-2.2794
2018-08-09,11.44,14.2696,-2.8296
2018-08-10,12.14,14.202,-2.062
2018-08-13,14.21,14.1952,0.0148
2018-08-14,13.13,14.1942,-1.0642
2018-08-16,14.32,14.2272,0.0928
2018-08-17,13.79,14.2528,-0.4628
2018-08-20,13.64,14.2786,-0.6386
2018-08-21,12.43,14.268,-1.838
2018-08-22,12.29,14.2488,-1.9588
2018-08-23,12.01,14.2328,-2.2228
2018-08-24,11.61,14.2014,-2.5914
2018-08-27,11.74,14.1632,-2.4232
2018-08-28,11.66,14.0946,-2.4346
2018-08-29,11.38,13.9874,-2.6074
2018-08-30,11.43,13.9084,-2.4784
2018-08-31,11.64,13.8242,-2.1842
2018-09-03,11.99,13.7606,-1.7706
2018-09-04,11.63,13.6836,-2.0536
2018-09-05,12.6,13.6208,-1.0208
2018-09-06,12.44,13.548,-1.108
2018-09-07,12.72,13.4684,-0.7484
2018-09-10,12.56,13.3988,-0.8388
2018-09-11,12.29,13.2778,-0.9878
2018-09-12,12.01,13.1628,-1.1528
2018-09-13,11.51,13.0432,-1.5332
2018-09-14,10.66,12.9096,-2.2496
2018-09-17,11.56,12.8152,-1.2552
2018-09-18,11.62,12.7514,-1.1314
2018-09-19,11.42,12.702,-1.282
2018-09-20,10.97,12.6248,-1.6548
2018-09-21,11.09,12.5644,-1.4744
2018-09-27,11.35,12.5302,-1.1802
2018-09-28,11.24,12.4836,-1.2436
2018-10-01,11.6,12.4396,-0.8396
2018-10-02,11.81,12.3958,-0.5858
2018-10-04,12.93,12.369,0.561
2018-10-05,13.06,12.3516,0.7084
2018-10-08,14.01,12.3386,1.6714
2018-10-10,14.72,12.3512,2.3688
2018-10-11,19.49,12.4632,7.0268
2018-10-12,17.18,12.5434,4.6366
2018-10-15,18.4,12.658,5.742
2018-10-16,18.05,12.755,5.295
2018-10-17,16.08,12.8156,3.2644
2018-10-18,16.4,12.8934,3.5066
2018-10-19,15.96,12.9432,3.0168
2018-10-22,16.24,13.02,3.22
2018-10-23,19.04,13.151,5.889
2018-10-24,18.93,13.2888,5.6412
2018-10-25,20.68,13.462,7.218
2018-10-26,22.42,13.6816,8.7384
2018-10-29,23.03,13.8994,9.1306
2018-10-30,21.91,14.0534,7.8566
2018-10-31,20.49,14.2006,6.2894
2018-11-01,19.7,14.3082,5.3918
2018-11-02,18.11,14.3946,3.7154
2018-11-05,19.73,14.5164,5.2136
2018-11-06,19.89,14.6656,5.2244
2018-11-07,19.25,14.8048,4.4452
2018-11-08,16.6,14.8966,1.7034
2018-11-09,15.79,14.9802,0.8098
2018-11-12,16.69,15.0792,1.6108
2018-11-13,18.62,15.2184,3.4016
2018-11-14,18.94,15.3696,3.5704
2018-11-15,18.32,15.5074,2.8126
2018-11-16,18.15,15.6376,2.5124
2018-11-19,17.72,15.7522,1.9678
2018-11-20,18.55,15.8906,2.6594
2018-11-21,18.91,16.0168,2.8932
2018-11-22,18.41,16.1362,2.2738
2018-11-23,18.48,16.2514,2.2286
2018-11-26,17.82,16.3566,1.4634
2018-11-27,17.46,16.46,1
2018-11-28,17.54,16.5706,0.9694
2018-11-29,17.99,16.7002,1.2898
2018-11-30,18.57,16.8584,1.7116
2018-12-03,16.62,16.9596,-0.3396
2018-12-04,16.75,17.0622,-0.3122
2018-12-05,17.1,17.1758,-0.0758
2018-12-06,18.96,17.3356,1.6244
2018-12-07,18.15,17.4768,0.6732
2018-12-10,19.82,17.6462,2.1738
2018-12-11,18.62,17.7938,0.8262
2018-12-12,17.25,17.9068,-0.6568
2018-12-13,15.87,17.988,-2.118
2018-12-14,17.65,18.0824,-0.4324
2018-12-17,17.44,18.17,-0.73
2018-12-18,17.98,18.2494,-0.2694
2018-12-19,17.85,18.312,-0.462
2018-12-20,18.57,18.2936,0.2764
2018-12-21,18.67,18.3234,0.3466
2018-12-24,19.49,18.3452,1.1448
2018-12-26,21.74,18.419,3.321
2018-12-27,19.26,18.4826,0.7774
2018-12-28,18.99,18.5344,0.4556
2019-01-02,19.74,18.61,1.13
2019-01-03,19.25,18.6702,0.5798
2019-01-04,17.96,18.6486,-0.6886
2019-01-07,16.67,18.6034,-1.9334
2019-01-08,16.13,18.5124,-2.3824
2019-01-09,15.45,18.373,-2.923
2019-01-10,15.01,18.2126,-3.2026
2019-01-11,14.67,18.0678,-3.3978
2019-01-14,14.97,17.9574,-2.9874
2019-01-15,15.06,17.8646,-2.8046
2019-01-16,14.62,17.7948,-3.1748
2019-01-17,14.98,17.6998,-2.7198
2019-01-18,14.32,17.5884,-3.2684
2019-01-21,14.64,17.4962,-2.8562
2019-01-22,14.93,17.4628,-2.5328
2019-01-23,14.8,17.443,-2.643
2019-01-24,14.03,17.3898,-3.3598
2019-01-25,14.42,17.3058,-2.8858
2019-01-28,14.94,17.2258,-2.2858
2019-01-29,15.18,17.163,-1.983
2019-01-30,16.99,17.1398,-0.1498
2019-01-31,15.51,17.0956,-1.5856
2019-02-01,14.86,17.0218,-2.1618
2019-02-07,14.75,16.9386,-2.1886
2019-02-08,14.83,16.867,-2.037
2019-02-11,14.87,16.7948,-1.9248
2019-02-12,14.88,16.736,-1.856
2019-02-13,15.77,16.7022,-0.9322
2019-02-14,13.76,16.6266,-2.8666
2019-02-15,14.24,16.5516,-2.3116
2019-02-18,14.29,16.466,-2.176
2019-02-19,15.15,16.4366,-1.2866
2019-02-20,14.64,16.3944,-1.7544
2019-02-21,14.53,16.343,-1.813
2019-02-22,14.2,16.2478,-2.0478
2019-02-25,14.59,16.1766,-1.5866
2019-02-26,14.63,16.0728,-1.4428
2019-02-27,14.54,15.9912,-1.4512
2019-02-28,15.49,15.956,-0.466
2019-03-04,15.01,15.9388,-0.9288
2019-03-05,14.75,15.8808,-1.1308
2019-03-06,14.53,15.8226,-1.2926
2019-03-07,14.55,15.754,-1.204
2019-03-08,15.17,15.7004,-0.5304
2019-03-11,15.58,15.6406,-0.0606
2019-03-12,14.6,15.5592,-0.9592
2019-03-13,14.79,15.4652,-0.6752
2019-03-14,13.96,15.3096,-1.3496
2019-03-15,13.6,15.1964,-1.5964
2019-03-18,13.9,15.0946,-1.1946
2019-03-19,13.6,14.9718,-1.3718
2019-03-20,13.95,14.8658,-0.9158
2019-03-21,13.48,14.7762,-1.2962
2019-03-22,13.1,14.7048,-1.6048
2019-03-25,15.06,14.6834,0.3766
2019-03-26,14.82,14.6708,0.1492
2019-03-27,14.67,14.664,0.006
2019-03-28,14.92,14.669,0.251
2019-03-29,14.29,14.6554,-0.3654
2019-04-01,13.73,14.6288,-0.8988
2019-04-02,13.34,14.6032,-1.2632
2019-04-03,13.29,14.5694,-1.2794
2019-04-04,13.6,14.555,-0.955
2019-04-05,13.59,14.534,-0.944
2019-04-08,13.15,14.4984,-1.3484
2019-04-09,12.67,14.4558,-1.7858
2019-04-10,30.4,14.7832,15.6168
2019-04-11,12.29,14.7406,-2.4506
2019-04-12,12.41,14.69,-2.28
2019-04-15,12.92,14.6448,-1.7248
2019-04-16,12.66,14.5582,-1.8982
2019-04-17,12.65,14.501,-1.851
2019-04-18,12.85,14.4608,-1.6108
2019-04-19,12.45,14.4148,-1.9648
2019-04-22,12.89,14.376,-1.486
2019-04-23,12.72,14.333,-1.613
2019-04-24,12.9,14.2934,-1.3934
2019-04-25,12.88,14.2356,-1.3556
2019-04-26,12.98,14.22,-1.24
2019-04-29,13.22,14.1996,-0.9796
2019-04-30,13.28,14.1794,-0.8994
2019-05-02,13.72,14.1508,-0.4308
2019-05-03,13.54,14.1288,-0.5888
2019-05-07,14.61,14.1304,0.4796
2019-05-08,15.83,14.163,1.667
2019-05-09,18.28,14.2368,4.0432
2019-05-10,18.53,14.3148,4.2152
2019-05-13,18.38,14.3916,3.9884
2019-05-14,18.05,14.4428,3.6072
2019-05-15,16.63,14.4752,2.1548
2019-05-16,16.6,14.5122,2.0878
2019-05-17,16.03,14.5422,1.4878
2019-05-20,15.9,14.5692,1.3308
2019-05-21,15.66,14.579,1.081
2019-05-22,16.1,14.5894,1.5106
2019-05-23,16.4,14.6254,1.7746
2019-05-24,16.66,14.6628,1.9972
2019-05-27,17.07,14.725,2.345
2019-05-28,17.01,14.7932,2.2168
2019-05-29,17.32,14.8616,2.4584
2019-05-30,16.67,14.923,1.747
2019-05-31,17.32,14.9904,2.3296
2019-06-03,17.32,15.0672,2.2528
2019-06-04,17.4,15.1532,2.2468
2019-06-05,16.46,15.1812,1.2788
2019-06-07,15.79,15.2006,0.5894
2019-06-10,14.94,15.206,-0.266
2019-06-11,14.85,15.2046,-0.3546
2019-06-12,14.96,15.218,-0.258
2019-06-13,14.89,15.2412,-0.3512
2019-06-14,14.4,15.2624,-0.8624
2019-06-17,14.68,15.2902,-0.6102
2019-06-18,14.54,15.309,-0.769
2019-06-19,14.4,15.3252,-0.9252
2019-06-20,13.67,15.3356,-1.6656
2019-06-21,13.77,15.3576,-1.5876
2019-06-24,13.99,15.0294,-1.0394
2019-06-25,14.09,15.0654,-0.9754
2019-06-26,14.05,15.0982,-1.0482
2019-06-27,13.94,15.1186,-1.1786
2019-06-28,14.43,15.154,-0.724
2019-07-01,14.03,15.1816,-1.1516
2019-07-02,13.41,15.1928,-1.7828
2019-07-03,13.5,15.2138,-1.7138
2019-07-04,13.15,15.219,-2.069
2019-07-05,13.16,15.2278,-2.0678
2019-07-08,14.48,15.2594,-0.7794
2019-07-09,14.43,15.2904,-0.8604
2019-07-10,14.63,15.3234,-0.6934
2019-07-11,13.96,15.3382,-1.3782
2019-07-12,12.81,15.3288,-2.5188
2019-07-15,13.03,15.315,-2.285
2019-07-16,12.57,15.2956,-2.7256
2019-07-17,13.04,15.2642,-2.2242
2019-07-18,13.8,15.2236,-1.4236
2019-07-19,13.11,15.1202,-2.0102
2019-07-22,13.67,15.023,-1.353
2019-07-23,13.16,14.9186,-1.7586
2019-07-24,13.75,14.8326,-1.0826
2019-07-25,14.09,14.7818,-0.6918
2019-07-26,14.34,14.7366,-0.3966
2019-07-29,15.08,14.7176,0.3624
2019-07-30,14.96,14.6988,0.2612
2019-07-31,15.29,14.6914,0.5986
2019-08-01,15.22,14.6738,0.5462
2019-08-02,16.01,14.666,1.344
2019-08-05,19.08,14.7144,4.3656
2019-08-06,20.62,14.7854,5.8346
2019-08-07,19.24,14.83,4.41
2019-08-08,16.47,14.813,1.657
2019-08-09,15.91,14.7978,1.1122
2019-08-12,15.34,14.7582,0.5818
2019-08-13,17.25,14.7568,2.4932
2019-08-14,16.09,14.7306,1.3594
2019-08-16,17.06,14.7426,2.3174
2019-08-19,16.41,14.755,1.655
2019-08-20,14.99,14.756,0.234
2019-08-21,15.18,14.7626,0.4174
2019-08-22,15.23,14.768,0.462
2019-08-23,15.55,14.7812,0.7688
2019-08-26,17.33,14.8398,2.4902
2019-08-27,16.66,14.8794,1.7806
2019-08-28,16.46,14.9178,1.5422
2019-08-29,16.81,14.966,1.844
2019-08-30,15.75,15.0076,0.7424
2019-09-02,16.15,15.0552,1.0948
2019-09-03,16.53,15.106,1.424
2019-09-04,15.97,15.1436,0.8264
2019-09-05,15.07,15.164,-0.094
2019-09-06,14.54,15.176,-0.636
2019-09-09,14.37,15.1748,-0.8048
2019-09-10,13.43,15.1628,-1.7328
2019-09-11,13.5,15.1646,-1.6646
2019-09-16,14.41,15.1828,-0.7728
2019-09-17,14.63,15.2124,-0.5824
2019-09-18,14.76,15.2444,-0.4844
2019-09-19,14.26,15.24,-0.98
2019-09-20,14.08,15.233,-1.153
2019-09-23,14.7,15.2344,-0.5344
2019-09-24,14.69,15.249,-0.559
2019-09-25,15.62,15.3052,0.3148
2019-09-26,15.06,15.3458,-0.2858
2019-09-27,14.85,15.3914,-0.5414
2019-09-30,15.15,15.4336,-0.2836
2019-10-01,14.89,15.4554,-0.5654
2019-10-02,15.86,15.5104,0.3496
2019-10-04,16.31,15.5632,0.7468
2019-10-07,16.25,15.625,0.625
2019-10-08,15.37,15.6574,-0.2874
2019-10-10,15.63,15.6882,-0.0582
2019-10-11,14.84,15.6982,-0.8582
2019-10-14,14.3,15.6826,-1.3826
2019-10-15,13.8,15.6594,-1.8594
2019-10-16,13.27,15.619,-2.349
2019-10-17,13.34,15.5814,-2.2414
2019-10-18,13.85,15.5382,-1.6882
2019-10-21,13.84,15.4334,-1.5934
2019-10-22,13.09,15.2828,-2.1928
2019-10-23,13.22,15.1624,-1.9424
2019-10-24,13.2,15.097,-1.897
2019-10-25,13.42,15.0472,-1.6272
2019-10-28,13.64,15.0132,-1.3732
2019-10-29,13.48,14.9378,-1.4578
2019-10-30,13.85,14.893,-1.043
2019-10-31,13.59,14.8236,-1.2336
2019-11-01,13.22,14.7598,-1.5398
2019-11-04,13.32,14.7264,-1.4064
2019-11-05,13.42,14.6912,-1.2712
2019-11-06,13.89,14.6644,-0.7744
2019-11-07,13.78,14.629,-0.849
2019-11-08,13.79,14.5582,-0.7682
2019-11-11,14.21,14.5092,-0.2992
2019-11-12,13.65,14.453,-0.803
2019-11-13,13.85,14.3938,-0.5438
2019-11-14,13.42,14.3472,-0.9272
2019-11-15,13.11,14.2864,-1.1764
2019-11-18,13.34,14.2226,-0.8826
2019-11-19,13.52,14.1736,-0.6536
2019-11-20,14.11,14.1544,-0.0444
2019-11-21,14.52,14.154,0.366
2019-11-22,13.88,14.1442,-0.2642
2019-11-25,13.91,14.1538,-0.2438
2019-11-26,14.21,14.168,0.042
2019-11-27,13.85,14.1568,-0.3068
2019-11-28,13.77,14.1396,-0.3696
2019-11-29,13.96,14.1236,-0.1636
2019-12-02,13.96,14.1176,-0.1576
2019-12-03,14.26,14.1212,0.1388
2019-12-04,14.37,14.1146,0.2554
2019-12-05,14.55,14.1118,0.4382
2019-12-06,13.91,14.0776,-0.1676
2019-12-09,13.61,14.0486,-0.4386
2019-12-10,13.33,14.0182,-0.6882
2019-12-11,13.4,13.9832,-0.5832
2019-12-12,13.39,13.9532,-0.5632
2019-12-13,13.12,13.8984,-0.7784
2019-12-16,13.27,13.8376,-0.5676
2019-12-17,13.05,13.7736,-0.7236
2019-12-18,13.01,13.7264,-0.7164
2019-12-19,13.2,13.6778,-0.4778
2019-12-20,13.08,13.6426,-0.5626
2019-12-23,13.97,13.636,0.334
2019-12-24,13.81,13.6362,0.1738
2019-12-26,14.15,13.6538,0.4962
2019-12-27,14.13,13.6696,0.4604
2019-12-30,14.69,13.6864,1.0036
2020-01-02,15.4,13.7176,1.6824
2020-01-03,15.88,13.7734,2.1066
2020-01-06,15.88,13.8266,2.0534
2020-01-07,15.08,13.8642,1.2158
2020-01-08,15.97,13.9152,2.0548
2020-01-09,13.58,13.914,-0.334
2020-01-10,12.81,13.9006,-1.0906
2020-01-13,13.26,13.8888,-0.6288
2020-01-14,13.41,13.8852,-0.4752
2020-01-15,13.37,13.8882,-0.5182
2020-01-16,13.58,13.8934,-0.3134
2020-01-17,13.6,13.897,-0.297
2020-01-20,13.64,13.892,-0.252
2020-01-21,14.41,13.9046,0.5054
2020-01-22,14.29,13.9146,0.3754
2020-01-23,15.3,13.9364,1.3636
2020-01-28,18.32,14.0298,4.2902
2020-01-29,16.99,14.0926,2.8974
2020-01-30,18.38,14.1918,4.1882
2020-01-31,19.29,14.3154,4.9746
2020-02-03,19.32,14.435,4.885
2020-02-04,18.39,14.5324,3.8576
2020-02-05,18.23,14.6148,3.6152
2020-02-06,17.81,14.6806,3.1294
2020-02-07,17.53,14.7536,2.7764
2020-02-10,18.22,14.8398,3.3802
2020-02-11,18.16,14.9188,3.2412
2020-02-12,16.95,14.9808,1.9692
2020-02-13,16.68,15.039,1.641
2020-02-14,16.85,15.0968,1.7532
2020-02-17,17.16,15.1608,1.9992
2020-02-18,18.25,15.2406,3.0094
2020-02-19,18.19,15.317,2.873
2020-02-20,18.24,15.3908,2.8492
2020-02-21,19.8,15.5086,4.2914
2020-02-24,23.65,15.7094,7.9406
2020-02-25,22.72,15.8972,6.8228
2020-02-26,25.1,16.1312,8.9688
2020-02-27,26.84,16.4002,10.4398
2020-02-28,33.81,16.814,16.996
2020-03-02,32.66,17.2018,15.4582
2020-03-03,29.49,17.5306,11.9594
2020-03-04,26.76,17.8056,8.9544
2020-03-05,23.66,18.0148,5.6452
2020-03-06,27.47,18.3026,9.1674
2020-03-09,36.21,18.7474,17.4626
2020-03-10,34.8,19.1672,15.6328
2020-03-11,37.6,19.6362,17.9638
2020-03-12,43.07,20.215,22.855
2020-03-13,53.86,20.9984,32.8616
2020-03-16,64.56,21.9816,42.5784
2020-03-17,64.49,22.9538,41.5362
2020-03-18,62.8,23.8922,38.9078
2020-03-19,69.24,24.9754,44.2646
2020-03-20,60.73,25.8706,34.8594
2020-03-23,62.5,26.849,35.651
2020-03-24,53.78,27.6684,26.1116
2020-03-25,49.32,28.3896,20.9304
2020-03-26,52.76,29.1766,23.5834
2020-03-27,54.62,30.0016,24.6184
2020-03-30,54.83,30.8266,24.0034
2020-03-31,48.55,31.5256,17.0244
2020-04-01,50,32.2528,17.7472
2020-04-02,47.24,32.9094,14.3306
2020-04-03,45.34,33.5304,11.8096
2020-04-06,38.26,33.9896,4.2704
2020-04-07,36.14,34.346,1.794
2020-04-08,40.05,34.8072,5.2428
2020-04-09,35.55,35.1506,0.3994
2020-04-10,35.84,35.4816,0.3584
2020-04-13,39.69,35.889,3.801
2020-04-14,36.04,36.242,-0.202
2020-04-16,34.82,36.5738,-1.7538
2020-04-17,31.44,36.8464,-5.4064
2020-04-20,33.29,37.1616,-3.8716
2020-04-21,36.53,37.5278,-0.9978
2020-04-22,36.55,37.8956,-1.3456
2020-04-23,34.46,38.2458,-3.7858
2020-04-24,37.54,38.663,-1.123
2020-04-27,35.15,39.029,-3.879
2020-04-28,32.64,39.3386,-6.6986
2020-04-29,30.51,39.5838,-9.0738
2020-05-04,36.36,39.9472,-3.5872
2020-05-06,31.81,40.2186,-8.4086
2020-05-07,31.31,40.4488,-9.1388
2020-05-08,28.77,40.5512,-11.7812
2020-05-11,29.33,40.6834,-11.3534
2020-05-12,27.79,40.7372,-12.9472
2020-05-13,25.75,40.7154,-14.9654
2020-05-14,26.79,40.575,-13.785
2020-05-15,26.96,40.461,-13.501
2020-05-18,27.04,40.412,-13.372
2020-05-19,25,40.3768,-15.3768
2020-05-20,24.85,40.4006,-15.5506
2020-05-21,23.57,40.3226,-16.7526
2020-05-22,27.74,40.1532,-12.4132
2020-05-25,25.27,39.9626,-14.6926
2020-05-26,23.8,39.6866,-15.8866
2020-05-27,24.47,39.3146,-14.8446
2020-05-28,25.24,38.7422,-13.5022
2020-05-29,25.64,37.9638,-12.3238
2020-06-01,24.94,37.1728,-12.2328
2020-06-02,25,36.4168,-11.4168
2020-06-03,25.74,35.5468,-9.8068
2020-06-04,25.69,34.846,-9.156
2020-06-05,25.45,34.105,-8.655
2020-06-08,27.4,33.5774,-6.1774
2020-06-09,26.53,33.1216,-6.5916
2020-06-10,26.06,32.5876,-6.5276
2020-06-11,26.79,32.031,-5.241
2020-06-12,32.88,31.592,1.288
2020-06-15,39.69,31.4148,8.2752
2020-06-16,35.9,31.1328,4.7672
2020-06-17,37.05,30.929,6.121
2020-06-18,37.3,30.7682,6.5318
2020-06-19,34.04,30.6838,3.3562
2020-06-22,34.03,30.6416,3.3884
2020-06-23,31.73,30.4752,1.2548
2020-06-24,30.2,30.3682,-0.1682
2020-06-25,33.12,30.3138,2.8062
2020-06-26,30.56,30.1312,0.4288
2020-06-29,33.58,30.082,3.498
2020-06-30,31.07,30.007,1.063
2020-07-01,29.9,29.9762,-0.0762
2020-07-02,27.45,29.8594,-2.4094
2020-07-03,24.78,29.6244,-4.8444
2020-07-06,24.02,29.3738,-5.3538
2020-07-07,24.85,29.1816,-4.3316
2020-07-08,25.04,28.9316,-3.8916
2020-07-09,23.38,28.6962,-5.3162
2020-07-10,24.83,28.54,-3.71
2020-07-13,23.63,28.4024,-4.7724
2020-07-14,24.45,28.1642,-3.7142
2020-07-15,23.63,28.0006,-4.3706
2020-07-16,23.48,27.844,-4.364
2020-07-17,22.34,27.7154,-5.3754
2020-07-20,22.37,27.5762,-5.2062
2020-07-21,21.09,27.4422,-6.3522
2020-07-22,20.82,27.3436,-6.5236
2020-07-23,21,27.2278,-6.2278
2020-07-24,22.5,27.1386,-4.6386
2020-07-27,22.96,27.057,-4.097
2020-07-28,22.92,27.0154,-4.0954
2020-07-29,23.33,26.985,-3.655
2020-07-30,22.91,26.9718,-4.0618
2020-07-31,23.57,26.8884,-3.3184
2020-08-03,23.52,26.8534,-3.3334
2020-08-04,22.42,26.8258,-4.4058
2020-08-05,21.58,26.768,-5.188
2020-08-06,22.06,26.7044,-4.6444
2020-08-07,22.07,26.633,-4.563
2020-08-10,22.94,26.593,-3.653
2020-08-11,22.98,26.5526,-3.5726
2020-08-12,22.86,26.495,-3.635
2020-08-13,22.12,26.4236,-4.3036
2020-08-14,22.58,26.3662,-3.7862
2020-08-18,25.21,26.3224,-1.1124
2020-08-19,24.38,26.2794,-1.8994
2020-08-20,28.18,26.3218,1.8582
2020-08-21,26.89,26.3238,0.5662
2020-08-24,26.44,26.195,0.245
2020-08-25,24.63,25.8938,-1.2638
2020-08-26,25.44,25.6846,-0.2446
2020-08-27,27.22,25.488,1.732
2020-08-28,26.4,25.27,1.13
2020-08-31,27.77,25.1446,2.6254
2020-09-01,27.59,25.0158,2.5742
2020-09-02,26.26,24.9064,1.3536
2020-09-03,25.3,24.8084,0.4916
2020-09-04,27.83,24.7026,3.1274
2020-09-07,25.85,24.6084,1.2416
2020-09-08,23.87,24.4142,-0.5442
2020-09-09,24.73,24.2874,0.4426
2020-09-10,22.14,24.1322,-1.9922
2020-09-11,21.68,24.0168,-2.3368
2020-09-14,21.28,23.9468,-2.6668
2020-09-15,20.97,23.8858,-2.9158
2020-09-16,21.05,23.8098,-2.7598
2020-09-17,22.31,23.7552,-1.4452
2020-09-18,21.59,23.7194,-2.1294
2020-09-21,23.31,23.689,-0.379
2020-09-22,25.2,23.7204,1.4796
2020-09-23,24.64,23.7242,0.9158
2020-09-24,27.21,23.7958,3.4142
2020-09-25,26.13,23.8488,2.2812
2020-09-28,25.01,23.9022,1.1078
2020-09-29,24.15,23.9378,0.2122
2020-10-05,23.87,23.9934,-0.1234
2020-10-06,22.29,24.0228,-1.7328
2020-10-07,21.55,24.0338,-2.4838
2020-10-08,21,24.0038,-3.0038
2020-10-12,20.36,23.9518,-3.5918
2020-10-13,20.34,23.9002,-3.5602
2020-10-14,20.97,23.853,-2.883
2020-10-15,21.47,23.8242,-2.3542
2020-10-16,22.03,23.7934,-1.7634
2020-10-19,22.51,23.7732,-1.2632
2020-10-20,22.18,23.7684,-1.5884
2020-10-21,21.88,23.7744,-1.8944
2020-10-22,22.54,23.784,-1.244
2020-10-23,21.9,23.7806,-1.8806
2020-10-26,22.94,23.7806,-0.8406
2020-10-27,23.58,23.7926,-0.2126
2020-10-28,23.29,23.8012,-0.5112
2020-10-29,25.9,23.8768,2.0232
2020-10-30,31.97,24.0646,7.9054
2020-11-02,28.65,24.1334,4.5166
2020-11-03,26.54,24.1766,2.3634
2020-11-04,24.75,24.108,0.642
2020-11-05,22.16,24.0134,-1.8534
2020-11-06,21.74,23.9194,-2.1794
2020-11-09,21.58,23.8584,-2.2784
2020-11-10,21.02,23.77,-2.75
2020-11-11,20.68,23.6392,-2.9592
2020-11-12,19.85,23.5082,-3.6582
2020-11-13,19.77,23.3482,-3.5782
2020-11-16,20.5,23.2064,-2.7064
2020-11-17,19.72,23.0756,-3.3556
2020-11-18,19.63,22.9622,-3.3322
2020-11-19,19.41,22.7938,-3.3838
2020-11-20,19.21,22.661,-3.451
2020-11-23,19.79,22.5794,-2.7894
2020-11-24,19.81,22.481,-2.671
2020-11-25,20.82,22.4546,-1.6346
2020-11-26,20,22.421,-2.421
2020-11-27,19.66,22.3886,-2.7286
2020-11-30,20.77,22.3846,-1.6146
2020-12-01,20.21,22.3678,-2.1578
2020-12-02,20.18,22.3252,-2.1452
2020-12-03,20.02,22.2938,-2.2738
2020-12-04,21.01,22.2478,-1.2378
2020-12-07,21.3,22.1698,-0.8698
2020-12-08,20.7,22.091,-1.391
2020-12-09,20.15,21.9498,-1.7998
2020-12-10,20.03,21.8278,-1.7978
2020-12-11,19.85,21.7246,-1.8746
2020-12-14,21.25,21.6666,-0.4166
2020-12-15,21.27,21.6146,-0.3446
2020-12-16,20.4,21.5768,-1.1768
2020-12-17,19.85,21.5428,-1.6928
2020-12-18,19.57,21.5142,-1.9442
2020-12-21,20.54,21.5178,-0.9778
2020-12-22,22.85,21.568,1.282
2020-12-23,21.52,21.579,-0.059
2020-12-24,21.53,21.5802,-0.0502
2020-12-28,23.14,21.6024,1.5376
2020-12-29,21.63,21.5848,0.0452
2020-12-30,22.09,21.583,0.507
2021-01-04,24.81,21.6416,3.1684
2021-01-05,26.22,21.7152,4.5048
2021-01-06,27.6,21.8292,5.7708
2021-01-07,26.75,21.9054,4.8446
2021-01-08,29.18,22.0174,7.1626
2021-01-11,35.65,22.2646,13.3854
2021-01-12,34.95,22.4456,12.5044
2021-01-13,32,22.4462,9.5538
2021-01-14,29.68,22.4668,7.2132
2021-01-15,31.56,22.5672,8.9928
2021-01-18,33.18,22.7358,10.4442
2021-01-19,34.08,22.9742,11.1058
2021-01-20,33.32,23.2058,10.1142
2021-01-21,30.63,23.3868,7.2432
2021-01-22,29.36,23.5536,5.8064
2021-01-25,28.97,23.7194,5.2506
2021-01-26,29.99,23.9222,6.0678
2021-01-27,29.41,24.115,5.295
2021-01-28,33.09,24.3668,8.7232
2021-01-29,35.73,24.687,11.043
2021-02-01,34.16,24.9776,9.1824
2021-02-02,33.4,25.2574,8.1426
2021-02-03,31.29,25.499,5.791
2021-02-04,32.06,25.7444,6.3156
2021-02-05,28.65,25.9212,2.7288
2021-02-08,27.33,26.0514,1.2786
2021-02-09,25.21,26.1556,-0.9456
2021-02-10,26.43,26.291,0.139
2021-02-15,26.22,26.4,-0.18
2021-02-16,25.08,26.4974,-1.4174
2021-02-17,25.58,26.6054,-1.0254
2021-02-18,26.1,26.727,-0.627
2021-02-19,26.86,26.844,0.016
2021-02-22,27.64,26.9708,0.6692
2021-02-23,27.16,27.1,0.06
2021-02-24,28.93,27.2756,1.6544
2021-02-25,27.92,27.4334,0.4866
2021-02-26,31.34,27.6632,3.6768
2021-03-02,30.97,27.8576,3.1124
2021-03-03,28.31,27.9984,0.3116
2021-03-04,29.5,28.1804,1.3196
2021-03-05,29.09,28.3652,0.7248
2021-03-08,29.48,28.5634,0.9166
2021-03-09,29.78,28.7482,1.0318
2021-03-10,28.85,28.8682,-0.0182
2021-03-11,26.45,28.9668,-2.5168
2021-03-12,25.64,29.049,-3.409
2021-03-15,25.9,29.1042,-3.2042
2021-03-16,24.28,29.1572,-4.8772
2021-03-17,24.53,29.206,-4.676
2021-03-18,22.69,29.1636,-6.4736
2021-03-19,23.61,29.1114,-5.5014
2021-03-22,23.7,29.0334,-5.3334
2021-03-23,23.19,28.9622,-5.7722
2021-03-24,22.71,28.8328,-6.1228
2021-03-25,21.69,28.5536,-6.8636
2021-03-26,20.36,28.2618,-7.9018
2021-03-29,21.01,28.042,-7.032
2021-03-30,20.64,27.8612,-7.2212
2021-03-31,20.44,27.6388,-7.1988
2021-04-01,19.88,27.3728,-7.4928
2021-04-02,19.51,27.0814,-7.5714
2021-04-05,18.97,26.7944,-7.8244
2021-04-06,18.34,26.5486,-8.2086
2021-04-07,17.45,26.3104,-8.8604
2021-04-08,16.19,26.0548,-9.8648
2021-04-09,16.69,25.7888,-9.0988
2021-04-12,16.54,25.5314,-8.9914
2021-04-13,17.11,25.2118,-8.1018
2021-04-14,16.49,24.827,-8.337
2021-04-15,17.6,24.4958,-6.8958
2021-04-16,17.61,24.18,-6.57
2021-04-19,18.04,23.915,-5.875
2021-04-20,17.96,23.633,-5.673
2021-04-21,18.95,23.439,-4.489
2021-04-22,17.86,23.2496,-5.3896
2021-04-23,18.33,23.112,-4.782
2021-04-26,18.36,22.9506,-4.5906
2021-04-27,18.1,22.7882,-4.6882
2021-04-28,18.92,22.665,-3.745
2021-04-29,18.92,22.5318,-3.6118
2021-04-30,18.84,22.3866,-3.5466
2021-05-03,18.09,22.2112,-4.1212
2021-05-04,16.89,21.9962,-5.1062
2021-05-06,17,21.793,-4.793
2021-05-07,16.43,21.543,-5.113
2021-05-10,17.34,21.3314,-3.9914
2021-05-11,20,21.1046,-1.1046
2021-05-12,22.17,20.9286,1.2414
2021-05-13,21.9,20.8004,1.0996
2021-05-14,19.32,20.5968,-1.2768
2021-05-17,19.29,20.4008,-1.1108
2021-05-18,18.23,20.1758,-1.9458
2021-05-20,19.12,19.9626,-0.8426
2021-05-21,20.09,19.7874,0.3026
2021-05-24,20.59,19.6702,0.9198
2021-05-25,18.99,19.5372,-0.5472
2021-05-26,18.68,19.3928,-0.7128
2021-05-27,18.29,19.273,-0.983
2021-05-28,17.31,19.1286,-1.8186
2021-05-31,17.04,19.0156,-1.9756
2021-06-01,16.48,18.873,-2.393
2021-06-02,16.63,18.7316,-2.1016
2021-06-03,17.48,18.6174,-1.1374
2021-06-04,17.43,18.5118,-1.0818
2021-06-07,17.04,18.4188,-1.3788
2021-06-08,16.24,18.3364,-2.0964
2021-06-09,16.58,18.2478,-1.6678
2021-06-10,15.44,18.1438,-2.7038
2021-06-11,14.51,18.0252,-3.5152
2021-06-14,14.46,17.9168,-3.4568
2021-06-15,14.33,17.8132,-3.4832
2021-06-16,14.7,17.7278,-3.0278
2021-06-17,14.98,17.6606,-2.6806
2021-06-18,14.62,17.604,-2.984
2021-06-21,16.28,17.6058,-1.3258
2021-06-22,15.11,17.5742,-2.4642
2021-06-23,14.75,17.5384,-2.7884
2021-06-24,14.84,17.493,-2.653
2021-06-25,14.82,17.4596,-2.6396
2021-06-28,14.8,17.4036,-2.6036
2021-06-29,14.52,17.3418,-2.8218
2021-06-30,14.17,17.2644,-3.0944
2021-07-01,14.33,17.1918,-2.8618
2021-07-02,13.74,17.0876,-3.3476
2021-07-05,13.11,16.9926,-3.8826
2021-07-06,12.71,16.8802,-4.1702
2021-07-07,13.29,16.7788,-3.4888
2021-07-08,14.19,16.7006,-2.5106
2021-07-09,15.12,16.6246,-1.5046
2021-07-12,13.62,16.5186,-2.8986
2021-07-13,12.55,16.3928,-3.8428
2021-07-14,12.97,16.2904,-3.3204
2021-07-15,13.04,16.2134,-3.1734
2021-07-16,13.23,16.138,-2.908
2021-07-19,15.25,16.1144,-0.8644
2021-07-20,15.68,16.0812,-0.4012
2021-07-21,16.12,16.0036,0.1164
2021-07-22,14.6,15.8522,-1.2522
2021-07-23,14.42,15.7026,-1.2826
2021-07-26,16.05,15.6372,0.4128
2021-07-27,15.75,15.5664,0.1836
2021-07-28,16.11,15.524,0.586
2021-07-29,15.58,15.4532,0.1268
2021-07-30,17.3,15.3974,1.9026
2021-08-02,15.77,15.301,0.469
2021-08-03,14.78,15.2168,-0.4368
2021-08-04,14.77,15.1386,-0.3686
2021-08-05,14.53,15.0634,-0.5334
2021-08-06,14.18,15.0008,-0.8208
2021-08-09,14.28,14.9456,-0.6656
2021-08-10,14.52,14.9064,-0.3864
2021-08-11,15.12,14.8762,0.2438
2021-08-12,14.09,14.8084,-0.7184
2021-08-13,15.45,14.7688,0.6812
2021-08-17,16.34,14.7548,1.5852
2021-08-18,15.48,14.7396,0.7404
2021-08-19,17.82,14.7644,3.0556
2021-08-20,18.92,14.834,4.086
2021-08-23,17.29,14.8896,2.4004
2021-08-24,15.62,14.9128,0.7072
2021-08-25,15.48,14.9358,0.5442
2021-08-26,16.15,14.9648,1.1852
2021-08-27,16.17,14.9886,1.1814
2021-08-30,15.88,15.0138,0.8662
2021-08-31,14.76,14.9834,-0.2234
2021-09-01,14.96,14.9804,-0.0204
2021-09-02,15.25,14.9904,0.2596
2021-09-03,14.62,14.986,-0.366
2021-09-06,14.24,14.9744,-0.7344
2021-09-07,14.18,14.962,-0.782
2021-09-08,14.73,14.9662,-0.2362
2021-09-09,16.02,15.0032,1.0168
2021-09-10,15.18,15.0202,0.1598
2021-09-13,15.28,15.051,0.229
2021-09-14,14.67,15.0822,-0.4122
2021-09-15,14.66,15.1212,-0.4612
2021-09-16,15.44,15.1642,0.2758
2021-09-17,15.48,15.19,0.29
2021-09-23,16.72,15.222,1.498
2021-09-24,16.33,15.2762,1.0538
2021-09-27,15.92,15.3436,0.5764
2021-09-28,16.45,15.4132,1.0368
2021-09-29,17.87,15.5098,2.3602
2021-09-30,17.35,15.5922,1.7578
2021-10-01,18.91,15.6654,3.2446
2021-10-05,21.22,15.7762,5.4438
2021-10-06,21.84,15.8906,5.9494
2021-10-07,20.54,16.0094,4.5306
2021-10-08,20.47,16.1304,4.3396
2021-10-12,22.4,16.2574,6.1426
2021-10-13,20.54,16.3532,4.1868
2021-10-14,18.21,16.3952,1.8148
2021-10-15,17.03,16.4242,0.6058
2021-10-18,18.01,16.4384,1.5716
2021-10-19,17.24,16.4678,0.7722
2021-10-20,17.73,16.5268,1.2032
2021-10-21,17.68,16.585,1.095
2021-10-22,17.2,16.6384,0.5616
2021-10-25,17.03,16.6954,0.3346
2021-10-26,16.11,16.732,-0.622
2021-10-27,16.88,16.7792,0.1008
2021-10-28,17.09,16.8186,0.2714
2021-10-29,18.55,16.9078,1.6422
2021-11-01,18.33,16.9654,1.3646
2021-11-02,17.28,16.9842,0.2958
2021-11-03,18.36,17.0418,1.3182
2021-11-04,17.6,17.0374,0.5626
2021-11-05,18.02,17.0194,1.0006
2021-11-08,18.24,17.0384,1.2016
2021-11-09,18,17.086,0.914
2021-11-10,18.19,17.1402,1.0498
2021-11-11,16.98,17.1568,-0.1768
2021-11-12,16.18,17.157,-0.977
2021-11-15,15.9,17.1574,-1.2574
2021-11-16,15.97,17.1816,-1.2116
2021-11-17,16.51,17.2126,-0.7026
2021-11-18,16.74,17.2424,-0.5024
2021-11-19,16.25,17.275,-1.025
2021-11-22,16.17,17.3136,-1.1436
2021-11-23,16.5,17.36,-0.86
2021-11-24,16.27,17.3908,-1.1208
2021-11-25,16.16,17.3936,-1.2336
2021-11-26,18.04,17.4508,0.5892
2021-11-29,20.92,17.5636,3.3564
2021-11-30,23.23,17.7348,5.4952
2021-12-01,20.57,17.853,2.717
2021-12-02,21.02,17.9646,3.0554
2021-12-03,20.09,18.0568,2.0332
2021-12-06,20.91,18.1406,2.7694
2021-12-07,18.48,18.1836,0.2964
2021-12-08,17.69,18.219,-0.529
2021-12-09,16.65,18.223,-1.573
2021-12-10,17.39,18.2134,-0.8234
2021-12-13,18,18.2264,-0.2264
2021-12-14,18.4,18.2162,0.1838
2021-12-15,18.43,18.1604,0.2696
2021-12-16,16.98,18.0632,-1.0832
2021-12-17,17.02,17.9928,-0.9728
2021-12-20,19.52,17.9738,1.5462
2021-12-21,18.32,17.8922,0.4278
2021-12-22,17.42,17.8298,-0.4098
2021-12-23,16.93,17.8042,-0.8742
2021-12-24,16.5,17.7936,-1.2936
2021-12-27,17.46,17.7826,-0.3226
2021-12-28,17.07,17.7792,-0.7092
2021-12-29,16.55,17.7556,-1.2056
2021-12-30,16.5,17.732,-1.232
2022-01-03,16.57,17.7194,-1.1494
2022-01-04,16,17.6988,-1.6988
2022-01-05,16.58,17.7082,-1.1282
2022-01-06,17.52,17.721,-0.201
2022-01-07,16.99,17.719,-0.729
2022-01-10,17.41,17.6962,-0.2862
2022-01-11,17.27,17.675,-0.405
2022-01-12,15.91,17.6476,-1.7376
2022-01-13,15.96,17.5996,-1.6396
2022-01-14,16.97,17.587,-0.617
2022-01-17,17.53,17.5772,-0.0472
2022-01-18,18.16,17.5756,0.5844
2022-01-19,18.76,17.5908,1.1692
2022-01-20,17.99,17.5868,0.4032
2022-01-21,19.36,17.6344,1.7256
2022-01-24,21.48,17.7404,3.7396
2022-01-25,26.26,17.9476,8.3124
2022-01-26,24.83,18.1248,6.7052
2022-01-27,27.94,18.3534,9.5866
2022-01-28,23.97,18.498,5.472
2022-02-03,22.92,18.6314,4.2886
2022-02-04,21.02,18.7284,2.2916
2022-02-07,21.59,18.8302,2.7598
2022-02-08,21.06,18.926,2.134
2022-02-09,19.68,18.9964,0.6836
2022-02-10,19.21,19.0198,0.1902
2022-02-11,20.92,19.0198,1.9002
2022-02-14,23.84,19.032,4.808
2022-02-15,24.62,19.113,5.507
2022-02-16,21.94,19.1314,2.8086
2022-02-17,23.28,19.1952,4.0848
2022-02-18,23.68,19.2506,4.4294
2022-02-21,23.79,19.3568,4.4332
2022-02-22,25.34,19.5098,5.8302
2022-02-23,24.07,19.6582,4.4118
2022-02-24,27.09,19.8522,7.2378
2022-02-25,23.84,19.969,3.871
2022-02-28,24.41,20.0892,4.3208
2022-03-02,24.89,20.2184,4.6716
2022-03-03,22.73,20.3334,2.3966
2022-03-04,24.57,20.4844,4.0856
2022-03-07,27.84,20.6508,7.1892
2022-03-08,28.95,20.8634,8.0866
2022-03-10,25.71,21.0292,4.6808
2022-03-11,24.41,21.1788,3.2312
2022-03-14,24.7,21.3428,3.3572
2022-03-15,25.77,21.509,4.261
2022-03-16,23.74,21.6424,2.0976
2022-03-17,22.55,21.7624,0.7876
2022-03-18,21.93,21.871,0.059
2022-03-21,22.4,21.9876,0.4124
2022-03-22,21.03,22.0882,-1.0582
2022-03-23,19.61,22.1488,-2.5388
2022-03-24,19.73,22.193,-2.463
2022-03-25,19.62,22.2456,-2.6256
2022-03-28,19.6,22.2894,-2.6894
2022-03-29,18.75,22.319,-3.569
2022-03-30,17.88,22.3584,-4.4784
2022-03-31,17.14,22.382,-5.242
2022-04-01,17.07,22.384,-5.314
2022-04-04,16.49,22.3632,-5.8732
2022-04-05,15.91,22.3182,-6.4082
2022-04-06,16.79,22.2788,-5.4888
2022-04-07,17.78,22.2746,-4.4946
2022-04-08,17.1,22.2294,-5.1294
2022-04-11,17.57,22.1512,-4.5812
2022-04-12,18.47,21.9954,-3.5254
2022-04-13,17.02,21.8392,-4.8192
2022-04-14,17.13,21.623,-4.493
2022-04-15,17.77,21.499,-3.729
2022-04-18,18.88,21.4182,-2.5382
2022-04-19,17.69,21.3516,-3.6616
2022-04-20,17.34,21.2666,-3.9266
2022-04-21,16.77,21.1808,-4.4108
2022-04-22,17.75,21.1422,-3.3922
2022-04-25,21.05,21.179,-0.129
2022-04-26,19.94,21.1594,-1.2194
2022-04-27,21.98,21.1222,0.8578
2022-04-28,20.45,21.0388,-0.5888
2022-04-29,18.92,20.9784,-2.0584
2022-05-02,20.5,20.9228,-0.4228
2022-05-03,20.25,20.8542,-0.6042
2022-05-04,19.61,20.7706,-1.1606
2022-05-06,20.87,20.6812,0.1888
2022-05-09,21.39,20.6276,0.7624
2022-05-10,22.11,20.528,1.582
2022-05-11,21.1,20.4732,0.6268
2022-05-12,22.72,20.4394,2.2806
2022-05-13,19.69,20.3354,-0.6454
2022-05-16,20.27,20.2862,-0.0162
2022-05-17,19.06,20.176,-1.116
2022-05-18,18.4,19.9872,-1.5872
2022-05-19,20.42,19.8166,0.6034
2022-05-20,19.1,19.6844,-0.5844
2022-05-23,19.44,19.585,-0.145
2022-05-24,20.61,19.5032,1.1068
2022-05-25,19.89,19.3856,0.5044
2022-05-26,19.91,19.309,0.601
2022-05-27,18.8,19.234,-0.434
2022-05-30,17.74,19.1502,-1.4102
2022-05-31,17.26,19.0474,-1.7874
2022-06-02,17.6,18.9788,-1.3788
2022-06-03,16.87,18.924,-2.054
2022-06-07,18.1,18.8914,-0.7914
2022-06-08,17.1,18.841,-1.741
2022-06-09,17,18.789,-1.789
2022-06-10,18.29,18.7798,-0.4898
2022-06-13,23.3,18.8882,4.4118
2022-06-14,23.74,19.0202,4.7198
2022-06-15,24.27,19.1642,5.1058
2022-06-16,23.72,19.3088,4.4112
2022-06-17,25.79,19.5064,6.2836
2022-06-20,26.37,19.698,6.672
2022-06-21,23.4,19.8104,3.5896
2022-06-22,25.64,19.9812,5.6588
2022-06-23,25.92,20.1482,5.7718
2022-06-24,23.94,20.2576,3.6824
2022-06-27,22.5,20.3672,2.1328
2022-06-28,21.21,20.4488,0.7612
2022-06-29,22.46,20.5426,1.9174
2022-06-30,23.9,20.643,3.257
2022-07-01,23.98,20.7688,3.2112
2022-07-04,24.07,20.9034,3.1666
2022-07-05,22.73,21.0226,1.7074
2022-07-06,24.67,21.161,3.509
2022-07-07,23.6,21.212,2.388
2022-07-08,23,21.2732,1.7268
2022-07-11,23.33,21.3002,2.0298
2022-07-12,23.33,21.3578,1.9722
2022-07-13,23.3,21.4454,1.8546
2022-07-14,23.32,21.5018,1.8182
2022-07-15,22.08,21.5384,0.5416
2022-07-18,20.53,21.5568,-1.0268
2022-07-19,20.74,21.5542,-0.8142
2022-07-20,20.31,21.5326,-1.2226
2022-07-21,20.02,21.4908,-1.4708
2022-07-22,19.71,21.463,-1.753
2022-07-25,19.97,21.408,-1.438
2022-07-26,19.38,21.4018,-2.0218
2022-07-27,19.39,21.3842,-1.9942
2022-07-28,18.36,21.3702,-3.0102
2022-07-29,17.79,21.358,-3.568
2022-08-01,18.22,21.314,-3.094
2022-08-02,19.24,21.3168,-2.0768
2022-08-03,18.45,21.297,-2.847
2022-08-04,17.7,21.2388,-3.5388
2022-08-05,17,21.181,-4.181
2022-08-08,17.15,21.1258,-3.9758
2022-08-09,16.5,21.0798,-4.5798
2022-08-10,17.18,21.0686,-3.8886
2022-08-11,15.74,21.0382,-5.2982
2022-08-12,15.45,20.9952,-5.5452
2022-08-16,15.42,20.9662,-5.5462
2022-08-17,15.51,20.9144,-5.4044
2022-08-18,15.77,20.8878,-5.1178
2022-08-19,15.73,20.8624,-5.1324
2022-08-22,16.76,20.8318,-4.0718
2022-08-23,17.72,20.7202,-3.0002
2022-08-24,17.48,20.595,-3.115
2022-08-25,16.19,20.4334,-4.2434
2022-08-26,16.19,20.2828,-4.0928
2022-08-29,18.72,20.1414,-1.4214
2022-08-30,17.47,19.9634,-2.4934
2022-08-31,17.31,19.8416,-2.5316
2022-09-01,19.2,19.7128,-0.5128
2022-09-02,19.07,19.5758,-0.5058
2022-09-05,18.87,19.4744,-0.6044
2022-09-06,18.49,19.3942,-0.9042
2022-09-07,19.85,19.367,0.483
2022-09-08,19.17,19.3012,-0.1312
2022-09-13,16.68,19.1568,-2.4768
2022-09-14,18.73,19.0518,-0.3218
2022-09-15,18.39,18.9382,-0.5482
2022-09-16,19.13,18.8662,0.2638
2022-09-19,19.64,18.7656,0.8744
2022-09-20,19.28,18.6792,0.6008
2022-09-21,20.8,18.6352,2.1648
2022-09-22,20.47,18.578,1.892
2022-09-23,20.33,18.518,1.812
2022-09-26,24.02,18.5324,5.4876
2022-09-27,23.62,18.5384,5.0816
2022-09-28,26.59,18.6286,7.9614
2022-09-29,25.96,18.7372,7.2228
2022-09-30,27.19,18.8662,8.3238
2022-10-04,24.99,18.9598,6.0302
2022-10-05,24.36,19.0466,5.3134
2022-10-06,23.37,19.1198,4.2502
2022-10-07,23.93,19.199,4.731
2022-10-11,25.78,19.327,6.453
2022-10-12,24.69,19.433,5.257
2022-10-13,27.22,19.6102,7.6098
2022-10-14,23.94,19.7332,4.2068
2022-10-17,24.4,19.8568,4.5432
2022-10-18,22.86,19.9292,2.9308
2022-10-19,23.21,20.0244,3.1856
2022-10-20,24.04,20.1512,3.8888
2022-10-21,23.94,20.29,3.65
2022-10-24,24.62,20.4394,4.1806
2022-10-25,24.23,20.594,3.636
2022-10-26,23.42,20.7188,2.7012
2022-10-27,22.12,20.8464,1.2736
2022-10-28,22.71,20.9916,1.7184
2022-10-31,21.97,21.1226,0.8474
2022-11-01,21.11,21.2346,-0.1246
2022-11-02,21.13,21.3418,-0.2118
2022-11-03,21.21,21.4514,-0.2414
2022-11-04,20.84,21.533,-0.693
2022-11-07,20.82,21.595,-0.775
2022-11-08,19.99,21.6452,-1.6552
2022-11-09,20.1,21.7234,-1.6234
2022-11-10,21.21,21.8238,-0.6138
2022-11-11,19.97,21.8488,-1.8788
2022-11-14,20.32,21.9058,-1.5858
2022-11-15,19.63,21.9522,-2.3222
2022-11-16,19.87,21.9656,-2.0956
2022-11-17,20.09,21.986,-1.896
2022-11-18,19.87,22.006,-2.136
2022-11-21,19.81,22.0324,-2.2224
2022-11-22,19.09,22.0172,-2.9272
2022-11-23,17.92,21.9922,-4.0722
2022-11-24,16.85,21.9956,-5.1456
2022-11-25,16.97,21.9604,-4.9904
2022-11-28,18.12,21.955,-3.835
2022-11-29,17.76,21.9276,-4.1676
2022-11-30,17.78,21.8904,-4.1104
2022-12-01,17.51,21.855,-4.345
2022-12-02,18.49,21.8088,-3.3188
2022-12-05,17.98,21.759,-3.779
2022-12-06,18.19,21.7162,-3.5262
2022-12-07,18.45,21.6048,-3.1548
2022-12-08,18.38,21.5,-3.12
2022-12-09,17.57,21.3196,-3.7496
2022-12-12,18.52,21.1708,-2.6508
2022-12-13,19.09,21.0088,-1.9188
2022-12-14,17.27,20.8544,-3.5844
2022-12-15,16.71,20.7014,-3.9914
2022-12-16,17.03,20.5746,-3.5446
2022-12-19,17.6,20.448,-2.848
2022-12-20,17.98,20.292,-2.312
2022-12-21,17.62,20.1506,-2.5306
2022-12-22,16.6,19.9382,-3.3382
2022-12-23,17.43,19.808,-2.378
2022-12-26,17.46,19.6692,-2.2092
2022-12-27,17.09,19.5538,-2.4638
2022-12-28,17.53,19.4402,-1.9102
2022-12-29,18.4,19.3274,-0.9274
2023-01-02,18.85,19.2256,-0.3756
2023-01-03,18.96,19.1124,-0.1524
2023-01-04,18.17,18.9912,-0.8212
2023-01-05,17.85,18.8798,-1.0298
2023-01-06,17.74,18.7922,-1.0522
2023-01-09,18.48,18.7076,-0.2276
2023-01-10,18.22,18.6326,-0.4126
2023-01-11,17.98,18.57,-0.59
2023-01-12,18.34,18.5142,-0.1742
2023-01-13,17.19,18.4338,-1.2438
2023-01-16,16.88,18.3546,-1.4746
2023-01-17,16.85,18.2752,-1.4252
2023-01-18,16.8,18.2114,-1.4114
2023-01-19,16.89,18.1472,-1.2572
2023-01-20,16.81,18.0592,-1.2492
2023-01-25,16.84,17.9966,-1.1566
2023-01-26,16.53,17.9208,-1.3908
2023-01-27,16.86,17.8654,-1.0054
2023-01-30,17.38,17.8156,-0.4356
2023-01-31,17.75,17.7688,-0.0188
2023-02-01,17.54,17.7222,-0.1822
2023-02-02,17.08,17.6676,-0.5876
2023-02-03,17.01,17.626,-0.616
2023-02-06,17.55,17.6186,-0.0686
2023-02-07,17.31,17.6278,-0.3178
2023-02-08,17.5,17.6384,-0.1384
2023-02-09,17.95,17.635,0.315
2023-02-10,17.53,17.6304,-0.1004
2023-02-13,18.23,17.6394,0.5906
2023-02-14,18.52,17.6596,0.8604
2023-02-15,18.18,17.6534,0.5266
2023-02-16,17.84,17.6506,0.1894
2023-02-17,18.23,17.6514,0.5786
2023-02-20,18.64,17.6552,0.9848
2023-02-21,18.89,17.6654,1.2246
2023-02-22,19.56,17.7052,1.8548
2023-02-23,18.99,17.7146,1.2754
2023-02-24,18.81,17.709,1.101
2023-02-27,19.38,17.7512,1.6288
2023-02-28,18.53,17.7876,0.7424
2023-03-02,18.31,17.8132,0.4968
2023-03-03,17.69,17.815,-0.125
2023-03-06,17.18,17.799,-0.619
2023-03-07,16.95,17.7856,-0.8356
2023-03-08,17.21,17.7978,-0.5878
2023-03-09,16.53,17.7798,-1.2498
2023-03-10,17.56,17.7818,-0.2218
2023-03-13,18.2,17.804,0.396
2023-03-14,21.11,17.8756,3.2344
2023-03-15,18.75,17.8826,0.8674
2023-03-16,19.97,17.905,2.065
2023-03-17,18.26,17.891,0.369
2023-03-20,20.62,17.94,2.68
2023-03-21,19.51,17.9732,1.5368
2023-03-22,18.29,17.9842,0.3058
2023-03-23,17.97,17.974,-0.004
2023-03-24,17.59,17.9614,-0.3714
2023-03-27,17.97,17.9612,0.0088
2023-03-28,16.81,17.9306,-1.1206
2023-03-29,16.15,17.9098,-1.7598
2023-03-30,15.7,17.8862,-2.1862
2023-03-31,15.57,17.8606,-2.2906
2023-04-03,15.88,17.8422,-1.9622
2023-04-04,15.22,17.8088,-2.5888
2023-04-05,15.36,17.7798,-2.4198
2023-04-06,15.87,17.7604,-1.8904
2023-04-07,15.35,17.7368,-2.3868
2023-04-10,15.72,17.714,-1.994
2023-04-11,15.62,17.6788,-2.0588
2023-04-12,15.82,17.6402,-1.8202
2023-04-13,15.52,17.5998,-2.0798
2023-04-14,15.42,17.5666,-2.1466
2023-04-17,15.49,17.5362,-2.0462
2023-04-18,15.17,17.4886,-2.3186
2023-04-19,14.86,17.4396,-2.5796
2023-04-20,14.63,17.3822,-2.7522
2023-04-21,14.62,17.3156,-2.6956
2023-04-24,14.86,17.2622,-2.4022
2023-04-25,15.02,17.198,-2.178
2023-04-26,15.09,17.1294,-2.0394
2023-04-27,14.86,17.063,-2.203
2023-04-28,14.51,16.9964,-2.4864
2023-05-02,14.21,16.916,-2.706
2023-05-03,15.09,16.845,-1.755
2023-05-04,15.27,16.7726,-1.5026
2023-05-08,14.87,16.6788,-1.8088
2023-05-09,14.39,16.5868,-2.1968
2023-05-10,14.77,16.506,-1.736
2023-05-11,14.31,16.4046,-2.0946
2023-05-12,13.93,16.3126,-2.3826
2023-05-15,13.81,16.2226,-2.4126
2023-05-16,13.59,16.1406,-2.5506
2023-05-17,13.52,16.0674,-2.5474
2023-05-18,13.54,15.9992,-2.4592
2023-05-19,14.13,15.9376,-1.8076
2023-05-22,14.74,15.9018,-1.1618
2023-05-23,14.56,15.8418,-1.2818
2023-05-24,14.87,15.7752,-0.9052
2023-05-25,15.07,15.6544,-0.5844
2023-05-26,14.96,15.5786,-0.6186
2023-05-30,14.79,15.475,-0.685
2023-05-31,14.8,15.4058,-0.6058
2023-06-01,14.35,15.2804,-0.9304
2023-06-02,13.96,15.1694,-1.2094
2023-06-05,14.08,15.0852,-1.0052
2023-06-07,13.71,15,-1.29
2023-06-08,13.44,14.917,-1.477
2023-06-09,13.16,14.8208,-1.6608
2023-06-12,13.45,14.7536,-1.3036
2023-06-13,13.76,14.7058,-0.9458
2023-06-14,13.55,14.6628,-1.1128
2023-06-15,13.25,14.6164,-1.3664
2023-06-16,13.13,14.5614,-1.4314
2023-06-19,13.35,14.524,-1.174
2023-06-20,13.02,14.4772,-1.4572
2023-06-21,13.36,14.427,-1.067
2023-06-22,13.24,14.3848,-1.1448
2023-06-23,13.04,14.3312,-1.2912
2023-06-26,13.46,14.288,-0.828
2023-06-27,13.18,14.2352,-1.0552
2023-06-28,13.1,14.1868,-1.0868
2023-06-29,12.93,14.137,-1.207
2023-06-30,12.59,14.079,-1.489
2023-07-03,12.73,14.0302,-1.3002
2023-07-04,12.27,13.9784,-1.7084
2023-07-05,12.37,13.9332,-1.5632
2023-07-06,12.98,13.9004,-0.9204
2023-07-07,14.58,13.8948,0.6852
2023-07-10,14.63,13.887,0.743
2023-07-11,13.82,13.8616,-0.0416
2023-07-12,13.76,13.8396,-0.0796
2023-07-13,13.25,13.8144,-0.5644
2023-07-14,13.19,13.794,-0.604
2023-07-17,13.21,13.7564,-0.5464
2023-07-18,13.07,13.7124,-0.6424
2023-07-19,12.91,13.6732,-0.7632
2023-07-20,13.22,13.6498,-0.4298
2023-07-21,13.35,13.6214,-0.2714
2023-07-24,14.12,13.6176,0.5024
2023-07-25,14.08,13.6206,0.4594
2023-07-26,14.53,13.635,0.895
2023-07-27,13.9,13.6412,0.2588
2023-07-28,14.15,13.6538,0.4962
2023-07-31,14.21,13.6672,0.5428
2023-08-01,14.06,13.6658,0.3942
2023-08-02,15.36,13.6782,1.6818
2023-08-03,15.88,13.7046,2.1754
2023-08-04,15.55,13.7182,1.8318
2023-08-07,15.71,13.731,1.979
2023-08-08,15.4,13.7398,1.6602
2023-08-09,14.15,13.727,0.423
2023-08-10,14,13.711,0.289
2023-08-11,13.44,13.6928,-0.2528
2023-08-14,14.14,13.6964,0.4436
2023-08-16,15.15,13.7178,1.4322
2023-08-17,15.57,13.755,1.815
2023-08-18,16.03,13.8068,2.2232
2023-08-21,16.03,13.8642,2.1658
2023-08-22,15.33,13.9018,1.4282
2023-08-23,14.97,13.926,1.044
2023-08-24,13.94,13.9338,0.0062
2023-08-25,14.86,13.966,0.894
2023-08-28,14.18,13.987,0.193
2023-08-29,13.49,13.9898,-0.4998
2023-08-30,13.05,13.9904,-0.9404
2023-08-31,12.78,13.9788,-1.1988
2023-09-01,12.53,13.9646,-1.4346
2023-09-04,12.49,13.9536,-1.4636
2023-09-05,12.42,13.9328,-1.5128
2023-09-06,12.46,13.9184,-1.4584
2023-09-07,12.69,13.9102,-1.2202
2023-09-08,12.4,13.8996,-1.4996
2023-09-11,12.42,13.8962,-1.4762
2023-09-12,12.4,13.8896,-1.4896
2023-09-13,12.64,13.897,-1.257
2023-09-14,12.02,13.89,-1.87
2023-09-15,11.73,13.865,-2.135
2023-09-18,12.85,13.8304,-0.9804
2023-09-19,12.95,13.7968,-0.8468
2023-09-20,13.03,13.781,-0.751
2023-09-21,13.96,13.785,0.175
2023-09-22,14.18,13.8036,0.3764
2023-09-25,14.1,13.8218,0.2782
2023-09-26,14.74,13.8524,0.8876
2023-09-27,15.08,13.8926,1.1874
2023-10-04,18.09,13.9962,4.0938
2023-10-05,17.34,14.0786,3.2614
2023-10-06,17.39,14.1594,3.2306
2023-10-10,17.56,14.2282,3.3318
2023-10-11,16.74,14.2814,2.4586
2023-10-12,15.7,14.3048,1.3952
2023-10-13,15.95,14.3458,1.6042
2023-10-16,17.07,14.4042,2.6658
2023-10-17,16.18,14.4436,1.7364
2023-10-18,16,14.4824,1.5176
2023-10-19,18.23,14.5398,3.6902
2023-10-20,19.53,14.6128,4.9172
2023-10-23,19.65,14.6948,4.9552
2023-10-24,18.82,14.757,4.063
2023-10-25,18.56,14.8202,3.7398
2023-10-26,21.14,14.96,6.18
2023-10-27,20.02,15.0804,4.9396
2023-10-30,20.03,15.2122,4.8178
2023-10-31,19.89,15.3272,4.5628
2023-11-01,18.79,15.4,3.39
2023-11-02,17.49,15.4384,2.0516
2023-11-03,16.7,15.4518,1.2482
2023-11-06,18.65,15.5042,3.1458
2023-11-07,18.23,15.5622,2.6678
2023-11-08,17.56,15.614,1.946
2023-11-09,16.84,15.672,1.168
2023-11-10,17.13,15.7174,1.4126
2023-11-13,17.68,15.7874,1.8926
2023-11-14,17.35,15.8646,1.4854
2023-11-15,17.24,15.9484,1.2916
2023-11-16,16.98,16.0324,0.9476
2023-11-17,16.55,16.1128,0.4372
2023-11-20,16.68,16.1966,0.4834
2023-11-21,16.18,16.2718,-0.0918
2023-11-22,15.88,16.3402,-0.4602
2023-11-23,15.13,16.389,-1.259
2023-11-24,15.04,16.4418,-1.4018
2023-11-27,15.2,16.4974,-1.2974
2023-11-28,15.35,16.5564,-1.2064
2023-11-29,14.6,16.5956,-1.9956
2023-11-30,14.46,16.6444,-2.1844
2023-12-01,14.5,16.6998,-2.1998
2023-12-04,14.61,16.735,-2.125
2023-12-05,14.84,16.7728,-1.9328
2023-12-06,14.56,16.8034,-2.2434
2023-12-07,16.85,16.8612,-0.0112
2023-12-08,14.76,16.8728,-2.1128
2023-12-11,14.59,16.8826,-2.2926
2023-12-12,14.45,16.8768,-2.4268
2023-12-13,14.3,16.8612,-2.5612
2023-12-14,14.11,16.7816,-2.6716
2023-12-15,13.98,16.7144,-2.7344
2023-12-18,14.27,16.652,-2.382
2023-12-19,13.85,16.5778,-2.7278
2023-12-20,14.78,16.5386,-1.7586
2023-12-21,14.93,16.5232,-1.5932
2023-12-22,14.97,16.5036,-1.5336
2023-12-26,16.25,16.4872,-0.2372
2023-12-27,16.55,16.4946,0.0554
2023-12-28,17.78,16.5302,1.2498
2024-01-02,18.61,16.5378,2.0722
2024-01-03,18.28,16.5128,1.7672
2024-01-04,18.2,16.4838,1.7162
2024-01-05,17.8,16.4634,1.3366
2024-01-08,17.77,16.4476,1.3224
2024-01-09,17.42,16.3732,1.0468
2024-01-10,16.79,16.3086,0.4814
2024-01-11,17.14,16.2508,0.8892
2024-01-12,16.77,16.1884,0.5816
2024-01-15,16.84,16.1494,0.6906
2024-01-16,17.18,16.1432,1.0368
2024-01-17,19.31,16.1954,3.1146
2024-01-18,18.32,16.1888,2.1312
2024-01-19,17.64,16.177,1.463
2024-01-22,18.01,16.186,1.824
2024-01-23,17.39,16.197,1.193
2024-01-24,17.07,16.1958,0.8742
2024-01-25,16.92,16.1806,0.7394
2024-01-26,16.96,16.1728,0.7872
2024-01-29,17.27,16.1734,1.0966
2024-01-30,17.11,16.176,0.934
2024-01-31,17.02,16.1854,0.8346
2024-02-01,16.79,16.1876,0.6024
2024-02-02,17.79,16.2198,1.5702
2024-02-05,18.06,16.2634,1.7966
2024-02-06,17.59,16.3126,1.2774
2024-02-07,17.62,16.3642,1.2558
2024-02-08,17.24,16.405,0.835
2024-02-13,18.02,16.4584,1.5616
2024-02-14,17.98,16.526,1.454
2024-02-15,17.79,16.5926,1.1974
2024-02-16,17.41,16.6508,0.7592
2024-02-19,18.02,16.719,1.301
2024-02-20,18.09,16.784,1.306
2024-02-21,18.5,16.8628,1.6372
2024-02-22,18.22,16.8902,1.3298
2024-02-23,18.31,16.9612,1.3488
2024-02-26,17.94,17.0282,0.9118
2024-02-27,17.16,17.0824,0.0776
2024-02-28,16.83,17.133,-0.303
2024-02-29,16.77,17.1862,-0.4162
2024-03-04,17.33,17.2532,0.0768
2024-03-05,17.13,17.3104,-0.1804
2024-03-06,17.25,17.3784,-0.1284
2024-03-07,17.25,17.4278,-0.1778
2024-03-08,17.25,17.4742,-0.2242
2024-03-11,18.05,17.5358,0.5142
2024-03-12,17.8,17.5668,0.2332
2024-03-13,16.93,17.5744,-0.6444
2024-03-14,16.51,17.549,-1.039
2024-03-15,16.83,17.5134,-0.6834
2024-03-18,17.12,17.4902,-0.3702
2024-03-19,16.78,17.4618,-0.6818
2024-03-20,16.92,17.4442,-0.5242
2024-03-21,17.53,17.4394,0.0906
2024-03-22,17.13,17.4336,-0.3036
2024-03-25,17.35,17.4448,-0.0948
2024-03-26,17.34,17.4488,-0.1088
2024-03-27,17.14,17.4562,-0.3162
2024-03-28,16.88,17.457,-0.577
2024-03-29,16.84,17.4502,-0.6102
2024-04-01,17.13,17.4066,-0.2766
2024-04-02,17.1,17.3822,-0.2822
2024-04-03,17.63,17.382,0.248
2024-04-04,17.2,17.3658,-0.1658
2024-04-05,18.12,17.3804,0.7396
2024-04-08,18.16,17.4022,0.7578
2024-04-09,18.09,17.4256,0.6644
2024-04-11,18.03,17.447,0.583
2024-04-12,17.59,17.4534,0.1366
2024-04-15,18.45,17.4802,0.9698
2024-04-16,19.95,17.5388,2.4112
2024-04-17,20.02,17.6034,2.4166
2024-04-18,19.42,17.636,1.784
2024-04-19,21.22,17.6992,3.5208
2024-04-22,19.8,17.7434,2.0566
2024-04-23,18.93,17.7696,1.1604
2024-04-24,18.02,17.7852,0.2348
2024-04-25,18.82,17.8012,1.0188
2024-04-26,18.32,17.808,0.512
2024-04-29,18.13,17.8148,0.3152
2024-04-30,18.14,17.8294,0.3106
2024-05-01,18.14,17.8318,0.3082
2024-05-02,17.88,17.8276,0.0524
2024-05-03,17.51,17.8078,-0.2978
2024-05-07,17.21,17.7876,-0.5776
2024-05-08,16.46,17.7506,-1.2906
2024-05-09,16.49,17.7216,-1.2316
2024-05-10,16.29,17.7042,-1.4142
2024-05-13,16.6,17.6996,-1.0996
2024-05-14,16.73,17.6988,-0.9688
2024-05-16,15.98,17.6718,-1.6918
2024-05-17,15.98,17.6488,-1.6688
2024-05-20,15.95,17.6228,-1.6728
2024-05-21,15.85,17.5948,-1.7448
2024-05-22,15.71,17.564,-1.854
2024-05-23,15.22,17.5074,-2.2874
2024-05-24,15.43,17.46,-2.03
2024-05-27,15.21,17.4256,-2.2156
2024-05-28,15.07,17.3968,-2.3268
2024-05-29,15.66,17.3734,-1.7134
2024-05-30,16.82,17.3674,-0.5474
2024-05-31,16.9,17.3698,-0.4698
2024-06-03,16.69,17.3652,-0.6752
2024-06-04,16.64,17.3474,-0.7074
2024-06-05,16.56,17.336,-0.776
2024-06-07,16.64,17.3218,-0.6818
2024-06-10,17.17,17.3184,-0.1484
2024-06-11,17.16,17.3188,-0.1588
2024-06-12,17.4,17.3292,0.0708
2024-06-13,16.52,17.3228,-0.8028
2024-06-14,16.03,17.3008,-1.2708
2024-06-17,16.71,17.293,-0.583
2024-06-18,16.34,17.2672,-0.9272
2024-06-19,16.33,17.2498,-0.9198
2024-06-20,16.56,17.2186,-0.6586
2024-06-21,16.52,17.1858,-0.6658
2024-06-24,17.02,17.1644,-0.1444
2024-06-25,16.98,17.1434,-0.1634
2024-06-26,16.74,17.1264,-0.3864
2024-06-27,16.57,17.0888,-0.5188
2024-06-28,16.1,17.0118,-0.9118
2024-07-01,16.05,16.9324,-0.8824
2024-07-02,15.88,16.8616,-0.9816
2024-07-03,15.55,16.7482,-1.1982
2024-07-04,16.36,16.6794,-0.3194
2024-07-05,16.72,16.6352,0.0848
2024-07-08,16.81,16.611,0.199
2024-07-09,16.28,16.5602,-0.2802
2024-07-10,16.08,16.5154,-0.4354
2024-07-11,16.12,16.4752,-0.3552
2024-07-12,16.44,16.4412,-0.0012
2024-07-15,16.47,16.4078,0.0622
2024-07-16,16.34,16.377,-0.037
2024-07-17,16.53,16.3574,0.1726
2024-07-18,16.79,16.349,0.441
2024-07-19,17.27,16.3652,0.9048
2024-07-22,18.39,16.4032,1.9868
2024-07-23,17.47,16.4268,1.0432
2024-07-24,17.42,16.4432,0.9768
2024-07-25,18.77,16.484,2.286
2024-07-26,17.98,16.524,1.456
2024-07-29,17.51,16.5546,0.9554
2024-07-30,17.78,16.5912,1.1888
2024-07-31,17.51,16.6244,0.8856
2024-08-01,17.12,16.6526,0.4674
2024-08-02,21.77,16.7836,4.9864
2024-08-05,45.86,17.3922,28.4678
2024-08-06,43.08,17.9496,25.1304
2024-08-07,30.17,18.2516,11.9184
2024-08-08,29.02,18.5188,10.5012
2024-08-09,26.53,18.713,7.817
2024-08-12,24.49,18.8648,5.6252
2024-08-13,23.64,19.0038,4.6362
2024-08-14,22.1,19.113,2.987
2024-08-16,19.9,19.1798,0.7202
2024-08-19,23.22,19.3114,3.9086
2024-08-20,21.03,19.3886,1.6414
2024-08-21,21.18,19.469,1.711
2024-08-22,21.16,19.5442,1.6158
2024-08-23,21.28,19.6394,1.6406
2024-08-26,20.96,19.738,1.222
2024-08-27,19.76,19.799,-0.039
2024-08-28,19.38,19.8598,-0.4798
2024-08-29,19.8,19.9292,-0.1292
2024-08-30,18.81,19.9742,-1.1642
2024-09-02,19.34,20.0306,-0.6906
2024-09-03,19.73,20.0848,-0.3548
2024-09-04,26.04,20.266,5.774
2024-09-05,25.5,20.4412,5.0588
2024-09-06,26.81,20.646,6.164
2024-09-09,25.61,20.8362,4.7738
2024-09-10,23.84,20.992,2.848
2024-09-11,24.06,21.1556,2.9044
2024-09-12,21.73,21.2792,0.4508
2024-09-13,21.68,21.3856,0.2944
2024-09-19,22.16,21.4944,0.6656
2024-09-20,21,21.5782,-0.5782
2024-09-23,21.49,21.6824,-0.1924
2024-09-24,22.26,21.806,0.454
2024-09-25,23.91,21.9618,1.9482
2024-09-26,25.63,22.1456,3.4844
2024-09-27,25.4,22.3242,3.0758
2024-09-30,25.44,22.5062,2.9338
2024-10-02,25.89,22.6934,3.1966
2024-10-04,25.84,22.8744,2.9656
2024-10-07,25.41,23.0372,2.3728
2024-10-08,25.62,23.1818,2.4382
2024-10-10,23.27,23.2978,-0.0278
2024-10-11,21.99,23.3892,-1.3992
2024-10-14,21.81,23.45,-1.64
2024-10-15,21.24,23.5152,-2.2752
2024-10-16,21.65,23.598,-1.948
2024-10-17,21.09,23.6642,-2.5742
2024-10-18,20.75,23.729,-2.979
2024-10-21,20.9,23.8046,-2.9046
2024-10-22,21.7,23.8032,-2.1032
2024-10-23,21.54,23.3168,-1.7768
2024-10-24,22.09,22.897,-0.807
2024-10-25,22.12,22.736,-0.616
2024-10-28,21.92,22.594,-0.674
2024-10-29,21.44,22.4922,-1.0522
2024-10-30,21.55,22.4334,-0.8834
2024-10-31,22.65,22.4136,0.2364
2024-11-01,22.95,22.4306,0.5194
2024-11-04,22.83,22.4892,0.3408
2024-11-05,22.52,22.4752,0.0448
2024-11-06,20.72,22.469,-1.749
2024-11-07,19.77,22.4408,-2.6708
2024-11-08,19.03,22.3982,-3.3682
